t_us,adc,leadsoff
428280,0,0
430280,0,0
432280,0,0
434288,0,0
436288,0,0
438288,0,0
440288,0,0
442280,0,0
444280,0,0
446280,0,0
448280,0,0
450280,0,0
452280,0,0
454280,0,0
456280,0,0
458280,0,0
460280,0,0
462280,0,0
464280,0,0
466280,0,0
468280,0,0
470280,0,0
472280,0,0
474280,0,0
476288,0,0
478288,0,0
480288,0,0
482288,0,0
484280,0,0
486280,0,0
488280,0,0
490280,0,0
492280,0,0
494280,0,0
496280,0,0
498280,0,0
500280,0,0
502280,0,0
504280,0,0
506280,0,0
508280,0,0
510280,0,0
512288,0,0
514288,0,0
516288,0,0
518280,0,0
520288,0,0
522288,0,0
524280,0,0
526280,0,0
528280,0,0
530280,0,0
532280,0,0
534280,0,0
536280,0,0
538280,0,0
540280,0,0
542280,0,0
544280,0,0
546280,0,0
548280,0,0
550280,0,0
552288,0,0
554280,0,0
556280,0,0
558280,0,0
560280,0,0
562288,0,0
564288,0,0
566288,0,0
568288,0,0
570280,0,0
572280,0,0
574288,0,0
576280,0,0
578280,0,0
580280,0,0
582280,0,0
584280,0,0
586280,0,0
588280,0,0
590280,0,0
592280,0,0
594280,0,0
596280,0,0
598280,0,0
600288,0,0
602280,0,0
604288,0,0
606288,0,0
608280,0,0
610288,0,0
612280,0,0
614288,0,0
616288,0,0
618280,0,0
620280,0,0
622280,0,0
624280,0,0
626280,0,0
628280,0,0
630280,0,0
632288,0,0
634288,0,0
636280,0,0
638280,0,0
640288,0,0
642288,0,0
644280,0,0
646280,0,0
648288,0,0
650288,0,0
652292,0,0
654280,0,0
656280,0,0
658280,0,0
660280,0,0
662280,0,0
664280,0,0
666280,0,0
668280,0,0
670280,0,0
672280,0,0
674280,0,0
676280,0,0
678280,0,0
680280,0,0
682280,0,0
684280,0,0
686280,0,0
688280,0,0
690288,0,0
692288,0,0
694288,0,0
696288,0,0
698280,0,0
700280,0,0
702280,0,0
704280,0,0
706280,0,0
708280,0,0
710280,0,0
712288,0,0
714280,0,0
716280,0,0
718288,0,0
720280,0,0
722280,0,0
724280,0,0
726280,0,0
728280,0,0
730280,0,0
732288,0,0
734288,0,0
736280,0,0
738288,0,0
740280,0,0
742280,0,0
744280,0,0
746280,0,0
748280,0,0
750280,0,0
752280,0,0
754288,0,0
756280,0,0
758280,0,0
760280,0,0
762288,0,0
764280,0,0
766280,0,0
768288,0,0
770288,0,0
772280,0,0
774280,0,0
776280,0,0
778280,0,0
780292,0,0
782280,0,0
784280,0,0
786280,0,0
788280,0,0
790280,0,0
792288,0,0
794280,0,0
796280,0,0
798280,0,0
800288,0,0
802280,0,0
804280,0,0
806280,0,0
808288,0,0
810280,0,0
812280,0,0
814280,0,0
816280,0,0
818280,0,0
820280,0,0
822288,0,0
824288,0,0
826280,0,0
828280,0,0
830280,0,0
832280,0,0
834280,0,0
836280,0,0
838280,0,0
840280,0,0
842280,0,0
844280,0,0
846280,0,0
848280,0,0
850280,0,0
852280,0,0
854280,0,0
856280,0,0
858280,0,0
860288,0,0
862288,0,0
864288,0,0
866288,0,0
868280,0,0
870280,0,0
872288,0,0
874280,0,0
876280,0,0
878280,0,0
880280,0,0
882280,0,0
884280,0,0
886280,0,0
888280,0,0
890280,0,0
892280,0,0
894280,0,0
896288,0,0
898280,0,0
900280,0,0
902280,0,0
904288,0,0
906288,0,0
908292,0,0
910280,0,0
912280,0,0
914280,0,0
916280,0,0
918280,0,0
920288,0,0
922280,0,0
924280,0,0
926280,0,0
928280,0,0
930280,0,0
932280,0,0
934280,0,0
936288,0,0
938280,0,0
940280,0,0
942280,0,0
944280,0,0
946280,0,0
948280,0,0
950280,0,0
952280,0,0
954288,0,0
956280,0,0
958288,0,0
960288,0,0
962280,0,0
964280,0,0
966280,0,0
968280,0,0
970280,0,0
972280,0,0
974288,0,0
976280,0,0
978280,0,0
980280,0,0
982288,0,0
984280,0,0
986280,0,0
988288,0,0
990288,0,0
992288,0,0
994288,0,0
996280,0,0
998280,0,0
1000288,0,0
1002280,0,0
1004280,0,0
1006280,0,0
1008280,0,0
1010280,0,0
1012288,0,0
1014280,0,0
1016288,0,0
1018280,0,0
1020288,0,0
1022280,0,0
1024288,0,0
1026288,0,0
1028288,0,0
1030280,0,0
1032288,0,0
1034288,0,0
1036292,0,0
1038280,0,0
1040280,0,0
1042280,0,0
1044280,0,0
1046280,0,0
1048280,0,0
1050280,0,0
1052280,0,0
1054280,0,0
1056280,0,0
1058280,0,0
1060280,0,0
1062280,0,0
1064288,0,0
1066280,0,0
1068280,0,0
1070280,0,0
1072280,0,0
1074288,0,0
1076288,0,0
1078288,0,0
1080288,0,0
1082280,0,0
1084280,0,0
1086280,0,0
1088280,0,0
1090280,0,0
1092280,0,0
1094280,0,0
1096288,0,0
1098280,0,0
1100280,0,0
1102288,0,0
1104280,0,0
1106280,0,0
1108280,0,0
1110288,0,0
1112280,0,0
1114288,0,0
1116288,0,0
1118280,0,0
1120280,0,0
1122280,0,0
1124288,0,0
1126280,0,0
1128288,0,0
1130280,0,0
1132280,0,0
1134280,0,0
1136288,0,0
1138280,0,0
1140280,0,0
1142280,0,0
1144288,0,0
1146280,0,0
1148288,0,0
1150280,0,0
1152288,0,0
1154280,0,0
1156280,0,0
1158280,0,0
1160280,0,0
1162288,0,0
1164292,0,0
1166280,0,0
1168280,14,0
1170280,43,0
1172280,68,0
1174288,89,0
1176288,105,0
1178288,119,0
1180280,134,0
1182288,151,0
1184288,165,0
1186280,176,0
1188288,181,0
1190280,180,0
1192288,177,0
1194280,178,0
1196288,184,0
1198280,197,0
1200288,213,0
1202288,226,0
1204280,232,0
1206280,232,0
1208280,229,0
1210288,226,0
1212280,229,0
1214288,240,0
1216288,255,0
1218280,271,0
1220288,282,0
1222280,287,0
1224288,288,0
1226280,289,0
1228288,295,0
1230288,307,0
1232280,322,0
1234280,339,0
1236280,352,0
1238288,359,0
1240288,361,0
1242280,361,0
1244288,364,0
1246288,374,0
1248280,389,0
1250280,406,0
1252288,420,0
1254280,428,0
1256288,430,0
1258280,428,0
1260288,428,0
1262280,433,0
1264288,444,0
1266288,459,0
1268288,472,0
1270288,480,0
1272288,480,0
1274288,474,0
1276288,468,0
1278288,467,0
1280288,473,0
1282280,483,0
1284280,495,0
1286280,501,0
1288280,502,0
1290280,498,0
1292292,491,0
1294280,488,0
1296280,490,0
1298280,498,0
1300280,507,0
1302288,514,0
1304288,514,0
1306288,509,0
1308280,500,0
1310288,492,0
1312288,490,0
1314280,495,0
1316280,503,0
1318280,511,0
1320288,512,0
1322280,507,0
1324280,496,0
1326280,485,0
1328280,479,0
1330280,478,0
1332280,481,0
1334288,485,0
1336288,484,0
1338280,477,0
1340280,465,0
1342288,454,0
1344280,445,0
1346280,440,0
1348280,439,0
1350280,438,0
1352288,434,0
1354280,425,0
1356280,410,0
1358288,394,0
1360280,382,0
1362280,375,0
1364280,375,0
1366280,376,0
1368288,375,0
1370280,368,0
1372288,355,0
1374288,338,0
1376280,322,0
1378288,310,0
1380288,305,0
1382280,305,0
1384288,304,0
1386280,300,0
1388288,288,0
1390280,271,0
1392288,252,0
1394288,236,0
1396280,226,0
1398288,220,0
1400280,214,0
1402288,206,0
1404280,190,0
1406288,168,0
1408288,144,0
1410280,121,0
1412288,104,0
1414280,92,0
1416280,84,0
1418280,75,0
1420280,61,0
1422288,42,0
1424280,21,0
1426280,1,0
1428280,0,0
1430288,0,0
1432288,0,0
1434288,0,0
1436280,0,0
1438280,0,0
1440288,0,0
1442280,0,0
1444280,0,0
1446280,0,0
1448288,0,0
1450280,0,0
1452280,0,0
1454280,0,0
1456280,0,0
1458280,0,0
1460280,0,0
1462280,0,0
1464280,0,0
1466288,0,0
1468280,0,0
1470288,0,0
1472288,0,0
1474280,0,0
1476288,0,0
1478280,0,0
1480288,0,0
1482280,0,0
1484280,0,0
1486288,0,0
1488280,0,0
1490280,0,0
1492280,0,0
1494288,0,0
1496280,0,0
1498280,0,0
1500288,0,0
1502288,0,0
1504280,0,0
1506280,0,0
1508288,0,0
1510280,0,0
1512288,0,0
1514280,0,0
1516288,0,0
1518280,0,0
1520288,0,0
1522280,0,0
1524288,0,0
1526280,0,0
1528288,0,0
1530280,0,0
1532288,0,0
1534288,0,0
1536288,0,0
1538280,0,0
1540280,0,0
1542280,0,0
1544280,0,0
1546280,0,0
1548280,0,0
1550288,0,0
1552280,0,0
1554288,0,0
1556280,0,0
1558288,0,0
1560280,0,0
1562288,0,0
1564280,0,0
1566280,0,0
1568288,0,0
1570280,0,0
1572288,0,0
1574280,0,0
1576288,0,0
1578280,0,0
1580288,0,0
1582280,0,0
1584288,0,0
1586280,0,0
1588280,0,0
1590280,0,0
1592280,0,0
1594288,0,0
1596280,0,0
1598288,0,0
1600288,0,0
1602280,0,0
1604280,0,0
1606280,0,0
1608288,0,0
1610280,0,0
1612280,0,0
1614288,0,0
1616280,0,0
1618280,0,0
1620280,0,0
1622288,0,0
1624280,0,0
1626288,0,0
1628288,0,0
1630288,0,0
1632280,0,0
1634280,0,0
1636288,0,0
1638280,0,0
1640288,0,0
1642280,0,0
1644280,0,0
1646280,0,0
1648280,0,0
1650280,0,0
1652280,0,0
1654280,0,0
1656280,0,0
1658280,0,0
1660280,0,0
1662280,0,0
1664288,0,0
1666288,0,0
1668280,0,0
1670280,0,0
1672280,0,0
1674288,0,0
1676292,0,0
1678280,0,0
1680280,0,0
1682280,0,0
1684280,0,0
1686280,0,0
1688280,0,0
1690280,0,0
1692280,0,0
1694280,0,0
1696280,0,0
1698280,0,0
1700280,0,0
1702280,0,0
1704288,0,0
1706280,0,0
1708280,0,0
1710280,0,0
1712280,0,0
1714280,0,0
1716280,0,0
1718280,0,0
1720280,0,0
1722288,0,0
1724280,0,0
1726280,0,0
1728280,0,0
1730280,0,0
1732280,0,0
1734280,0,0
1736288,0,0
1738280,0,0
1740280,0,0
1742288,0,0
1744280,0,0
1746280,0,0
1748280,0,0
1750288,0,0
1752280,0,0
1754280,0,0
1756288,0,0
1758288,0,0
1760280,0,0
1762288,0,0
1764280,0,0
1766280,0,0
1768288,0,0
1770280,0,0
1772280,0,0
1774280,0,0
1776280,0,0
1778288,0,0
1780280,0,0
1782288,0,0
1784280,0,0
1786288,0,0
1788280,0,0
1790288,0,0
1792288,0,0
1794280,0,0
1796280,0,0
1798280,0,0
1800280,0,0
1802280,0,0
1804292,0,0
1806280,0,0
1808280,0,0
1810280,0,0
1812280,0,0
1814280,0,0
1816288,0,0
1818280,0,0
1820280,0,0
1822280,0,0
1824288,6,0
1826280,23,0
1828280,48,0
1830280,77,0
1832288,104,0
1834280,125,0
1836288,137,0
1838288,143,0
1840288,145,0
1842280,151,0
1844280,164,0
1846280,182,0
1848280,203,0
1850280,222,0
1852280,236,0
1854288,244,0
1856280,249,0
1858280,255,0
1860288,266,0
1862280,283,0
1864288,304,0
1866280,321,0
1868288,335,0
1870288,342,0
1872280,345,0
1874288,348,0
1876280,354,0
1878288,366,0
1880288,385,0
1882288,403,0
1884288,417,0
1886288,424,0
1888280,427,0
1890280,427,0
1892288,429,0
1894280,438,0
1896288,453,0
1898280,470,0
1900288,485,0
1902280,494,0
1904288,496,0
1906288,495,0
1908288,495,0
1910288,500,0
1912288,511,0
1914288,523,0
1916288,535,0
1918288,541,0
1920280,542,0
1922280,540,0
1924288,538,0
1926288,540,0
1928280,547,0
1930280,558,0
1932280,569,0
1934288,575,0
1936288,575,0
1938280,570,0
1940288,562,0
1942288,558,0
1944288,558,0
1946288,564,0
1948280,572,0
1950288,577,0
1952288,577,0
1954280,570,0
1956288,560,0
1958288,551,0
1960288,548,0
1962288,549,0
1964288,555,0
1966288,561,0
1968280,563,0
1970280,559,0
1972280,551,0
1974280,545,0
1976280,541,0
1978288,543,0
1980280,549,0
1982288,555,0
1984288,558,0
1986280,555,0
1988288,550,0
1990288,545,0
1992288,546,0
1994288,553,0
1996288,567,0
1998288,581,0
2000288,591,0
2002280,594,0
2004288,593,0
2006288,591,0
2008288,592,0
2010288,599,0
2012288,611,0
2014280,626,0
2016280,640,0
2018280,649,0
2020288,651,0
2022280,648,0
2024288,647,0
2026280,650,0
2028288,660,0
2030280,675,0
2032288,690,0
2034288,700,0
2036288,703,0
2038288,702,0
2040288,701,0
2042288,704,0
2044288,713,0
2046288,722,0
2048288,725,0
2050288,725,0
2052280,725,0
2054280,725,0
2056280,724,0
2058280,725,0
2060292,725,0
2062280,726,0
2064280,727,0
2066280,727,0
2068280,727,0
2070288,727,0
2072280,727,0
2074288,727,0
2076280,727,0
2078288,728,0
2080288,728,0
2082280,728,0
2084280,728,0
2086280,728,0
2088288,728,0
2090280,728,0
2092280,728,0
2094280,728,0
2096280,728,0
2098280,729,0
2100280,728,0
2102280,728,0
2104280,728,0
2106288,728,0
2108280,728,0
2110288,728,0
2112288,728,0
2114280,728,0
2116288,728,0
2118280,728,0
2120288,728,0
2122280,728,0
2124288,728,0
2126288,728,0
2128280,729,0
2130288,729,0
2132280,729,0
2134288,729,0
2136288,729,0
2138280,729,0
2140288,729,0
2142288,729,0
2144280,729,0
2146280,729,0
2148288,729,0
2150280,729,0
2152288,730,0
2154280,730,0
2156288,730,0
2158288,730,0
2160288,730,0
2162288,730,0
2164280,730,0
2166288,730,0
2168288,730,0
2170288,730,0
2172288,730,0
2174288,730,0
2176288,730,0
2178280,730,0
2180288,731,0
2182280,730,0
2184280,731,0
2186280,731,0
2188280,731,0
2190288,731,0
2192288,731,0
2194280,731,0
2196288,731,0
2198288,731,0
2200288,731,0
2202288,731,0
2204280,731,0
2206288,731,0
2208288,731,0
2210280,731,0
2212288,731,0
2214280,731,0
2216288,731,0
2218288,731,0
2220288,731,0
2222288,731,0
2224288,731,0
2226280,731,0
2228280,731,0
2230280,731,0
2232288,731,0
2234288,731,0
2236288,731,0
2238288,731,0
2240288,731,0
2242280,731,0
2244288,731,0
2246288,731,0
2248288,731,0
2250288,731,0
2252288,731,0
2254288,731,0
2256280,731,0
2258280,732,0
2260288,732,0
2262288,731,0
2264288,732,0
2266288,732,0
2268288,731,0
2270280,732,0
2272280,731,0
2274280,732,0
2276288,731,0
2278288,732,0
2280288,732,0
2282288,731,0
2284288,732,0
2286288,731,0
2288288,732,0
2290288,732,0
2292288,732,0
2294288,732,0
2296288,731,0
2298288,732,0
2300288,732,0
2302288,732,0
2304288,732,0
2306280,732,0
2308288,732,0
2310280,732,0
2312280,732,0
2314280,732,0
2316280,732,0
2318288,732,0
2320288,732,0
2322280,732,0
2324288,732,0
2326288,732,0
2328288,731,0
2330288,732,0
2332288,732,0
2334288,732,0
2336288,732,0
2338280,731,0
2340288,732,0
2342288,732,0
2344288,732,0
2346288,732,0
2348288,732,0
2350288,732,0
2352288,732,0
2354280,732,0
2356288,732,0
2358280,732,0
2360280,732,0
2362288,732,0
2364288,732,0
2366288,732,0
2368288,732,0
2370280,732,0
2372288,732,0
2374288,732,0
2376288,732,0
2378288,732,0
2380288,732,0
2382288,732,0
2384288,732,0
2386288,732,0
2388288,732,0
2390288,732,0
2392288,732,0
2394288,732,0
2396288,732,0
2398280,732,0
2400288,732,0
2402280,732,0
2404288,732,0
2406288,732,0
2408288,732,0
2410280,732,0
2412288,732,0
2414288,732,0
2416288,732,0
2418288,732,0
2420288,732,0
2422288,732,0
2424288,732,0
2426288,732,0
2428288,732,0
2430288,732,0
2432288,732,0
2434288,732,0
2436288,732,0
2438288,732,0
2440280,732,0
2442280,732,0
2444280,732,0
2446288,732,0
2448288,732,0
2450288,732,0
2452288,732,0
2454288,732,0
2456288,732,0
2458288,732,0
2460280,732,0
2462288,732,0
2464288,732,0
2466280,732,0
2468288,732,0
2470280,732,0
2472288,732,0
2474288,732,0
2476288,732,0
2478288,732,0
2480288,732,0
2482280,732,0
2484280,732,0
2486280,732,0
2488280,732,0
2490288,732,0
2492288,732,0
2494288,732,0
2496288,732,0
2498280,732,0
2500288,731,0
2502288,732,0
2504288,732,0
2506288,732,0
2508288,732,0
2510288,732,0
2512288,732,0
2514288,732,0
2516288,732,0
2518288,732,0
2520288,732,0
2522288,732,0
2524288,732,0
2526280,732,0
2528288,732,0
2530280,732,0
2532288,732,0
2534288,732,0
2536280,732,0
2538280,732,0
2540288,732,0
2542288,732,0
2544288,732,0
2546288,732,0
2548288,732,0
2550288,732,0
2552288,732,0
2554288,732,0
2556288,732,0
2558288,732,0
2560280,732,0
2562280,732,0
2564280,732,0
2566280,732,0
2568280,732,0
2570280,732,0
2572280,732,0
2574288,732,0
2576280,732,0
2578288,732,0
2580280,732,0
2582288,732,0
2584288,732,0
2586288,732,0
2588280,732,0
2590288,732,0
2592288,732,0
2594280,732,0
2596288,732,0
2598280,732,0
2600288,732,0
2602288,732,0
2604280,732,0
2606288,732,0
2608288,732,0
2610280,732,0
2612280,732,0
2614280,732,0
2616280,732,0
2618288,732,0
2620288,732,0
2622288,732,0
2624280,732,0
2626280,732,0
2628280,732,0
2630280,732,0
2632288,732,0
2634280,732,0
2636280,732,0
2638288,732,0
2640280,732,0
2642280,732,0
2644280,732,0
2646288,732,0
2648280,732,0
2650288,732,0
2652288,732,0
2654288,732,0
2656280,732,0
2658280,732,0
2660288,732,0
2662280,732,0
2664288,732,0
2666280,732,0
2668280,732,0
2670280,732,0
2672288,732,0
2674280,732,0
2676288,732,0
2678280,732,0
2680288,732,0
2682288,732,0
2684280,732,0
2686288,732,0
2688288,732,0
2690280,732,0
2692288,732,0
2694280,732,0
2696280,732,0
2698280,732,0
2700280,732,0
2702288,732,0
2704288,732,0
2706280,732,0
2708288,732,0
2710288,732,0
2712288,732,0
2714288,732,0
2716280,732,0
2718288,732,0
2720288,732,0
2722280,732,0
2724288,732,0
2726280,732,0
2728288,732,0
2730280,732,0
2732288,732,0
2734288,732,0
2736288,732,0
2738280,732,0
2740280,732,0
2742280,732,0
2744280,732,0
2746288,732,0
2748280,732,0
2750288,732,0
2752288,732,0
2754280,732,0
2756288,732,0
2758288,732,0
2760288,732,0
2762288,732,0
2764288,732,0
2766288,732,0
2768280,732,0
2770288,732,0
2772280,732,0
2774288,732,0
2776288,732,0
2778288,732,0
2780288,732,0
2782280,732,0
2784280,732,0
2786280,732,0
2788288,732,0
2790280,732,0
2792288,732,0
2794288,732,0
2796288,732,0
2798288,732,0
2800288,732,0
2802288,732,0
2804288,732,0
2806288,732,0
2808288,732,0
2810288,732,0
2812288,732,0
2814288,732,0
2816288,732,0
2818280,732,0
2820288,732,0
2822280,732,0
2824280,732,0
2826280,732,0
2828280,732,0
2830288,732,0
2832288,731,0
2834280,732,0
2836288,732,0
2838288,732,0
2840288,731,0
2842288,732,0
2844280,732,0
2846288,731,0
2848288,732,0
2850280,732,0
2852288,732,0
2854288,732,0
2856288,732,0
2858288,732,0
2860288,732,0
2862288,732,0
2864288,732,0
2866280,732,0
2868288,732,0
2870280,732,0
2872280,732,0
2874288,732,0
2876288,732,0
2878288,732,0
2880288,732,0
2882280,732,0
2884288,731,0
2886280,732,0
2888288,731,0
2890280,732,0
2892288,731,0
2894288,732,0
2896280,732,0
2898288,732,0
2900280,732,0
2902288,731,0
2904288,731,0
2906288,731,0
2908288,732,0
2910280,732,0
2912280,732,0
2914280,732,0
2916288,732,0
2918288,732,0
2920288,732,0
2922288,732,0
2924280,732,0
2926288,731,0
2928288,732,0
2930288,732,0
2932288,732,0
2934288,732,0
2936288,732,0
2938288,732,0
2940288,732,0
2942288,731,0
2944288,731,0
2946288,732,0
2948288,731,0
2950288,731,0
2952280,732,0
2954280,731,0
2956280,731,0
2958288,731,0
2960288,731,0
2962280,731,0
2964288,732,0
2966288,731,0
2968288,732,0
2970288,731,0
2972280,731,0
2974288,732,0
2976288,731,0
2978280,732,0
2980288,732,0
2982280,731,0
2984288,731,0
2986288,731,0
2988288,731,0
2990288,731,0
2992288,731,0
2994280,731,0
2996280,731,0
2998280,731,0
3000280,731,0
3002288,731,0
3004288,731,0
3006288,731,0
3008288,731,0
3010288,731,0
3012288,731,0
3014288,731,0
3016288,731,0
3018288,731,0
3020288,731,0
3022288,731,0
3024288,731,0
3026288,731,0
3028288,731,0
3030288,731,0
3032280,731,0
3034288,731,0
3036288,731,0
3038280,731,0
3040288,731,0
3042280,731,0
3044288,731,0
3046288,731,0
3048288,731,0
3050288,731,0
3052288,731,0
3054288,731,0
3056288,731,0
3058288,731,0
3060288,730,0
3062288,731,0
3064288,731,0
3066288,731,0
3068288,730,0
3070288,731,0
3072280,730,0
3074280,730,0
3076288,730,0
3078288,730,0
3080280,730,0
3082280,730,0
3084280,730,0
3086288,729,0
3088288,729,0
3090280,729,0
3092288,729,0
3094288,729,0
3096288,729,0
3098288,729,0
3100280,729,0
3102288,729,0
3104288,728,0
3106288,728,0
3108288,729,0
3110288,729,0
3112280,729,0
3114280,728,0
3116288,728,0
3118288,728,0
3120288,727,0
3122280,728,0
3124280,728,0
3126280,728,0
3128280,728,0
3130288,728,0
3132288,728,0
3134288,727,0
3136288,727,0
3138280,727,0
3140288,727,0
3142288,727,0
3144288,727,0
3146288,727,0
3148288,727,0
3150288,727,0
3152288,726,0
3154288,726,0
3156288,726,0
3158288,726,0
3160288,726,0
3162288,726,0
3164288,726,0
3166280,725,0
3168288,723,0
3170280,720,0
3172280,717,0
3174280,714,0
3176280,713,0
3178280,709,0
3180288,704,0
3182288,696,0
3184288,690,0
3186288,690,0
3188288,702,0
3190288,723,0
3192288,728,0
3194280,729,0
3196280,729,0
3198288,730,0
3200280,730,0
3202280,731,0
3204288,731,0
3206280,731,0
3208280,731,0
3210280,731,0
3212280,731,0
3214288,731,0
3216288,731,0
3218280,731,0
3220288,731,0
3222288,730,0
3224288,730,0
3226288,729,0
3228280,728,0
3230288,726,0
3232288,712,0
3234288,674,0
3236288,633,0
3238288,600,0
3240288,582,0
3242288,580,0
3244288,588,0
3246288,598,0
3248288,605,0
3250280,609,0
3252280,611,0
3254280,614,0
3256288,621,0
3258288,631,0
3260288,643,0
3262288,652,0
3264288,655,0
3266280,652,0
3268288,645,0
3270288,638,0
3272280,635,0
3274280,637,0
3276280,642,0
3278288,647,0
3280280,647,0
3282280,643,0
3284280,636,0
3286288,628,0
3288280,624,0
3290280,626,0
3292288,631,0
3294280,638,0
3296280,640,0
3298288,637,0
3300280,630,0
3302288,621,0
3304288,617,0
3306280,617,0
3308288,623,0
3310280,630,0
3312288,635,0
3314288,634,0
3316288,627,0
3318288,618,0
3320288,610,0
3322288,606,0
3324280,609,0
3326288,615,0
3328288,622,0
3330280,624,0
3332288,620,0
3334280,612,0
3336280,605,0
3338280,601,0
3340280,603,0
3342288,608,0
3344280,613,0
3346288,614,0
3348288,611,0
3350288,604,0
3352288,597,0
3354288,594,0
3356280,596,0
3358288,603,0
3360288,611,0
3362280,616,0
3364288,615,0
3366280,609,0
3368288,601,0
3370280,596,0
3372288,596,0
3374288,602,0
3376280,609,0
3378280,615,0
3380280,616,0
3382280,613,0
3384280,605,0
3386288,599,0
3388280,597,0
3390288,600,0
3392288,607,0
3394280,614,0
3396288,616,0
3398288,612,0
3400288,605,0
3402280,598,0
3404288,595,0
3406288,597,0
3408280,603,0
3410288,609,0
3412280,612,0
3414288,610,0
3416288,605,0
3418288,600,0
3420288,596,0
3422280,597,0
3424280,601,0
3426280,608,0
3428288,614,0
3430288,616,0
3432288,611,0
3434288,605,0
3436288,599,0
3438288,598,0
3440288,601,0
3442288,608,0
3444280,616,0
3446288,619,0
3448288,616,0
3450288,609,0
3452288,602,0
3454288,597,0
3456288,598,0
3458280,603,0
3460288,608,0
3462288,611,0
3464280,607,0
3466280,599,0
3468280,590,0
3470288,584,0
3472288,584,0
3474288,589,0
3476288,595,0
3478288,599,0
3480288,598,0
3482288,591,0
3484280,582,0
3486288,574,0
3488288,571,0
3490280,572,0
3492288,577,0
3494288,580,0
3496288,578,0
3498288,571,0
3500288,561,0
3502288,550,0
3504288,543,0
3506280,542,0
3508280,544,0
3510280,547,0
3512288,547,0
3514288,541,0
3516288,530,0
3518288,517,0
3520288,508,0
3522280,505,0
3524288,509,0
3526280,514,0
3528288,518,0
3530280,517,0
3532288,511,0
3534288,502,0
3536280,494,0
3538288,491,0
3540280,493,0
3542288,499,0
3544288,504,0
3546288,504,0
3548288,500,0
3550280,492,0
3552280,486,0
3554280,484,0
3556288,488,0
3558288,495,0
3560288,502,0
3562288,506,0
3564288,504,0
3566288,497,0
3568288,490,0
3570288,486,0
3572288,487,0
3574288,493,0
3576288,499,0
3578288,504,0
3580288,503,0
3582288,497,0
3584280,490,0
3586280,483,0
3588288,482,0
3590280,485,0
3592280,492,0
3594280,497,0
3596280,498,0
3598288,494,0
3600288,487,0
3602280,482,0
3604288,481,0
3606288,486,0
3608280,494,0
3610288,500,0
3612280,503,0
3614288,499,0
3616288,491,0
3618280,482,0
3620280,477,0
3622288,478,0
3624288,483,0
3626280,490,0
3628288,494,0
3630280,493,0
3632288,488,0
3634280,479,0
3636280,474,0
3638280,473,0
3640280,479,0
3642288,486,0
3644280,491,0
3646288,491,0
3648288,485,0
3650280,477,0
3652288,470,0
3654288,468,0
3656288,471,0
3658288,477,0
3660288,482,0
3662288,484,0
3664288,480,0
3666288,472,0
3668288,464,0
3670288,459,0
3672288,460,0
3674288,464,0
3676288,471,0
3678280,474,0
3680288,472,0
3682280,466,0
3684288,457,0
3686288,451,0
3688288,450,0
3690280,454,0
3692280,459,0
3694288,463,0
3696288,461,0
3698288,454,0
3700288,445,0
3702280,438,0
3704288,437,0
3706288,441,0
3708288,448,0
3710288,454,0
3712288,455,0
3714280,450,0
3716288,441,0
3718288,433,0
3720280,428,0
3722280,429,0
3724280,434,0
3726288,439,0
3728288,442,0
3730280,440,0
3732288,433,0
3734288,427,0
3736288,423,0
3738288,423,0
3740280,428,0
3742288,434,0
3744288,437,0
3746288,436,0
3748288,431,0
3750288,423,0
3752288,416,0
3754288,415,0
3756288,420,0
3758288,426,0
3760288,432,0
3762280,433,0
3764288,430,0
3766280,423,0
3768280,416,0
3770288,412,0
3772288,413,0
3774288,419,0
3776288,426,0
3778280,429,0
3780288,426,0
3782288,419,0
3784288,412,0
3786288,408,0
3788288,410,0
3790288,415,0
3792288,420,0
3794288,423,0
3796288,421,0
3798288,416,0
3800288,409,0
3802288,404,0
3804288,403,0
3806280,408,0
3808288,414,0
3810280,420,0
3812288,421,0
3814288,417,0
3816288,411,0
3818288,405,0
3820288,404,0
3822288,408,0
3824288,415,0
3826288,422,0
3828288,426,0
3830288,425,0
3832288,421,0
3834280,416,0
3836280,415,0
3838280,418,0
3840280,426,0
3842280,434,0
3844288,440,0
3846280,439,0
3848280,433,0
3850280,425,0
3852280,420,0
3854288,419,0
3856280,424,0
3858288,432,0
3860288,437,0
3862288,437,0
3864288,431,0
3866288,424,0
3868280,418,0
3870288,418,0
3872288,425,0
3874280,435,0
3876288,446,0
3878288,451,0
3880288,450,0
3882288,442,0
3884288,433,0
3886288,427,0
3888288,426,0
3890280,429,0
3892288,434,0
3894280,437,0
3896280,436,0
3898288,430,0
3900288,424,0
3902288,418,0
3904288,418,0
3906280,422,0
3908288,428,0
3910288,432,0
3912288,432,0
3914288,427,0
3916288,421,0
3918288,416,0
3920288,416,0
3922288,421,0
3924288,428,0
3926288,434,0
3928288,435,0
3930288,431,0
3932288,423,0
3934280,416,0
3936280,413,0
3938280,416,0
3940288,422,0
3942288,430,0
3944288,433,0
3946280,432,0
3948288,428,0
3950288,422,0
3952288,420,0
3954288,422,0
3956288,429,0
3958288,436,0
3960288,442,0
3962288,442,0
3964288,439,0
3966288,433,0
3968288,428,0
3970280,427,0
3972288,430,0
3974288,436,0
3976280,441,0
3978280,442,0
3980280,438,0
3982288,432,0
3984288,428,0
3986288,426,0
3988288,429,0
3990288,433,0
3992288,436,0
3994288,435,0
3996288,429,0
3998288,421,0
4000288,417,0
4002280,420,0
4004288,436,0
4006280,463,0
4008288,498,0
4010280,534,0
4012288,572,0
4014288,612,0
4016288,656,0
4018280,706,0
4020280,728,0
4022280,729,0
4024280,730,0
4026288,730,0
4028288,730,0
4030288,729,0
4032288,727,0
4034280,703,0
4036288,626,0
4038288,540,0
4040288,462,0
4042288,400,0
4044288,355,0
4046288,326,0
4048280,310,0
4050288,305,0
4052288,313,0
4054288,332,0
4056288,356,0
4058288,380,0
4060288,399,0
4062280,411,0
4064280,416,0
4066280,416,0
4068288,417,0
4070288,422,0
4072288,432,0
4074288,443,0
4076288,451,0
4078288,454,0
4080288,452,0
4082288,446,0
4084288,442,0
4086288,442,0
4088288,447,0
4090288,456,0
4092288,465,0
4094288,470,0
4096280,468,0
4098280,463,0
4100280,458,0
4102280,456,0
4104280,461,0
4106280,469,0
4108292,478,0
4110280,482,0
4112280,480,0
4114280,475,0
4116288,468,0
4118280,464,0
4120288,466,0
4122280,473,0
4124280,481,0
4126280,487,0
4128288,488,0
4130280,485,0
4132280,479,0
4134288,475,0
4136288,475,0
4138288,480,0
4140280,487,0
4142288,493,0
4144280,495,0
4146280,492,0
4148280,487,0
4150280,481,0
4152280,479,0
4154288,482,0
4156280,489,0
4158288,496,0
4160288,500,0
4162280,498,0
4164280,492,0
4166280,484,0
4168288,480,0
4170280,481,0
4172280,486,0
4174288,492,0
4176280,495,0
4178288,493,0
4180280,487,0
4182288,480,0
4184280,476,0
4186288,476,0
4188288,481,0
4190288,489,0
4192280,495,0
4194280,496,0
4196288,491,0
4198280,484,0
4200288,479,0
4202280,477,0
4204288,481,0
4206280,489,0
4208288,497,0
4210288,500,0
4212288,498,0
4214280,492,0
4216288,486,0
4218288,483,0
4220288,485,0
4222280,492,0
4224288,499,0
4226280,504,0
4228288,503,0
4230280,498,0
4232280,492,0
4234280,487,0
4236280,486,0
4238288,491,0
4240288,497,0
4242280,502,0
4244288,503,0
4246288,499,0
4248288,491,0
4250288,485,0
4252280,482,0
4254288,485,0
4256288,490,0
4258280,495,0
4260288,496,0
4262280,492,0
4264288,484,0
4266280,477,0
4268288,473,0
4270288,473,0
4272288,478,0
4274280,483,0
4276280,485,0
4278280,482,0
4280280,473,0
4282288,462,0
4284280,454,0
4286288,450,0
4288288,451,0
4290280,454,0
4292288,455,0
4294288,450,0
4296288,440,0
4298288,427,0
4300288,416,0
4302288,408,0
4304280,405,0
4306280,404,0
4308288,402,0
4310288,395,0
4312288,382,0
4314288,365,0
4316288,345,0
4318280,329,0
4320280,315,0
4322280,304,0
4324288,291,0
4326288,275,0
4328288,254,0
4330280,228,0
4332288,200,0
4334288,175,0
4336288,153,0
4338288,135,0
4340288,118,0
4342288,96,0
4344288,68,0
4346288,34,0
4348288,0,0
4350288,0,0
4352288,0,0
4354280,0,0
4356288,0,0
4358280,0,0
4360280,0,0
4362280,0,0
4364280,0,0
4366288,0,0
4368280,0,0
4370280,0,0
4372288,0,0
4374288,0,0
4376288,0,0
4378288,0,0
4380280,0,0
4382288,0,0
4384288,0,0
4386280,0,0
4388288,0,0
4390280,0,0
4392288,0,0
4394288,0,0
4396288,0,0
4398288,0,0
4400288,0,0
4402280,0,0
4404280,0,0
4406280,0,0
4408280,0,0
4410288,0,0
4412280,0,0
4414288,0,0
4416288,0,0
4418280,0,0
4420288,0,0
4422288,0,0
4424288,0,0
4426280,0,0
4428280,0,0
4430288,0,0
4432280,0,0
4434288,0,0
4436280,0,0
4438288,0,0
4440288,0,0
4442288,0,0
4444288,0,0
4446280,0,0
4448280,0,0
4450280,0,0
4452288,0,0
4454288,0,0
4456288,0,0
4458280,0,0
4460288,0,0
4462288,21,0
4464288,104,0
4466288,197,0
4468288,278,0
4470288,337,0
4472288,372,0
4474288,389,0
4476288,393,0
4478288,389,0
4480280,382,0
4482288,374,0
4484288,369,0
4486280,365,0
4488280,362,0
4490280,362,0
4492280,362,0
4494288,363,0
4496288,364,0
4498280,365,0
4500288,366,0
4502288,367,0
4504288,368,0
4506288,368,0
4508280,367,0
4510280,367,0
4512288,366,0
4514280,366,0
4516288,366,0
4518280,366,0
4520288,366,0
4522288,367,0
4524288,367,0
4526288,367,0
4528288,367,0
4530280,367,0
4532280,367,0
4534280,367,0
4536280,367,0
4538288,367,0
4540288,367,0
4542288,367,0
4544288,367,0
4546288,366,0
4548288,366,0
4550288,367,0
4552288,367,0
4554288,367,0
4556288,367,0
4558288,367,0
4560288,367,0
4562288,367,0
4564288,367,0
4566288,367,0
4568288,367,0
4570288,360,0
4572288,338,0
4574280,297,0
4576288,232,0
4578280,145,0
4580288,44,0
4582288,0,0
4584288,0,0
4586288,0,0
4588288,0,0
4590280,0,0
4592288,0,0
4594288,0,0
4596288,0,0
4598288,0,0
4600288,0,0
4602288,0,0
4604288,0,0
4606288,0,0
4608288,0,0
4610280,0,0
4612280,0,0
4614280,0,0
4616280,0,0
4618280,0,0
4620280,0,0
4622288,0,0
4624280,0,0
4626288,0,0
4628280,0,0
4630288,0,0
4632288,0,0
4634288,0,0
4636280,0,0
4638288,0,0
4640288,0,0
4642280,0,0
4644280,0,0
4646280,0,0
4648288,0,0
4650280,0,0
4652288,0,0
4654280,0,0
4656288,0,0
4658280,0,0
4660280,0,0
4662280,0,0
4664280,0,0
4666288,0,0
4668280,0,0
4670288,0,0
4672288,0,0
4674280,0,0
4676288,0,0
4678280,0,0
4680288,0,0
4682280,0,0
4684288,0,0
4686288,0,0
4688288,0,0
4690280,0,0
4692288,0,0
4694288,0,0
4696288,0,0
4698288,0,0
4700288,0,0
4702280,0,0
4704288,0,0
4706280,0,0
4708288,0,0
4710288,0,0
4712280,0,0
4714288,0,0
4716280,0,0
4718288,0,0
4720288,0,0
4722288,0,0
4724288,0,0
4726288,0,0
4728288,0,0
4730288,0,0
4732288,0,0
4734288,0,0
4736288,0,0
4738288,0,0
4740288,0,0
4742288,0,0
4744280,0,0
4746280,0,0
4748280,0,0
4750288,0,0
4752288,0,0
4754280,0,0
4756288,0,0
4758288,0,0
4760288,0,0
4762288,0,0
4764280,0,0
4766288,0,0
4768288,0,0
4770280,0,0
4772288,0,0
4774288,0,0
4776288,0,0
4778288,0,0
4780288,0,0
4782288,0,0
4784288,0,0
4786280,0,0
4788280,0,0
4790280,0,0
4792288,0,0
4794288,0,0
4796288,19,0
4798288,99,0
4800288,192,0
4802280,274,0
4804288,334,0
4806288,370,0
4808288,387,0
4810288,392,0
4812288,388,0
4814288,382,0
4816288,375,0
4818280,370,0
4820288,366,0
4822288,364,0
4824288,363,0
4826288,363,0
4828288,363,0
4830280,364,0
4832288,365,0
4834280,365,0
4836288,366,0
4838288,366,0
4840288,366,0
4842288,366,0
4844288,366,0
4846288,366,0
4848288,366,0
4850288,366,0
4852288,367,0
4854288,367,0
4856288,367,0
4858288,367,0
4860288,367,0
4862288,366,0
4864288,367,0
4866280,367,0
4868288,367,0
4870288,367,0
4872280,367,0
4874280,367,0
4876280,367,0
4878288,367,0
4880288,367,0
4882288,367,0
4884288,368,0
4886288,368,0
4888288,368,0
4890288,368,0
4892288,368,0
4894288,368,0
4896288,368,0
4898288,369,0
4900288,374,0
4902288,386,0
4904280,398,0
4906280,392,0
4908280,346,0
4910280,255,0
4912280,133,0
4914288,0,0
4916288,0,0
4918288,0,0
4920280,0,0
4922288,0,0
4924280,0,0
4926288,0,0
4928280,0,0
4930280,0,0
4932288,0,0
4934280,0,0
4936288,0,0
4938280,0,0
4940288,0,0
4942288,0,0
4944280,0,0
4946288,0,0
4948280,0,0
4950288,0,0
4952288,0,0
4954288,0,0
4956288,0,0
4958280,0,0
4960280,0,0
4962280,0,0
4964288,0,0
4966280,0,0
4968288,0,0
4970280,0,0
4972288,0,0
4974288,0,0
4976288,0,0
4978288,0,0
4980288,0,0
4982288,0,0
4984288,0,0
4986288,0,0
4988288,0,0
4990288,0,0
4992288,0,0
4994288,0,0
4996288,0,0
4998288,0,0
5000280,0,0
5002280,0,0
5004280,0,0
5006288,0,0
5008288,0,0
5010280,0,0
5012288,0,0
5014288,0,0
5016288,0,0
5018288,0,0
5020280,0,0
5022288,0,0
5024288,0,0
5026280,0,0
5028288,0,0
5030288,0,0
5032288,0,0
5034288,0,0
5036288,0,0
5038288,0,0
5040288,0,0
5042280,0,0
5044280,0,0
5046280,0,0
5048280,0,0
5050288,0,0
5052288,0,0
5054288,0,0
5056288,0,0
5058288,0,0
5060288,0,0
5062288,0,0
5064288,0,0
5066288,0,0
5068288,0,0
5070288,0,0
5072288,0,0
5074288,0,0
5076288,0,0
5078288,0,0
5080288,0,0
5082288,0,0
5084288,0,0
5086280,0,0
5088288,0,0
5090280,0,0
5092288,0,0
5094288,0,0
5096280,0,0
5098280,0,0
5100288,0,0
5102288,0,0
5104288,0,0
5106288,0,0
5108288,0,0
5110288,0,0
5112288,0,0
5114280,0,0
5116280,0,0
5118280,0,0
5120280,0,0
5122280,0,0
5124280,0,0
5126280,0,0
5128280,0,0
5130280,0,0
5132292,0,0
5134280,0,0
5136288,0,0
5138280,0,0
5140280,0,0
5142288,0,0
5144288,0,0
5146280,0,0
5148280,0,0
5150288,0,0
5152288,0,0
5154280,0,0
5156288,0,0
5158280,0,0
5160288,0,0
5162288,0,0
5164280,0,0
5166288,0,0
5168280,0,0
5170280,0,0
5172280,0,0
5174280,0,0
5176280,0,0
5178288,0,0
5180280,0,0
5182288,0,0
5184288,0,0
5186280,0,0
5188288,0,0
5190280,0,0
5192288,0,0
5194280,0,0
5196288,0,0
5198288,0,0
5200288,0,0
5202280,0,0
5204288,0,0
5206288,0,0
5208288,0,0
5210288,0,0
5212288,0,0
5214280,0,0
5216280,0,0
5218280,0,0
5220288,0,0
5222288,0,0
5224288,0,0
5226280,0,0
5228288,0,0
5230288,0,0
5232288,0,0
5234288,0,0
5236288,0,0
5238288,0,0
5240288,0,0
5242288,0,0
5244288,0,0
5246280,0,0
5248288,0,0
5250280,0,0
5252280,0,0
5254280,0,0
5256280,0,0
5258280,0,0
5260280,0,0
5262288,0,0
5264280,0,0
5266280,0,0
5268280,0,0
5270288,0,0
5272288,0,0
5274288,0,0
5276280,0,0
5278280,0,0
5280288,0,0
5282280,0,0
5284280,0,0
5286280,0,0
5288288,0,0
5290280,0,0
5292280,0,0
5294288,0,0
5296280,0,0
5298280,0,0
5300280,0,0
5302280,0,0
5304280,0,0
5306288,0,0
5308280,0,0
5310288,0,0
5312288,0,0
5314280,0,0
5316288,0,0
5318280,0,0
5320288,0,0
5322280,0,0
5324288,0,0
5326288,0,0
5328280,0,0
5330280,0,0
5332280,0,0
5334288,0,0
5336280,0,0
5338288,0,0
5340288,0,0
5342288,0,0
5344280,0,0
5346280,0,0
5348288,0,0
5350280,0,0
5352288,0,0
5354280,0,0
5356288,0,0
5358280,0,0
5360288,0,0
5362288,0,0
5364288,0,0
5366280,0,0
5368288,0,0
5370280,0,0
5372288,0,0
5374280,0,0
5376288,0,0
5378280,0,0
5380280,0,0
5382280,0,0
5384280,0,0
5386280,0,0
5388280,0,0
5390288,0,0
5392280,0,0
5394288,0,0
5396280,0,0
5398288,0,0
5400288,0,0
5402288,0,0
5404280,0,0
5406288,0,0
5408288,0,0
5410280,0,0
5412280,0,0
5414280,0,0
5416288,0,0
5418280,0,0
5420288,0,0
5422280,0,0
5424288,0,0
5426280,0,0
5428280,0,0
5430280,0,0
5432280,0,0
5434288,0,0
5436280,0,0
5438288,0,0
5440288,0,0
5442280,0,0
5444280,0,0
5446280,0,0
5448288,0,0
5450280,0,0
5452280,0,0
5454288,0,0
5456280,0,0
5458280,0,0
5460280,0,0
5462288,0,0
5464288,0,0
5466280,0,0
5468288,0,0
5470280,0,0
5472280,0,0
5474280,0,0
5476288,0,0
5478288,0,0
5480288,0,0
5482280,0,0
5484288,0,0
5486288,0,0
5488288,0,0
5490288,0,0
5492288,0,0
5494280,0,0
5496288,0,0
5498288,0,0
5500288,0,0
5502288,0,0
5504288,0,0
5506280,0,0
5508288,0,0
5510288,0,0
5512280,0,0
5514280,0,0
5516280,0,0
5518288,0,0
5520288,0,0
5522280,0,0
5524288,0,0
5526288,0,0
5528288,0,0
5530288,0,0
5532280,0,0
5534288,0,0
5536288,0,0
5538280,0,0
5540288,0,0
5542280,0,0
5544288,0,0
5546288,0,0
5548288,0,0
5550288,0,0
5552288,0,0
5554280,0,0
5556280,0,0
5558280,0,0
5560280,0,0
5562288,0,0
5564288,0,0
5566288,0,0
5568288,0,0
5570288,0,0
5572288,0,0
5574280,0,0
5576288,0,0
5578288,0,0
5580288,0,0
5582288,0,0
5584288,0,0
5586280,0,0
5588288,0,0
5590288,0,0
5592288,0,0
5594288,0,0
5596288,0,0
5598280,0,0
5600288,0,0
5602280,0,0
5604288,0,0
5606280,0,0
5608288,0,0
5610280,0,0
5612288,0,0
5614280,0,0
5616288,0,0
5618280,0,0
5620288,0,0
5622288,0,0
5624288,0,0
5626288,0,0
5628288,0,0
5630288,0,0
5632288,0,0
5634280,0,0
5636280,0,0
5638280,0,0
5640280,0,0
5642280,0,0
5644280,0,0
5646288,0,0
5648280,0,0
5650288,0,0
5652288,0,0
5654288,0,0
5656288,0,0
5658288,0,0
5660280,0,0
5662288,0,0
5664288,0,0
5666280,0,0
5668288,0,0
5670280,0,0
5672288,0,0
5674288,0,0
5676288,0,0
5678288,0,0
5680288,0,0
5682280,0,0
5684280,0,0
5686280,0,0
5688280,0,0
5690288,0,0
5692288,0,0
5694288,0,0
5696288,0,0
5698280,0,0
5700288,0,0
5702288,0,0
5704288,0,0
5706288,0,0
5708288,0,0
5710288,0,0
5712288,0,0
5714288,0,0
5716288,0,0
5718288,0,0
5720288,0,0
5722288,0,0
5724288,0,0
5726280,0,0
5728288,0,0
5730280,0,0
5732288,0,0
5734288,0,0
5736280,0,0
5738288,0,0
5740280,0,0
5742288,0,0
5744288,0,0
5746288,0,0
5748288,0,0
5750280,0,0
5752288,0,0
5754288,0,0
5756288,0,0
5758288,0,0
5760288,0,0
5762280,0,0
5764280,0,0
5766280,0,0
5768280,0,0
5770280,48,0
5772280,118,0
5774288,191,0
5776288,259,0
5778280,318,0
5780288,372,0
5782288,419,0
5784288,445,0
5786288,433,0
5788280,380,0
5790288,296,0
5792288,201,0
5794280,114,0
5796288,51,0
5798288,17,0
5800288,8,0
5802280,15,0
5804288,27,0
5806288,33,0
5808288,29,0
5810280,21,0
5812280,16,0
5814280,23,0
5816280,43,0
5818288,72,0
5820288,100,0
5822288,115,0
5824288,117,0
5826280,109,0
5828288,100,0
5830288,99,0
5832288,110,0
5834288,130,0
5836288,151,0
5838288,163,0
5840288,161,0
5842280,146,0
5844288,125,0
5846288,106,0
5848288,98,0
5850288,99,0
5852288,105,0
5854280,105,0
5856288,93,0
5858280,67,0
5860288,35,0
5862288,6,0
5864288,0,0
5866288,0,0
5868288,0,0
5870288,0,0
5872288,0,0
5874288,0,0
5876288,0,0
5878288,0,0
5880288,0,0
5882288,0,0
5884288,0,0
5886288,0,0
5888288,0,0
5890280,0,0
5892288,0,0
5894288,0,0
5896280,0,0
5898280,0,0
5900280,0,0
5902288,0,0
5904288,0,0
5906280,0,0
5908288,0,0
5910288,0,0
5912288,0,0
5914288,0,0
5916280,0,0
5918288,0,0
5920288,0,0
5922280,0,0
5924288,0,0
5926280,0,0
5928288,0,0
5930288,0,0
5932288,0,0
5934288,0,0
5936288,0,0
5938280,0,0
5940280,0,0
5942280,0,0
5944280,0,0
5946288,0,0
5948280,0,0
5950288,0,0
5952288,0,0
5954280,0,0
5956288,0,0
5958288,0,0
5960288,0,0
5962280,0,0
5964288,0,0
5966288,0,0
5968288,0,0
5970280,0,0
5972288,0,0
5974288,0,0
5976288,0,0
5978288,0,0
5980288,0,0
5982280,0,0
5984280,0,0
5986280,0,0
5988288,0,0
5990288,0,0
5992288,0,0
5994288,0,0
5996288,0,0
5998288,0,0
6000288,0,0
6002288,0,0
6004288,0,0
6006288,0,0
6008288,0,0
6010288,0,0
6012288,0,0
6014288,0,0
6016288,0,0
6018288,0,0
6020288,0,0
6022288,0,0
6024280,0,0
6026280,0,0
6028280,0,0
6030288,0,0
6032288,0,0
6034288,0,0
6036288,0,0
6038288,0,0
6040288,0,0
6042288,0,0
6044280,0,0
6046288,0,0
6048288,0,0
6050288,0,0
6052288,0,0
6054288,0,0
6056288,0,0
6058288,0,0
6060288,0,0
6062288,0,0
6064288,0,0
6066280,0,0
6068280,0,0
6070280,0,0
6072288,0,0
6074288,0,0
6076288,0,0
6078288,0,0
6080288,0,0
6082280,0,0
6084288,0,0
6086288,0,0
6088288,0,0
6090288,0,0
6092288,0,0
6094288,0,0
6096288,0,0
6098288,0,0
6100288,0,0
6102288,0,0
6104288,0,0
6106288,0,0
6108288,0,0
6110280,0,0
6112288,0,0
6114280,0,0
6116288,0,0
6118288,0,0
6120280,0,0
6122288,0,0
6124288,0,0
6126288,0,0
6128288,0,0
6130288,0,0
6132288,0,0
6134288,0,0
6136288,0,0
6138280,5,0
6140280,33,0
6142280,65,0
6144280,99,0
6146280,135,0
6148288,176,0
6150280,216,0
6152280,251,0
6154280,274,0
6156280,282,0
6158288,280,0
6160288,275,0
6162280,278,0
6164288,292,0
6166288,318,0
6168288,348,0
6170288,373,0
6172288,387,0
6174288,391,0
6176288,390,0
6178288,392,0
6180288,404,0
6182288,427,0
6184288,456,0
6186288,482,0
6188288,498,0
6190288,502,0
6192288,498,0
6194280,496,0
6196288,503,0
6198280,520,0
6200288,547,0
6202288,574,0
6204288,592,0
6206288,598,0
6208288,595,0
6210288,590,0
6212288,592,0
6214288,604,0
6216280,626,0
6218280,653,0
6220288,674,0
6222288,683,0
6224288,681,0
6226288,674,0
6228288,672,0
6230288,681,0
6232288,701,0
6234288,723,0
6236288,726,0
6238280,727,0
6240288,727,0
6242280,726,0
6244288,727,0
6246288,727,0
6248288,728,0
6250288,729,0
6252288,729,0
6254288,730,0
6256288,730,0
6258288,730,0
6260288,730,0
6262288,730,0
6264288,730,0
6266280,731,0
6268280,731,0
6270288,731,0
6272280,731,0
6274288,731,0
6276288,731,0
6278288,731,0
6280280,731,0
6282288,731,0
6284280,731,0
6286280,731,0
6288280,731,0
6290288,731,0
6292288,731,0
6294288,731,0
6296280,731,0
6298280,731,0
6300288,731,0
6302288,731,0
6304280,732,0
6306280,731,0
6308280,731,0
6310288,731,0
6312280,732,0
6314280,732,0
6316280,732,0
6318280,732,0
6320280,732,0
6322288,732,0
6324288,732,0
6326280,732,0
6328288,732,0
6330280,732,0
6332280,732,0
6334280,732,0
6336280,732,0
6338288,732,0
6340280,732,0
6342280,732,0
6344280,732,0
6346280,732,0
6348280,732,0
6350280,732,0
6352280,732,0
6354280,732,0
6356280,732,0
6358280,732,0
6360280,732,0
6362280,732,0
6364288,732,0
6366280,732,0
6368288,732,0
6370280,732,0
6372280,732,0
6374280,732,0
6376280,732,0
6378280,732,0
6380280,732,0
6382280,732,0
6384280,732,0
6386280,732,0
6388280,732,0
6390280,732,0
6392280,732,0
6394280,732,0
6396280,732,0
6398280,732,0
6400280,732,0
6402280,732,0
6404288,732,0
6406280,732,0
6408280,732,0
6410280,732,0
6412280,732,0
6414288,732,0
6416288,732,0
6418280,732,0
6420288,732,0
6422288,732,0
6424288,732,0
6426288,732,0
6428288,732,0
6430288,732,0
6432288,732,0
6434280,732,0
6436288,732,0
6438288,732,0
6440288,732,0
6442288,732,0
6444288,732,0
6446288,732,0
6448288,732,0
6450280,732,0
6452288,732,0
6454280,732,0
6456280,732,0
6458288,732,0
6460288,732,0
6462288,732,0
6464288,732,0
6466280,732,0
6468288,732,0
6470288,732,0
6472288,732,0
6474288,732,0
6476288,732,0
6478288,732,0
6480288,732,0
6482288,732,0
6484288,732,0
6486288,732,0
6488288,732,0
6490288,732,0
6492288,732,0
6494280,732,0
6496288,732,0
6498280,732,0
6500288,732,0
6502288,732,0
6504280,732,0
6506288,732,0
6508288,732,0
6510288,732,0
6512288,732,0
6514288,732,0
6516288,732,0
6518288,732,0
6520288,732,0
6522280,732,0
6524280,732,0
6526280,732,0
6528280,732,0
6530288,732,0
6532288,732,0
6534288,732,0
6536288,732,0
6538280,732,0
6540292,732,0
6542280,732,0
6544280,732,0
6546280,732,0
6548280,732,0
6550280,732,0
6552280,732,0
6554280,732,0
6556280,732,0
6558280,732,0
6560288,732,0
6562280,732,0
6564280,732,0
6566280,732,0
6568288,732,0
6570280,732,0
6572288,732,0
6574280,732,0
6576288,732,0
6578280,732,0
6580280,732,0
6582280,732,0
6584280,732,0
6586288,732,0
6588280,732,0
6590288,732,0
6592288,732,0
6594280,732,0
6596288,732,0
6598280,732,0
6600288,732,0
6602280,732,0
6604288,732,0
6606288,732,0
6608280,732,0
6610280,732,0
6612288,732,0
6614288,732,0
6616288,732,0
6618288,732,0
6620288,732,0
6622280,732,0
6624280,732,0
6626280,732,0
6628288,732,0
6630288,732,0
6632288,732,0
6634288,732,0
6636288,732,0
6638288,732,0
6640288,732,0
6642288,732,0
6644288,732,0
6646288,732,0
6648288,732,0
6650288,732,0
6652288,732,0
6654288,732,0
6656288,732,0
6658280,732,0
6660288,732,0
6662280,732,0
6664280,732,0
6666280,732,0
6668280,732,0
6670288,732,0
6672288,732,0
6674280,732,0
6676288,732,0
6678288,732,0
6680288,732,0
6682288,732,0
6684280,732,0
6686288,732,0
6688288,732,0
6690280,732,0
6692288,732,0
6694288,732,0
6696288,732,0
6698288,732,0
6700288,732,0
6702288,732,0
6704288,732,0
6706280,732,0
6708280,732,0
6710280,732,0
6712280,732,0
6714288,732,0
6716288,732,0
6718288,732,0
6720288,732,0
6722280,732,0
6724288,732,0
6726280,732,0
6728288,732,0
6730280,732,0
6732288,732,0
6734288,732,0
6736288,732,0
6738288,732,0
6740280,732,0
6742288,732,0
6744288,732,0
6746288,732,0
6748288,732,0
6750280,732,0
6752288,732,0
6754280,732,0
6756288,732,0
6758288,732,0
6760288,732,0
6762280,732,0
6764288,732,0
6766280,732,0
6768288,732,0
6770288,732,0
6772288,732,0
6774288,732,0
6776288,732,0
6778288,732,0
6780288,732,0
6782288,732,0
6784288,732,0
6786280,732,0
6788288,732,0
6790288,732,0
6792280,732,0
6794280,732,0
6796280,732,0
6798288,732,0
6800288,731,0
6802280,732,0
6804288,732,0
6806288,732,0
6808288,732,0
6810288,732,0
6812280,732,0
6814288,732,0
6816288,732,0
6818280,732,0
6820288,732,0
6822288,732,0
6824288,731,0
6826288,732,0
6828288,732,0
6830288,731,0
6832288,731,0
6834280,732,0
6836280,731,0
6838280,732,0
6840288,731,0
6842288,731,0
6844288,731,0
6846288,731,0
6848288,731,0
6850288,731,0
6852288,731,0
6854288,731,0
6856288,731,0
6858288,731,0
6860288,731,0
6862288,731,0
6864288,731,0
6866288,731,0
6868288,731,0
6870288,731,0
6872288,731,0
6874288,731,0
6876288,731,0
6878280,731,0
6880288,731,0
6882280,731,0
6884288,731,0
6886288,731,0
6888288,731,0
6890280,731,0
6892288,731,0
6894288,731,0
6896288,731,0
6898288,731,0
6900288,731,0
6902288,731,0
6904288,731,0
6906288,730,0
6908288,731,0
6910288,730,0
6912280,730,0
6914288,730,0
6916288,729,0
6918288,729,0
6920280,727,0
6922280,717,0
6924280,673,0
6926288,619,0
6928288,572,0
6930288,538,0
6932288,514,0
6934288,491,0
6936288,462,0
6938288,424,0
6940288,383,0
6942288,345,0
6944288,318,0
6946288,302,0
6948288,292,0
6950288,282,0
6952288,262,0
6954288,229,0
6956288,190,0
6958288,151,0
6960288,121,0
6962280,102,0
6964280,94,0
6966280,86,0
6968280,72,0
6970288,46,0
6972280,9,0
6974288,0,0
6976288,0,0
6978280,0,0
6980288,0,0
6982280,0,0
6984288,0,0
6986280,0,0
6988288,0,0
6990288,0,0
6992288,0,0
6994288,0,0
6996288,0,0
6998288,0,0
7000288,0,0
7002288,0,0
7004288,0,0
7006280,0,0
7008280,0,0
7010280,0,0
7012288,0,0
7014288,0,0
7016288,0,0
7018288,0,0
7020288,0,0
7022288,0,0
7024288,0,0
7026288,0,0
7028288,0,0
7030288,0,0
7032288,0,0
7034288,0,0
7036288,0,0
7038288,0,0
7040280,0,0
7042288,0,0
7044288,0,0
7046288,0,0
7048280,0,0
7050280,0,0
7052280,0,0
7054288,0,0
7056288,0,0
7058280,0,0
7060288,0,0
7062288,0,0
7064288,0,0
7066288,0,0
7068280,0,0
7070288,0,0
7072288,0,0
7074280,0,0
7076288,0,0
7078288,0,0
7080288,0,0
7082288,0,0
7084288,0,0
7086288,0,0
7088288,0,0
7090280,0,0
7092280,0,0
7094280,0,0
7096280,0,0
7098288,0,0
7100288,0,0
7102288,0,0
7104288,0,0
7106288,0,0
7108288,0,0
7110288,0,0
7112288,0,0
7114288,0,0
7116288,0,0
7118288,0,0
7120288,0,0
7122288,0,0
7124288,0,0
7126288,0,0
7128288,0,0
7130288,0,0
7132288,0,0
7134280,0,0
7136288,0,0
7138280,0,0
7140288,0,0
7142288,0,0
7144288,0,0
7146288,0,0
7148288,0,0
7150288,0,0
7152288,0,0
7154288,0,0
7156288,0,0
7158288,0,0
7160288,0,0
7162280,0,0
7164280,0,0
7166280,27,0
7168280,60,0
7170288,83,0
7172280,95,0
7174288,103,0
7176280,112,0
7178280,129,0
7180280,152,0
7182288,175,0
7184288,189,0
7186288,191,0
7188288,184,0
7190288,174,0
7192288,170,0
7194288,179,0
7196288,198,0
7198288,222,0
7200280,241,0
7202288,249,0
7204288,245,0
7206288,236,0
7208288,231,0
7210288,236,0
7212288,253,0
7214288,276,0
7216288,297,0
7218280,308,0
7220280,307,0
7222280,297,0
7224280,288,0
7226288,287,0
7228280,298,0
7230288,317,0
7232288,338,0
7234280,350,0
7236288,350,0
7238288,340,0
7240288,328,0
7242280,324,0
7244288,332,0
7246288,350,0
7248288,372,0
7250288,387,0
7252288,390,0
7254288,380,0
7256288,367,0
7258288,358,0
7260288,361,0
7262280,376,0
7264288,397,0
7266280,414,0
7268288,421,0
7270288,414,0
7272280,401,0
7274288,388,0
7276288,386,0
7278288,397,0
7280288,416,0
7282288,436,0
7284288,447,0
7286288,446,0
7288288,435,0
7290288,423,0
7292288,418,0
7294288,426,0
7296288,443,0
7298280,463,0
7300288,477,0
7302288,480,0
7304280,471,0
7306288,458,0
7308280,451,0
7310280,456,0
7312280,472,0
7314288,495,0
7316288,513,0
7318288,522,0
7320288,519,0
7322280,509,0
7324288,499,0
7326288,499,0
7328288,510,0
7330288,529,0
7332288,547,0
7334288,556,0
7336280,553,0
7338280,543,0
7340280,531,0
7342280,528,0
7344280,535,0
7346288,552,0
7348288,571,0
7350280,585,0
7352288,587,0
7354280,580,0
7356280,569,0
7358280,564,0
7360280,570,0
7362288,586,0
7364288,606,0
7366288,619,0
7368280,620,0
7370280,609,0
7372280,592,0
7374280,578,0
7376288,574,0
7378280,583,0
7380288,601,0
7382288,617,0
7384288,623,0
7386288,616,0
7388288,602,0
7390280,587,0
7392288,581,0
7394280,587,0
7396288,603,0
7398288,621,0
7400280,631,0
7402280,629,0
7404288,617,0
7406288,602,0
7408288,594,0
7410288,598,0
7412288,613,0
7414288,632,0
7416288,645,0
7418288,647,0
7420288,638,0
7422280,624,0
7424280,614,0
7426288,615,0
7428288,626,0
7430288,644,0
7432280,659,0
7434280,664,0
7436280,656,0
7438288,641,0
7440288,627,0
7442288,620,0
7444288,627,0
7446288,642,0
7448288,658,0
7450288,667,0
7452288,663,0
7454288,649,0
7456288,634,0
7458288,626,0
7460288,631,0
7462288,645,0
7464288,663,0
7466288,674,0
7468288,673,0
7470288,660,0
7472288,640,0
7474280,624,0
7476288,618,0
7478280,624,0
7480288,639,0
7482288,653,0
7484288,662,0
7486288,665,0
7488288,666,0
7490288,676,0
7492288,700,0
7494288,726,0
7496280,729,0
7498288,730,0
7500288,730,0
7502280,731,0
7504280,731,0
7506280,731,0
7508280,731,0
7510280,731,0
7512280,731,0
7514280,731,0
7516288,731,0
7518288,731,0
7520288,730,0
7522280,730,0
7524280,729,0
7526280,728,0
7528280,724,0
7530280,709,0
7532280,677,0
7534280,638,0
7536280,598,0
7538280,567,0
7540288,549,0
7542288,551,0
7544288,570,0
7546280,597,0
7548280,623,0
7550280,639,0
7552280,640,0
7554288,631,0
7556288,619,0
7558288,614,0
7560288,621,0
7562280,637,0
7564292,653,0
7566288,663,0
7568288,659,0
7570288,645,0
7572288,628,0
7574280,617,0
7576280,617,0
7578280,629,0
7580288,646,0
7582288,658,0
7584288,659,0
7586288,648,0
7588288,632,0
7590288,620,0
7592280,617,0
7594280,627,0
7596280,644,0
7598280,660,0
7600280,667,0
7602280,662,0
7604288,648,0
7606280,633,0
7608288,628,0
7610280,634,0
7612280,648,0
7614280,663,0
7616280,672,0
7618288,668,0
7620280,654,0
7622288,637,0
7624280,626,0
7626280,627,0
7628280,639,0
7630280,656,0
7632280,667,0
7634280,666,0
7636280,654,0
7638280,636,0
7640280,622,0
7642280,619,0
7644288,629,0
7646288,645,0
7648288,658,0
7650280,662,0
7652280,652,0
7654280,635,0
7656280,619,0
7658280,613,0
7660280,619,0
7662280,634,0
7664280,649,0
7666280,657,0
7668280,653,0
7670280,640,0
7672280,625,0
7674280,617,0
7676280,620,0
7678280,633,0
7680288,649,0
7682280,659,0
7684288,658,0
7686288,647,0
7688280,632,0
7690288,620,0
7692280,620,0
7694280,631,0
7696280,649,0
7698288,663,0
7700288,667,0
7702288,660,0
7704288,644,0
7706288,632,0
7708288,629,0
7710288,636,0
7712280,652,0
7714288,666,0
7716288,672,0
7718288,666,0
7720288,651,0
7722288,636,0
7724288,627,0
7726288,631,0
7728280,645,0
7730280,662,0
7732288,672,0
7734280,670,0
7736288,656,0
7738288,639,0
7740280,627,0
7742280,625,0
7744280,634,0
7746288,649,0
7748288,660,0
7750288,661,0
7752288,650,0
7754288,633,0
7756288,618,0
7758280,613,0
7760280,619,0
7762280,634,0
7764280,647,0
7766288,652,0
7768280,644,0
7770288,626,0
7772288,609,0
7774280,599,0
7776288,602,0
7778288,615,0
7780280,629,0
7782280,637,0
7784288,633,0
7786288,618,0
7788288,599,0
7790288,587,0
7792288,587,0
7794288,598,0
7796288,614,0
7798288,623,0
7800280,620,0
7802280,605,0
7804280,582,0
7806280,563,0
7808280,555,0
7810288,559,0
7812288,571,0
7814288,582,0
7816288,583,0
7818288,571,0
7820280,551,0
7822280,531,0
7824280,519,0
7826288,520,0
7828288,530,0
7830280,542,0
7832280,547,0
7834280,540,0
7836280,523,0
7838280,505,0
7840280,493,0
7842288,493,0
7844288,503,0
7846288,518,0
7848280,527,0
7850280,526,0
7852280,514,0
7854280,497,0
7856280,483,0
7858288,479,0
7860288,489,0
7862280,505,0
7864288,519,0
7866280,522,0
7868288,512,0
7870288,495,0
7872288,479,0
7874288,472,0
7876288,478,0
7878288,492,0
7880288,507,0
7882288,512,0
7884288,506,0
7886288,489,0
7888288,472,0
7890288,461,0
7892288,464,0
7894288,477,0
7896280,493,0
7898288,503,0
7900288,501,0
7902280,487,0
7904288,469,0
7906280,456,0
7908288,454,0
7910288,464,0
7912280,479,0
7914280,491,0
7916288,492,0
7918288,481,0
7920288,463,0
7922288,447,0
7924288,442,0
7926288,449,0
7928288,464,0
7930280,478,0
7932280,483,0
7934280,477,0
7936280,461,0
7938288,443,0
7940288,434,0
7942288,438,0
7944288,451,0
7946280,467,0
7948280,476,0
7950280,472,0
7952280,457,0
7954288,439,0
7956288,427,0
7958288,426,0
7960288,436,0
7962288,453,0
7964288,465,0
7966288,465,0
7968280,453,0
7970288,434,0
7972288,419,0
7974288,414,0
7976280,421,0
7978280,437,0
7980280,451,0
7982280,455,0
7984280,448,0
7986288,432,0
7988288,415,0
7990280,406,0
7992288,410,0
7994288,424,0
7996288,440,0
7998288,448,0
8000288,445,0
8002280,431,0
8004288,414,0
8006280,404,0
8008288,405,0
8010280,416,0
8012288,431,0
8014288,442,0
8016288,441,0
8018280,429,0
8020288,411,0
8022288,397,0
8024288,393,0
8026288,401,0
8028288,417,0
8030280,430,0
8032280,433,0
8034280,424,0
8036288,408,0
8038288,392,0
8040288,385,0
8042280,390,0
8044288,404,0
8046288,419,0
8048288,427,0
8050288,422,0
8052288,408,0
8054288,392,0
8056288,381,0
8058288,383,0
8060288,396,0
8062288,412,0
8064288,423,0
8066280,423,0
8068288,412,0
8070288,395,0
8072280,383,0
8074280,381,0
8076280,391,0
8078288,407,0
8080288,420,0
8082280,423,0
8084288,414,0
8086288,397,0
8088288,381,0
8090288,375,0
8092280,381,0
8094288,395,0
8096288,410,0
8098288,416,0
8100288,410,0
8102288,396,0
8104288,380,0
8106288,371,0
8108288,373,0
8110288,386,0
8112288,402,0
8114280,413,0
8116288,412,0
8118280,400,0
8120288,384,0
8122288,372,0
8124288,372,0
8126288,383,0
8128288,400,0
8130288,412,0
8132288,415,0
8134288,406,0
8136288,390,0
8138288,377,0
8140288,374,0
8142280,382,0
8144288,399,0
8146288,415,0
8148288,421,0
8150280,415,0
8152280,399,0
8154280,382,0
8156288,373,0
8158280,377,0
8160288,390,0
8162280,406,0
8164288,416,0
8166288,413,0
8168280,400,0
8170288,383,0
8172288,372,0
8174288,372,0
8176288,383,0
8178288,399,0
8180280,410,0
8182280,411,0
8184280,400,0
8186280,382,0
8188280,368,0
8190280,363,0
8192280,372,0
8194280,389,0
8196280,405,0
8198280,413,0
8200280,408,0
8202288,395,0
8204292,382,0
8206280,377,0
8208280,383,0
8210280,398,0
8212288,414,0
8214280,422,0
8216288,417,0
8218280,402,0
8220280,385,0
8222288,374,0
8224288,375,0
8226280,387,0
8228288,403,0
8230280,415,0
8232288,415,0
8234280,404,0
8236288,388,0
8238280,375,0
8240288,375,0
8242280,387,0
8244280,406,0
8246280,423,0
8248280,430,0
8250288,425,0
8252280,409,0
8254288,393,0
8256288,386,0
8258280,390,0
8260288,403,0
8262280,417,0
8264288,424,0
8266280,419,0
8268288,405,0
8270288,388,0
8272288,377,0
8274288,378,0
8276280,389,0
8278288,404,0
8280288,415,0
8282288,415,0
8284288,403,0
8286280,386,0
8288280,374,0
8290280,374,0
8292288,384,0
8294288,401,0
8296288,414,0
8298280,417,0
8300288,409,0
8302280,393,0
8304288,378,0
8306288,374,0
8308288,382,0
8310288,398,0
8312288,414,0
8314288,420,0
8316288,415,0
8318288,399,0
8320280,383,0
8322280,373,0
8324288,375,0
8326280,387,0
8328280,402,0
8330280,411,0
8332280,408,0
8334288,395,0
8336288,378,0
8338280,367,0
8340288,366,0
8342288,376,0
8344288,393,0
8346288,406,0
8348280,409,0
8350288,400,0
8352288,383,0
8354288,368,0
8356288,363,0
8358280,368,0
8360288,379,0
8362280,388,0
8364288,389,0
8366288,380,0
8368288,365,0
8370280,355,0
8372280,358,0
8374280,380,0
8376280,418,0
8378288,465,0
8380288,508,0
8382288,545,0
8384288,578,0
8386288,609,0
8388288,647,0
8390280,693,0
8392288,727,0
8394288,728,0
8396288,728,0
8398288,722,0
8400288,671,0
8402280,582,0
8404288,486,0
8406280,410,0
8408288,361,0
8410280,335,0
8412288,320,0
8414280,306,0
8416280,289,0
8418280,270,0
8420288,256,0
8422288,255,0
8424288,270,0
8426288,297,0
8428288,326,0
8430288,347,0
8432288,355,0
8434288,351,0
8436288,341,0
8438288,336,0
8440288,342,0
8442288,358,0
8444288,378,0
8446288,394,0
8448288,397,0
8450280,388,0
8452288,373,0
8454288,361,0
8456280,359,0
8458280,368,0
8460280,384,0
8462288,399,0
8464288,403,0
8466280,396,0
8468288,381,0
8470288,367,0
8472288,362,0
8474288,369,0
8476288,385,0
8478288,402,0
8480288,410,0
8482280,406,0
8484288,392,0
8486288,376,0
8488288,366,0
8490288,369,0
8492288,381,0
8494288,398,0
8496288,411,0
8498280,412,0
8500280,401,0
8502280,386,0
8504280,374,0
8506288,373,0
8508288,385,0
8510288,402,0
8512288,417,0
8514280,421,0
8516288,414,0
8518288,398,0
8520288,385,0
8522280,381,0
8524288,389,0
8526288,406,0
8528280,422,0
8530288,429,0
8532280,425,0
8534288,410,0
8536288,394,0
8538288,385,0
8540288,389,0
8542280,404,0
8544280,422,0
8546280,434,0
8548288,434,0
8550288,422,0
8552288,406,0
8554288,395,0
8556288,395,0
8558288,406,0
8560288,424,0
8562288,437,0
8564288,441,0
8566288,434,0
8568288,419,0
8570288,407,0
8572288,405,0
8574288,416,0
8576288,436,0
8578288,456,0
8580288,467,0
8582288,464,0
8584280,452,0
8586280,438,0
8588280,431,0
8590288,436,0
8592288,452,0
8594288,470,0
8596288,480,0
8598288,479,0
8600280,468,0
8602280,451,0
8604288,440,0
8606280,441,0
8608288,453,0
8610280,470,0
8612288,484,0
8614280,486,0
8616288,476,0
8618288,460,0
8620288,446,0
8622288,443,0
8624288,452,0
8626280,469,0
8628280,485,0
8630280,490,0
8632288,483,0
8634288,467,0
8636288,450,0
8638288,442,0
8640288,446,0
8642280,461,0
8644288,476,0
8646288,484,0
8648288,479,0
8650288,465,0
8652288,447,0
8654288,436,0
8656288,436,0
8658288,448,0
8660288,464,0
8662288,474,0
8664288,473,0
8666288,460,0
8668288,440,0
8670280,425,0
8672288,422,0
8674280,430,0
8676288,445,0
8678288,459,0
8680280,461,0
8682280,451,0
8684288,432,0
8686288,414,0
8688288,404,0
8690288,407,0
8692288,418,0
8694288,431,0
8696288,434,0
8698288,426,0
8700288,408,0
8702288,389,0
8704280,376,0
8706288,375,0
8708288,385,0
8710288,399,0
8712280,406,0
8714280,402,0
8716280,387,0
8718288,367,0
8720288,354,0
8722288,352,0
8724288,362,0
8726288,378,0
8728288,389,0
8730288,391,0
8732288,379,0
8734288,360,0
8736288,344,0
8738288,337,0
8740288,342,0
8742288,358,0
8744288,373,0
8746288,380,0
8748288,375,0
8750288,360,0
8752288,344,0
8754280,335,0
8756288,338,0
8758280,352,0
8760288,368,0
8762288,378,0
8764288,376,0
8766288,364,0
8768288,347,0
8770280,335,0
8772288,335,0
8774288,347,0
8776288,364,0
8778288,378,0
8780288,380,0
8782288,370,0
8784288,352,0
8786288,337,0
8788288,332,0
8790288,340,0
8792280,355,0
8794280,371,0
8796288,378,0
8798280,372,0
8800288,358,0
8802280,343,0
8804288,336,0
8806288,341,0
8808288,356,0
8810280,372,0
8812288,382,0
8814288,380,0
8816288,367,0
8818288,350,0
8820288,338,0
8822288,337,0
8824288,347,0
8826288,363,0
8828288,376,0
8830288,378,0
8832280,367,0
8834288,350,0
8836288,336,0
8838288,332,0
8840280,341,0
8842280,357,0
8844280,372,0
8846288,378,0
8848288,370,0
8850280,354,0
8852288,338,0
8854288,330,0
8856288,336,0
8858288,351,0
8860280,368,0
8862288,376,0
8864288,373,0
8866288,360,0
8868288,344,0
8870288,334,0
8872288,336,0
8874288,349,0
8876288,366,0
8878288,378,0
8880288,378,0
8882280,366,0
8884280,349,0
8886280,335,0
8888288,332,0
8890288,341,0
8892288,357,0
8894288,371,0
8896288,376,0
8898288,369,0
8900288,353,0
8902288,338,0
8904288,331,0
8906288,336,0
8908288,350,0
8910280,364,0
8912288,370,0
8914288,364,0
8916288,349,0
8918288,332,0
8920280,323,0
8922288,325,0
8924288,338,0
8926280,354,0
8928288,364,0
8930280,362,0
8932288,350,0
8934288,332,0
8936280,318,0
8938280,316,0
8940280,327,0
8942288,344,0
8944288,357,0
8946288,359,0
8948288,349,0
8950288,332,0
8952288,317,0
8954280,312,0
8956280,319,0
8958280,334,0
8960280,350,0
8962288,356,0
8964288,350,0
8966288,334,0
8968280,317,0
8970280,307,0
8972280,309,0
8974288,322,0
8976288,339,0
8978288,349,0
8980288,348,0
8982288,336,0
8984288,319,0
8986288,308,0
8988288,307,0
8990288,319,0
8992280,336,0
8994288,349,0
8996288,350,0
8998288,338,0
9000288,320,0
9002288,305,0
9004288,300,0
9006280,307,0
9008280,324,0
9010288,339,0
9012288,346,0
9014280,340,0
9016280,325,0
9018288,309,0
9020288,301,0
9022288,305,0
9024288,319,0
9026288,336,0
9028288,345,0
9030288,342,0
9032288,329,0
9034288,312,0
9036288,302,0
9038288,303,0
9040288,316,0
9042288,334,0
9044288,348,0
9046288,350,0
9048288,340,0
9050288,324,0
9052288,311,0
9054280,309,0
9056288,319,0
9058280,336,0
9060288,352,0
9062288,356,0
9064280,348,0
9066288,332,0
9068288,316,0
9070288,309,0
9072288,316,0
9074288,331,0
9076288,347,0
9078288,356,0
9080288,353,0
9082280,340,0
9084288,325,0
9086288,316,0
9088280,320,0
9090288,334,0
9092288,353,0
9094288,364,0
9096280,363,0
9098280,349,0
9100280,329,0
9102288,312,0
9104280,307,0
9106288,314,0
9108280,330,0
9110280,343,0
9112280,346,0
9114280,336,0
9116288,317,0
9118288,300,0
9120280,291,0
9122288,296,0
9124288,311,0
9126288,328,0
9128288,337,0
9130288,333,0
9132288,320,0
9134288,305,0
9136288,297,0
9138280,300,0
9140288,313,0
9142280,331,0
9144288,343,0
9146288,342,0
9148288,330,0
9150288,313,0
9152280,300,0
9154280,299,0
9156280,310,0
9158280,328,0
9160280,343,0
9162280,347,0
9164280,338,0
9166280,323,0
9168288,308,0
9170288,303,0
9172280,311,0
9174280,326,0
9176280,341,0
9178288,347,0
9180288,341,0
9182280,324,0
9184288,307,0
9186280,297,0
9188288,300,0
9190288,315,0
9192280,332,0
9194280,342,0
9196280,341,0
9198288,329,0
9200288,312,0
9202288,298,0
9204288,294,0
9206288,301,0
9208288,314,0
9210280,323,0
9212280,324,0
9214280,317,0
9216280,308,0
9218288,309,0
9220288,326,0
9222280,361,0
9224280,407,0
9226280,457,0
9228280,501,0
9230288,538,0
9232288,567,0
9234288,591,0
9236288,619,0
9238288,649,0
9240288,664,0
9242288,645,0
9244280,587,0
9246288,500,0
9248288,401,0
9250280,312,0
9252288,248,0
9254288,214,0
9256288,205,0
9258288,212,0
9260288,221,0
9262288,222,0
9264288,215,0
9266280,205,0
9268280,200,0
9270280,207,0
9272280,227,0
9274280,256,0
9276288,282,0
9278288,296,0
9280288,296,0
9282280,287,0
9284288,277,0
9286288,276,0
9288288,286,0
9290288,306,0
9292288,327,0
9294288,340,0
9296288,339,0
9298288,327,0
9300280,311,0
9302280,301,0
9304280,304,0
9306280,316,0
9308288,334,0
9310280,346,0
9312288,346,0
9314280,334,0
9316288,317,0
9318280,304,0
9320280,302,0
9322288,312,0
9324288,330,0
9326288,345,0
9328288,351,0
9330288,344,0
9332288,328,0
9334288,313,0
9336280,307,0
9338280,314,0
9340280,330,0
9342288,348,0
9344288,357,0
9346288,353,0
9348288,340,0
9350288,323,0
9352280,314,0
9354288,317,0
9356280,331,0
9358280,347,0
9360280,358,0
9362288,358,0
9364288,347,0
9366288,331,0
9368288,320,0
9370288,320,0
9372288,333,0
9374288,351,0
9376280,367,0
9378288,370,0
9380288,361,0
9382288,345,0
9384288,331,0
9386288,326,0
9388288,335,0
9390288,352,0
9392288,368,0
9394280,376,0
9396288,372,0
9398288,358,0
9400288,343,0
9402280,336,0
9404280,340,0
9406280,355,0
9408280,374,0
9410288,385,0
9412280,384,0
9414280,373,0
9416280,357,0
9418280,346,0
9420280,347,0
9422280,360,0
9424288,379,0
9426288,393,0
9428288,396,0
9430288,386,0
9432280,369,0
9434280,355,0
9436288,351,0
9438280,360,0
9440288,377,0
9442280,393,0
9444288,400,0
9446288,394,0
9448280,379,0
9450280,364,0
9452280,358,0
9454280,363,0
9456280,379,0
9458280,396,0
9460280,405,0
9462280,403,0
9464288,391,0
9466280,375,0
9468280,364,0
9470280,365,0
9472280,378,0
9474288,395,0
9476288,408,0
9478288,409,0
9480280,399,0
9482288,382,0
9484280,369,0
9486280,366,0
9488280,375,0
9490288,392,0
9492280,407,0
9494280,411,0
9496280,403,0
9498280,387,0
9500280,372,0
9502280,366,0
9504280,373,0
9506288,389,0
9508288,405,0
9510288,414,0
9512280,409,0
9514280,395,0
9516280,377,0
9518280,366,0
9520280,367,0
9522288,379,0
9524288,393,0
9526280,402,0
9528288,399,0
9530280,384,0
9532280,364,0
9534280,348,0
9536280,342,0
9538288,349,0
9540288,363,0
9542288,375,0
9544280,376,0
9546288,364,0
9548288,344,0
9550288,325,0
9552288,316,0
9554280,320,0
9556280,335,0
9558280,350,0
9560280,356,0
9562280,349,0
9564288,332,0
9566280,314,0
9568288,303,0
9570288,305,0
9572280,318,0
9574280,335,0
9576280,345,0
9578280,344,0
9580280,331,0
9582280,313,0
9584280,300,0
9586280,298,0
9588280,309,0
9590280,327,0
9592280,341,0
9594280,345,0
9596280,335,0
9598280,317,0
9600288,302,0
9602288,297,0
9604288,306,0
9606288,324,0
9608280,341,0
9610280,349,0
9612280,344,0
9614288,330,0
9616288,314,0
9618288,306,0
9620288,311,0
9622280,326,0
9624280,343,0
9626280,352,0
9628288,350,0
9630288,337,0
9632288,320,0
9634288,309,0
9636288,310,0
9638288,322,0
9640288,341,0
9642288,355,0
9644288,358,0
9646288,347,0
9648288,330,0
9650280,315,0
9652288,312,0
9654280,321,0
9656288,338,0
9658288,354,0
9660288,360,0
9662288,353,0
9664280,337,0
9666288,322,0
9668288,316,0
9670288,323,0
9672288,340,0
9674288,358,0
9676288,369,0
9678288,367,0
9680288,354,0
9682288,338,0
9684288,327,0
9686288,330,0
9688288,343,0
9690288,361,0
9692288,374,0
9694280,374,0
9696288,362,0
9698280,344,0
9700288,329,0
9702288,325,0
9704280,335,0
9706280,351,0
9708280,365,0
9710288,369,0
9712288,361,0
9714288,344,0
9716280,328,0
9718280,322,0
9720280,328,0
9722280,344,0
9724280,361,0
9726280,371,0
9728280,367,0
9730288,354,0
9732288,337,0
9734288,327,0
9736280,330,0
9738288,344,0
9740280,363,0
9742280,375,0
9744280,376,0
9746280,365,0
9748280,348,0
9750280,336,0
9752280,334,0
9754280,345,0
9756288,361,0
9758288,375,0
9760280,378,0
9762288,368,0
9764288,350,0
9766288,334,0
9768288,327,0
9770288,335,0
9772288,351,0
9774280,368,0
9776280,376,0
9778288,372,0
9780288,356,0
9782280,339,0
9784288,330,0
9786280,334,0
9788280,349,0
9790280,367,0
9792280,379,0
9794288,379,0
9796280,368,0
9798280,351,0
9800280,339,0
9802280,339,0
9804280,351,0
9806280,369,0
9808280,384,0
9810280,387,0
9812280,377,0
9814280,359,0
9816280,343,0
9818280,337,0
9820288,344,0
9822288,360,0
9824288,377,0
9826288,385,0
9828280,379,0
9830280,363,0
9832280,346,0
9834288,337,0
9836280,342,0
9838288,357,0
9840288,376,0
9842288,387,0
9844288,386,0
9846288,373,0
9848288,357,0
9850288,346,0
9852288,346,0
9854288,358,0
9856288,376,0
9858288,390,0
9860288,393,0
9862288,383,0
9864280,367,0
9866280,353,0
9868280,350,0
9870288,360,0
9872288,377,0
9874288,392,0
9876288,399,0
9878288,393,0
9880288,378,0
9882288,363,0
9884280,356,0
9886288,361,0
9888288,377,0
9890288,396,0
9892288,406,0
9894288,404,0
9896288,390,0
9898288,374,0
9900288,363,0
9902288,365,0
9904288,379,0
9906280,399,0
9908288,414,0
9910280,417,0
9912288,408,0
9914280,392,0
9916280,379,0
9918280,377,0
9920280,387,0
9922288,405,0
9924288,419,0
9926288,424,0
9928288,416,0
9930288,399,0
9932288,384,0
9934288,378,0
9936288,385,0
9938288,402,0
9940288,419,0
9942288,427,0
9944280,422,0
9946288,407,0
9948288,390,0
9950280,380,0
9952288,384,0
9954280,400,0
9956288,421,0
9958288,435,0
9960280,435,0
9962280,421,0
9964288,400,0
9966288,383,0
9968288,377,0
9970288,384,0
9972280,400,0
9974280,413,0
9976280,415,0
9978280,404,0
9980280,385,0
9982280,368,0
9984280,361,0
9986288,368,0
9988288,383,0
9990288,400,0
9992280,408,0
9994288,403,0
9996280,389,0
9998280,372,0
10000280,362,0
10002288,365,0
10004288,380,0
10006288,398,0
10008288,409,0
10010288,408,0
10012288,396,0
10014288,379,0
10016280,367,0
10018288,367,0
10020288,378,0
10022288,397,0
10024280,411,0
10026288,413,0
10028288,403,0
10030288,386,0
10032288,371,0
10034288,366,0
10036288,374,0
10038280,391,0
10040288,408,0
10042288,416,0
10044288,410,0
10046288,393,0
10048288,375,0
10050288,366,0
10052288,370,0
10054288,386,0
10056280,404,0
10058288,416,0
10060288,414,0
10062288,400,0
10064288,380,0
10066288,364,0
10068288,360,0
10070288,367,0
10072280,380,0
10074280,391,0
10076288,392,0
10078280,384,0
10080288,374,0
10082280,374,0
10084288,390,0
10086288,424,0
10088280,471,0
10090280,522,0
10092288,570,0
10094288,612,0
10096280,648,0
10098280,682,0
10100280,718,0
10102280,728,0
10104280,728,0
10106280,728,0
10108280,723,0
10110280,674,0
10112280,583,0
10114280,482,0
10116280,398,0
10118280,341,0
10120288,311,0
10122288,301,0
10124280,297,0
10126280,291,0
10128280,280,0
10130280,267,0
10132280,263,0
10134280,272,0
10136280,295,0
10138280,325,0
10140288,352,0
10142280,365,0
10144280,365,0
10146288,354,0
10148280,342,0
10150280,339,0
10152280,348,0
10154280,368,0
10156280,388,0
10158280,398,0
10160280,395,0
10162288,381,0
10164280,364,0
10166280,355,0
10168288,357,0
10170280,371,0
10172280,389,0
10174280,401,0
10176280,402,0
10178288,390,0
10180280,373,0
10182280,359,0
10184280,357,0
10186280,368,0
10188280,386,0
10190280,401,0
10192280,406,0
10194280,398,0
10196280,381,0
10198280,366,0
10200280,360,0
10202280,368,0
10204288,385,0
10206288,402,0
10208288,410,0
10210288,404,0
10212280,389,0
10214280,371,0
10216280,361,0
10218280,364,0
10220280,377,0
10222280,395,0
10224280,406,0
10226280,404,0
10228280,391,0
10230280,373,0
10232280,360,0
10234280,359,0
10236280,371,0
10238280,389,0
10240288,404,0
10242280,406,0
10244280,396,0
10246288,378,0
10248280,362,0
10250280,357,0
10252280,365,0
10254288,381,0
10256280,397,0
10258288,402,0
10260280,394,0
10262288,377,0
10264288,360,0
10266288,351,0
10268280,355,0
10270288,370,0
10272288,387,0
10274280,398,0
10276288,395,0
10278288,380,0
10280288,360,0
10282288,347,0
10284280,346,0
10286288,358,0
10288288,375,0
10290280,389,0
10292280,392,0
10294280,382,0
10296280,365,0
10298288,351,0
10300288,347,0
10302288,355,0
10304288,373,0
10306288,389,0
10308288,396,0
10310288,389,0
10312288,373,0
10314288,356,0
10316288,349,0
10318288,354,0
10320288,370,0
10322288,387,0
10324288,396,0
10326288,393,0
10328288,378,0
10330288,359,0
10332288,347,0
10334280,347,0
10336288,360,0
10338280,378,0
10340288,391,0
10342288,390,0
10344280,377,0
10346288,358,0
10348288,343,0
10350288,339,0
10352288,348,0
10354288,365,0
10356288,380,0
10358288,384,0
10360288,374,0
10362280,357,0
10364280,340,0
10366288,333,0
10368288,339,0
10370288,354,0
10372288,371,0
10374288,380,0
10376280,374,0
10378288,358,0
10380280,340,0
10382288,328,0
10384288,329,0
10386288,341,0
10388288,357,0
10390288,367,0
10392280,364,0
10394280,349,0
10396288,328,0
10398288,311,0
10400280,306,0
10402288,313,0
10404288,327,0
10406280,338,0
10408288,337,0
10410288,323,0
10412288,302,0
10414288,284,0
10416288,275,0
10418280,280,0
10420280,295,0
10422280,310,0
10424288,315,0
10426280,306,0
10428288,288,0
10430288,269,0
10432288,258,0
10434288,260,0
10436288,274,0
10438288,293,0
10440288,305,0
10442288,304,0
10444288,290,0
10446288,273,0
10448288,260,0
10450288,260,0
10452288,272,0
10454288,291,0
10456288,306,0
10458288,309,0
10460288,299,0
10462280,282,0
10464288,267,0
10466280,263,0
10468288,272,0
10470288,291,0
10472280,308,0
10474280,315,0
10476280,309,0
10478280,294,0
10480280,277,0
10482280,270,0
10484280,275,0
10486280,292,0
10488288,311,0
10490288,322,0
10492280,320,0
10494288,306,0
10496288,289,0
10498280,277,0
10500280,278,0
10502288,292,0
10504280,312,0
10506280,328,0
10508280,331,0
10510288,321,0
10512280,304,0
10514288,290,0
10516288,288,0
10518288,298,0
10520288,317,0
10522288,333,0
10524280,340,0
10526288,332,0
10528288,315,0
10530280,299,0
10532288,291,0
10534288,296,0
10536288,313,0
10538288,332,0
10540288,342,0
10542288,339,0
10544288,324,0
10546280,306,0
10548288,295,0
10550280,296,0
10552280,309,0
10554288,328,0
10556288,341,0
10558288,342,0
10560288,331,0
10562280,312,0
10564288,298,0
10566280,296,0
10568288,307,0
10570280,325,0
10572288,341,0
10574288,346,0
10576280,338,0
10578288,322,0
10580280,305,0
10582288,299,0
10584288,305,0
10586288,321,0
10588288,339,0
10590280,348,0
10592280,344,0
10594280,329,0
10596288,311,0
10598288,301,0
10600280,303,0
10602288,317,0
10604288,336,0
10606288,349,0
10608288,349,0
10610288,338,0
10612288,320,0
10614288,306,0
10616288,303,0
10618288,313,0
10620288,329,0
10622288,343,0
10624288,345,0
10626288,335,0
10628288,318,0
10630288,301,0
10632280,296,0
10634280,303,0
10636280,320,0
10638288,338,0
10640288,347,0
10642288,342,0
10644288,328,0
10646288,312,0
10648280,304,0
10650280,309,0
10652280,324,0
10654280,343,0
10656288,355,0
10658280,354,0
10660288,341,0
10662280,324,0
10664288,311,0
10666288,311,0
10668288,324,0
10670288,343,0
10672288,358,0
10674280,361,0
10676280,351,0
10678280,334,0
10680280,319,0
10682288,313,0
10684288,320,0
10686288,336,0
10688288,352,0
10690280,357,0
10692288,349,0
10694280,333,0
10696288,316,0
10698288,308,0
10700288,314,0
10702288,330,0
10704288,349,0
10706288,360,0
10708288,358,0
10710288,343,0
10712288,325,0
10714288,313,0
10716288,314,0
10718280,328,0
10720288,348,0
10722280,363,0
10724288,366,0
10726288,356,0
10728288,338,0
10730288,323,0
10732288,318,0
10734288,328,0
10736288,346,0
10738288,364,0
10740288,371,0
10742288,365,0
10744288,350,0
10746288,335,0
10748288,327,0
10750288,333,0
10752280,349,0
10754288,366,0
10756280,375,0
10758288,372,0
10760280,357,0
10762280,340,0
10764280,330,0
10766288,332,0
10768288,347,0
10770280,366,0
10772288,382,0
10774288,385,0
10776288,376,0
10778288,360,0
10780280,346,0
10782288,344,0
10784288,354,0
10786288,372,0
10788288,387,0
10790288,391,0
10792280,384,0
10794280,368,0
10796288,353,0
10798288,347,0
10800288,353,0
10802280,368,0
10804280,385,0
10806280,395,0
10808288,392,0
10810288,379,0
10812288,364,0
10814288,356,0
10816288,359,0
10818280,373,0
10820288,390,0
10822288,399,0
10824288,396,0
10826288,381,0
10828288,361,0
10830288,346,0
10832288,344,0
10834288,355,0
10836288,373,0
10838288,387,0
10840288,389,0
10842288,378,0
10844288,360,0
10846280,343,0
10848288,336,0
10850280,343,0
10852288,359,0
10854288,375,0
10856280,383,0
10858288,378,0
10860288,362,0
10862288,344,0
10864288,334,0
10866288,338,0
10868288,352,0
10870288,371,0
10872288,383,0
10874288,382,0
10876288,369,0
10878288,352,0
10880280,339,0
10882280,339,0
10884288,350,0
10886288,367,0
10888280,381,0
10890280,384,0
10892280,373,0
10894288,356,0
10896288,342,0
10898280,338,0
10900288,346,0
10902288,364,0
10904288,381,0
10906288,389,0
10908280,383,0
10910288,368,0
10912288,352,0
10914288,344,0
10916288,349,0
10918288,364,0
10920288,382,0
10922288,392,0
10924288,389,0
10926288,372,0
10928288,350,0
10930280,333,0
10932288,328,0
10934280,338,0
10936288,356,0
10938288,373,0
10940288,384,0
10942288,389,0
10944288,393,0
10946288,404,0
10948288,430,0
10950288,475,0
10952280,535,0
10954280,600,0
10956280,659,0
10958280,702,0
10960288,724,0
10962288,727,0
10964288,726,0
10966288,723,0
10968288,697,0
10970288,641,0
10972288,564,0
10974280,479,0
10976288,398,0
10978280,332,0
10980288,287,0
10982288,267,0
10984288,270,0
10986288,287,0
10988288,304,0
10990288,314,0
10992288,314,0
10994288,310,0
10996288,310,0
10998280,321,0
11000288,344,0
11002288,372,0
11004288,398,0
11006280,411,0
11008280,411,0
11010288,400,0
11012288,389,0
11014288,386,0
11016288,396,0
11018280,415,0
11020280,433,0
11022288,443,0
11024288,439,0
11026288,425,0
11028288,408,0
11030288,398,0
11032280,401,0
11034280,416,0
11036288,434,0
11038288,448,0
11040280,448,0
11042288,437,0
11044288,419,0
11046288,407,0
11048288,406,0
11050288,418,0
11052288,437,0
11054280,453,0
11056280,457,0
11058288,448,0
11060288,431,0
11062280,416,0
11064280,411,0
11066288,420,0
11068288,439,0
11070288,457,0
11072288,465,0
11074288,460,0
11076288,445,0
11078288,428,0
11080288,420,0
11082288,425,0
11084288,441,0
11086288,461,0
11088288,474,0
11090288,474,0
11092280,463,0
11094280,446,0
11096280,434,0
11098280,434,0
11100288,446,0
11102280,464,0
11104288,479,0
11106280,483,0
11108280,475,0
11110280,458,0
11112280,444,0
11114280,441,0
11116280,451,0
11118280,471,0
11120280,489,0
11122280,499,0
11124280,496,0
11126280,483,0
11128280,468,0
11130280,461,0
11132280,467,0
11134280,483,0
11136280,501,0
11138288,512,0
11140280,509,0
11142280,494,0
11144280,476,0
11146288,464,0
11148280,465,0
11150280,480,0
11152280,501,0
11154288,518,0
11156288,521,0
11158280,511,0
11160280,494,0
11162280,480,0
11164288,477,0
11166288,487,0
11168288,506,0
11170288,523,0
11172288,529,0
11174288,522,0
11176280,507,0
11178280,492,0
11180280,485,0
11182280,492,0
11184280,510,0
11186288,529,0
11188288,538,0
11190280,534,0
11192288,517,0
11194280,498,0
11196280,487,0
11198280,488,0
11200280,502,0
11202288,522,0
11204288,538,0
11206288,540,0
11208288,529,0
11210288,512,0
11212288,497,0
11214288,493,0
11216288,503,0
11218288,520,0
11220288,535,0
11222288,539,0
11224280,529,0
11226288,509,0
11228288,490,0
11230280,481,0
11232288,484,0
11234280,496,0
11236288,507,0
11238288,507,0
11240280,494,0
11242288,471,0
11244288,447,0
11246288,430,0
11248288,427,0
11250288,436,0
11252288,449,0
11254288,457,0
11256280,451,0
11258280,434,0
11260280,411,0
11262280,393,0
11264280,389,0
11266288,396,0
11268288,411,0
11270288,422,0
11272280,423,0
11274280,410,0
11276280,390,0
11278288,372,0
11280288,364,0
11282280,369,0
11284288,384,0
11286288,399,0
11288288,404,0
11290288,394,0
11292288,374,0
11294288,352,0
11296288,338,0
11298288,338,0
11300288,349,0
11302288,364,0
11304280,370,0
11306280,362,0
11308288,344,0
11310288,321,0
11312288,306,0
11314280,305,0
11316288,317,0
11318280,337,0
11320288,353,0
11322288,357,0
11324288,348,0
11326288,331,0
11328288,316,0
11330288,312,0
11332288,322,0
11334288,343,0
11336288,364,0
11338288,375,0
11340288,372,0
11342288,358,0
11344288,343,0
11346288,338,0
11348288,347,0
11350288,367,0
11352280,390,0
11354280,404,0
11356288,405,0
11358280,394,0
11360288,378,0
11362280,368,0
11364288,370,0
11366288,385,0
11368280,405,0
11370288,422,0
11372288,426,0
11374288,417,0
11376288,402,0
11378288,390,0
11380288,389,0
11382288,400,0
11384288,421,0
11386280,440,0
11388280,447,0
11390288,441,0
11392280,426,0
11394288,410,0
11396288,404,0
11398288,411,0
11400280,428,0
11402288,447,0
11404280,457,0
11406280,454,0
11408280,440,0
11410288,424,0
11412288,415,0
11414288,418,0
11416280,433,0
11418280,452,0
11420288,466,0
11422288,466,0
11424280,453,0
11426280,433,0
11428280,418,0
11430288,414,0
11432280,423,0
11434280,440,0
11436280,455,0
11438280,460,0
11440280,451,0
11442288,433,0
11444288,416,0
11446280,409,0
11448288,415,0
11450280,431,0
11452280,449,0
11454280,459,0
11456280,455,0
11458280,442,0
11460280,428,0
11462280,421,0
11464280,427,0
11466280,446,0
11468280,470,0
11470280,489,0
11472288,493,0
11474288,482,0
11476288,462,0
11478288,447,0
11480288,442,0
11482288,451,0
11484288,467,0
11486280,479,0
11488288,480,0
11490280,469,0
11492288,449,0
11494288,432,0
11496280,426,0
11498288,435,0
11500288,452,0
11502288,468,0
11504288,474,0
11506280,466,0
11508280,447,0
11510280,426,0
11512280,414,0
11514280,416,0
11516280,429,0
11518280,445,0
11520280,455,0
11522288,452,0
11524288,437,0
11526288,417,0
11528280,404,0
11530280,404,0
11532280,417,0
11534288,436,0
11536288,450,0
11538288,452,0
11540288,441,0
11542288,422,0
11544288,404,0
11546288,398,0
11548288,407,0
11550288,425,0
11552288,441,0
11554288,446,0
11556288,438,0
11558288,421,0
11560288,404,0
11562288,396,0
11564288,402,0
11566288,420,0
11568288,440,0
11570280,452,0
11572288,451,0
11574280,437,0
11576280,420,0
11578288,408,0
11580288,409,0
11582288,421,0
11584288,436,0
11586288,445,0
11588288,444,0
11590288,430,0
11592280,412,0
11594288,398,0
11596288,395,0
11598288,406,0
11600288,425,0
11602288,442,0
11604288,447,0
11606288,439,0
11608288,422,0
11610288,405,0
11612288,399,0
11614280,406,0
11616288,425,0
11618280,446,0
11620288,459,0
11622288,458,0
11624280,443,0
11626288,426,0
11628288,416,0
11630288,417,0
11632288,431,0
11634280,450,0
11636288,464,0
11638288,465,0
11640288,454,0
11642288,436,0
11644288,422,0
11646288,421,0
11648280,434,0
11650288,456,0
11652288,475,0
11654288,482,0
11656280,474,0
11658288,456,0
11660280,437,0
11662280,428,0
11664280,432,0
11666288,447,0
11668288,463,0
11670288,470,0
11672280,464,0
11674280,448,0
11676288,429,0
11678288,417,0
11680288,417,0
11682280,431,0
11684288,448,0
11686288,460,0
11688288,459,0
11690288,446,0
11692288,428,0
11694288,414,0
11696288,411,0
11698280,421,0
11700288,438,0
11702280,452,0
11704288,457,0
11706280,448,0
11708288,432,0
11710280,418,0
11712280,413,0
11714288,422,0
11716280,440,0
11718280,459,0
11720280,468,0
11722280,464,0
11724288,449,0
11726288,432,0
11728288,423,0
11730288,429,0
11732280,446,0
11734280,466,0
11736280,478,0
11738280,477,0
11740288,465,0
11742280,448,0
11744288,435,0
11746280,436,0
11748280,450,0
11750280,469,0
11752280,483,0
11754280,485,0
11756280,475,0
11758280,458,0
11760280,443,0
11762280,440,0
11764280,450,0
11766280,469,0
11768280,485,0
11770280,490,0
11772280,480,0
11774280,461,0
11776288,442,0
11778288,436,0
11780288,448,0
11782288,477,0
11784288,515,0
11786288,552,0
11788280,579,0
11790280,598,0
11792280,618,0
11794280,648,0
11796280,695,0
11798280,728,0
11800280,729,0
11802288,730,0
11804288,730,0
11806288,730,0
11808280,728,0
11810288,722,0
11812288,677,0
11814288,613,0
11816280,554,0
11818280,503,0
11820280,459,0
11822280,416,0
11824280,379,0
11826288,353,0
11828288,344,0
11830280,355,0
11832288,380,0
11834280,408,0
11836288,430,0
11838280,438,0
11840280,433,0
11842288,424,0
11844288,422,0
11846288,431,0
11848288,452,0
11850288,476,0
11852288,494,0
11854288,499,0
11856288,490,0
11858288,476,0
11860288,465,0
11862288,466,0
11864288,478,0
11866288,498,0
11868288,513,0
11870280,519,0
11872288,510,0
11874280,491,0
11876280,473,0
11878280,466,0
11880280,472,0
11882288,490,0
11884288,508,0
11886288,517,0
11888288,514,0
11890288,499,0
11892288,481,0
11894288,471,0
11896288,473,0
11898280,488,0
11900288,507,0
11902288,521,0
11904280,522,0
11906288,510,0
11908288,494,0
11910288,482,0
11912280,483,0
11914288,496,0
11916280,516,0
11918280,533,0
11920280,538,0
11922288,529,0
11924288,512,0
11926288,497,0
11928288,493,0
11930288,502,0
11932288,520,0
11934288,538,0
11936280,545,0
11938288,540,0
11940280,524,0
11942280,506,0
11944280,498,0
11946280,503,0
11948280,518,0
11950280,536,0
11952280,547,0
11954288,544,0
11956288,529,0
11958288,509,0
11960288,495,0
11962280,495,0
11964288,508,0
11966288,526,0
11968280,541,0
11970288,543,0
11972280,533,0
11974280,515,0
11976280,500,0
11978280,497,0
11980280,509,0
11982280,531,0
11984280,552,0
11986280,564,0
11988280,561,0
11990280,549,0
11992280,535,0
11994280,529,0
11996288,537,0
11998288,555,0
12000288,577,0
12002280,590,0
12004288,590,0
12006288,577,0
12008280,561,0
12010288,550,0
12012288,552,0
12014288,565,0
12016288,583,0
12018288,597,0
12020280,599,0
12022280,588,0
12024280,570,0
12026280,556,0
12028280,553,0
12030280,564,0
12032280,584,0
12034288,603,0
12036288,612,0
12038288,606,0
12040288,589,0
12042280,571,0
12044280,562,0
12046288,567,0
12048288,583,0
12050288,601,0
12052288,611,0
12054280,607,0
12056280,592,0
12058280,574,0
12060280,562,0
12062280,564,0
12064280,577,0
12066288,596,0
12068280,609,0
12070280,610,0
12072280,598,0
12074280,579,0
12076280,563,0
12078280,558,0
12080280,566,0
12082288,582,0
12084288,597,0
12086280,601,0
12088288,590,0
12090288,569,0
12092288,547,0
12094288,535,0
12096280,537,0
12098288,549,0
12100288,562,0
12102288,566,0
12104280,557,0
12106280,535,0
12108280,511,0
12110280,494,0
12112280,491,0
12114280,501,0
12116280,516,0
12118280,525,0
12120280,520,0
12122280,503,0
12124288,481,0
12126280,463,0
12128288,458,0
12130280,467,0
12132280,482,0
12134280,494,0
12136280,496,0
12138280,483,0
12140280,463,0
12142280,445,0
12144280,438,0
12146280,445,0
12148280,461,0
12150280,477,0
12152280,483,0
12154280,476,0
12156280,458,0
12158280,439,0
12160288,427,0
12162288,430,0
12164288,444,0
12166288,462,0
12168280,472,0
12170288,469,0
12172280,453,0
12174280,432,0
12176280,418,0
12178288,416,0
12180288,427,0
12182288,445,0
12184280,459,0
12186280,461,0
12188288,448,0
12190288,429,0
12192280,411,0
12194288,405,0
12196288,412,0
12198288,429,0
12200280,444,0
12202280,449,0
12204280,439,0
12206280,419,0
12208288,398,0
12210280,386,0
12212288,389,0
12214280,404,0
12216288,421,0
12218280,431,0
12220280,428,0
12222280,414,0
12224280,395,0
12226280,382,0
12228280,382,0
12230280,394,0
12232280,412,0
12234280,426,0
12236280,428,0
12238280,416,0
12240280,397,0
12242280,382,0
12244280,377,0
12246280,387,0
12248280,404,0
12250280,420,0
12252288,426,0
12254280,418,0
12256288,401,0
12258288,384,0
12260280,377,0
12262280,382,0
12264280,398,0
12266280,415,0
12268280,424,0
12270280,420,0
12272280,405,0
12274280,387,0
12276280,377,0
12278280,380,0
12280280,395,0
12282280,415,0
12284280,428,0
12286280,428,0
12288288,414,0
12290280,394,0
12292288,378,0
12294288,373,0
12296280,382,0
12298280,399,0
12300280,415,0
12302288,420,0
12304288,411,0
12306288,393,0
12308288,374,0
12310288,365,0
12312288,371,0
12314288,386,0
12316288,403,0
12318288,411,0
12320280,405,0
12322288,388,0
12324288,369,0
12326288,357,0
12328288,359,0
12330288,374,0
12332288,394,0
12334288,407,0
12336288,407,0
12338280,394,0
12340288,374,0
12342280,359,0
12344288,356,0
12346288,366,0
12348288,382,0
12350288,396,0
12352288,398,0
12354288,387,0
12356288,368,0
12358288,352,0
12360280,346,0
12362288,353,0
12364288,370,0
12366288,387,0
12368288,393,0
12370288,386,0
12372288,369,0
12374288,349,0
12376288,338,0
12378288,341,0
12380288,355,0
12382280,374,0
12384288,386,0
12386280,384,0
12388280,371,0
12390280,353,0
12392280,341,0
12394280,341,0
12396288,354,0
12398288,373,0
12400288,389,0
12402288,391,0
12404288,379,0
12406288,359,0
12408288,340,0
12410288,333,0
12412288,340,0
12414288,358,0
12416280,374,0
12418288,379,0
12420288,371,0
12422288,352,0
12424288,333,0
12426280,323,0
12428280,328,0
12430280,346,0
12432280,366,0
12434288,379,0
12436288,377,0
12438280,363,0
12440280,343,0
12442280,328,0
12444288,324,0
12446288,333,0
12448280,348,0
12450288,358,0
12452280,358,0
12454288,345,0
12456288,326,0
12458288,311,0
12460288,308,0
12462288,317,0
12464288,335,0
12466280,350,0
12468288,355,0
12470280,345,0
12472288,327,0
12474288,308,0
12476288,301,0
12478280,308,0
12480280,326,0
12482288,346,0
12484288,356,0
12486288,352,0
12488288,337,0
12490288,318,0
12492288,307,0
12494280,308,0
12496288,321,0
12498288,338,0
12500288,348,0
12502288,347,0
12504288,334,0
12506288,314,0
12508288,300,0
12510280,297,0
12512288,308,0
12514280,328,0
12516288,345,0
12518288,350,0
12520280,342,0
12522280,324,0
12524288,307,0
12526288,300,0
12528280,307,0
12530280,324,0
12532280,342,0
12534280,350,0
12536280,344,0
12538280,328,0
12540280,309,0
12542280,299,0
12544280,304,0
12546288,319,0
12548288,336,0
12550288,345,0
12552288,340,0
12554280,321,0
12556280,297,0
12558280,280,0
12560280,280,0
12562288,298,0
12564288,330,0
12566288,366,0
12568288,397,0
12570280,419,0
12572288,438,0
12574280,463,0
12576280,502,0
12578288,558,0
12580280,622,0
12582280,680,0
12584280,719,0
12586280,723,0
12588280,691,0
12590280,616,0
12592280,521,0
12594288,428,0
12596288,357,0
12598280,311,0
12600288,280,0
12602280,254,0
12604280,228,0
12606280,205,0
12608280,191,0
12610288,192,0
12612280,208,0
12614280,232,0
12616280,255,0
12618288,267,0
12620288,266,0
12622280,259,0
12624280,255,0
12626280,261,0
12628280,278,0
12630280,303,0
12632280,325,0
12634280,337,0
12636288,334,0
12638280,321,0
12640288,307,0
12642280,302,0
12644280,311,0
12646280,330,0
12648280,349,0
12650280,360,0
12652280,357,0
12654280,341,0
12656280,322,0
12658280,310,0
12660280,310,0
12662280,322,0
12664280,340,0
12666280,352,0
12668280,353,0
12670280,341,0
12672280,322,0
12674288,307,0
12676280,303,0
12678280,312,0
12680288,330,0
12682288,347,0
12684280,354,0
12686280,347,0
12688280,331,0
12690280,315,0
12692280,306,0
12694280,312,0
12696288,328,0
12698280,345,0
12700288,353,0
12702288,348,0
12704280,332,0
12706288,312,0
12708280,301,0
12710280,302,0
12712280,316,0
12714280,335,0
12716280,348,0
12718280,348,0
12720280,335,0
12722288,317,0
12724288,303,0
12726288,302,0
12728288,313,0
12730280,332,0
12732280,349,0
12734280,355,0
12736280,347,0
12738280,330,0
12740280,314,0
12742280,308,0
12744280,316,0
12746280,333,0
12748280,352,0
12750280,362,0
12752280,358,0
12754280,343,0
12756280,326,0
12758280,317,0
12760288,322,0
12762280,339,0
12764288,359,0
12766288,374,0
12768288,376,0
12770288,365,0
12772280,350,0
12774280,339,0
12776280,340,0
12778280,355,0
12780280,376,0
12782280,394,0
12784280,399,0
12786280,389,0
12788280,371,0
12790280,354,0
12792280,347,0
12794280,355,0
12796280,373,0
12798280,390,0
12800288,397,0
12802280,391,0
12804280,373,0
12806280,354,0
12808280,343,0
12810280,346,0
12812280,360,0
12814288,378,0
12816288,388,0
12818280,385,0
12820288,370,0
12822288,350,0
12824288,337,0
12826288,336,0
12828280,349,0
12830288,369,0
12832288,384,0
12834280,389,0
12836288,380,0
12838288,363,0
12840288,348,0
12842288,345,0
12844288,355,0
12846288,374,0
12848288,392,0
12850280,399,0
12852288,390,0
12854280,371,0
12856280,352,0
12858288,341,0
12860288,345,0
12862288,359,0
12864288,374,0
12866280,381,0
12868288,375,0
12870288,356,0
12872288,333,0
12874288,316,0
12876288,310,0
12878288,317,0
12880288,329,0
12882288,335,0
12884288,327,0
12886288,307,0
12888288,281,0
12890288,260,0
12892288,251,0
12894280,256,0
12896288,271,0
12898280,285,0
12900288,287,0
12902288,276,0
12904280,256,0
12906288,236,0
12908288,226,0
12910288,230,0
12912288,244,0
12914288,259,0
12916288,267,0
12918288,262,0
12920288,246,0
12922288,228,0
12924288,219,0
12926288,223,0
12928288,242,0
12930280,267,0
12932288,286,0
12934288,292,0
12936280,284,0
12938280,269,0
12940280,257,0
12942280,257,0
12944280,269,0
12946288,289,0
12948288,306,0
12950288,312,0
12952280,304,0
12954280,288,0
12956288,274,0
12958288,272,0
12960280,286,0
12962288,310,0
12964288,334,0
12966288,348,0
12968288,348,0
12970288,337,0
12972288,323,0
12974288,317,0
12976288,322,0
12978280,338,0
12980288,358,0
12982280,370,0
12984288,368,0
12986288,351,0
12988288,325,0
12990288,304,0
12992280,295,0
12994288,302,0
12996280,317,0
12998280,327,0
13000280,323,0
13002288,305,0
13004288,278,0
13006280,254,0
13008288,244,0
13010288,252,0
13012288,272,0
13014280,294,0
13016280,306,0
13018280,304,0
13020288,292,0
13022280,278,0
13024288,274,0
13026280,284,0
13028288,307,0
13030288,333,0
13032280,352,0
13034280,356,0
13036280,346,0
13038280,331,0
13040280,321,0
13042280,323,0
13044280,339,0
13046280,360,0
13048280,375,0
13050280,379,0
13052280,369,0
13054280,353,0
13056280,340,0
13058288,338,0
13060288,350,0
13062288,370,0
13064288,389,0
13066288,398,0
13068280,395,0
13070280,384,0
13072280,371,0
13074280,368,0
13076280,379,0
13078280,402,0
13080280,426,0
13082280,442,0
13084280,444,0
13086280,433,0
13088280,418,0
13090288,410,0
13092280,415,0
13094280,432,0
13096280,457,0
13098280,477,0
13100280,485,0
13102280,479,0
13104280,468,0
13106288,460,0
13108288,463,0
13110280,479,0
13112280,503,0
13114288,524,0
13116288,535,0
13118288,532,0
13120288,519,0
13122280,506,0
13124288,502,0
13126280,512,0
13128288,531,0
13130280,550,0
13132288,561,0
13134288,558,0
13136288,544,0
13138280,527,0
13140288,516,0
13142288,519,0
13144288,535,0
13146288,555,0
13148288,569,0
13150280,568,0
13152280,554,0
13154280,533,0
13156288,516,0
13158288,510,0
13160288,520,0
13162280,537,0
13164288,553,0
13166288,559,0
13168288,551,0
13170288,534,0
13172288,519,0
13174288,513,0
13176288,521,0
13178288,537,0
13180288,553,0
13182288,559,0
13184288,551,0
13186288,531,0
13188288,511,0
13190288,500,0
13192280,503,0
13194280,516,0
13196280,535,0
13198288,546,0
13200288,545,0
13202280,532,0
13204288,514,0
13206288,501,0
13208288,501,0
13210288,513,0
13212280,532,0
13214288,546,0
13216288,547,0
13218280,534,0
13220288,513,0
13222288,493,0
13224288,484,0
13226288,490,0
13228288,506,0
13230288,522,0
13232288,528,0
13234280,520,0
13236280,501,0
13238280,480,0
13240280,468,0
13242288,470,0
13244288,484,0
13246288,500,0
13248288,510,0
13250288,507,0
13252288,492,0
13254288,473,0
13256288,459,0
13258288,457,0
13260288,469,0
13262288,486,0
13264288,499,0
13266288,501,0
13268288,489,0
13270288,468,0
13272280,451,0
13274288,444,0
13276288,452,0
13278280,469,0
13280288,486,0
13282280,493,0
13284288,485,0
13286288,466,0
13288288,447,0
13290288,437,0
13292288,440,0
13294288,455,0
13296288,473,0
13298288,483,0
13300288,479,0
13302288,464,0
13304288,444,0
13306288,432,0
13308288,432,0
13310288,445,0
13312280,462,0
13314280,474,0
13316288,474,0
13318288,460,0
13320280,438,0
13322280,420,0
13324280,412,0
13326288,417,0
13328288,430,0
13330280,443,0
13332288,448,0
13334288,445,0
13336288,438,0
13338288,438,0
13340280,453,0
13342288,488,0
13344288,537,0
13346288,593,0
13348288,645,0
13350288,688,0
13352288,719,0
13354288,727,0
13356288,728,0
13358288,729,0
13360288,728,0
13362280,727,0
13364280,715,0
13366280,649,0
13368280,551,0
13370288,450,0
13372288,371,0
13374288,321,0
13376288,301,0
13378280,303,0
13380288,313,0
13382288,318,0
13384288,315,0
13386288,308,0
13388288,302,0
13390288,308,0
13392288,328,0
13394288,356,0
13396288,385,0
13398288,402,0
13400288,404,0
13402288,395,0
13404288,382,0
13406280,376,0
13408288,383,0
13410280,401,0
13412288,423,0
13414288,438,0
13416280,439,0
13418288,426,0
13420288,407,0
13422288,392,0
13424288,389,0
13426288,400,0
13428288,417,0
13430288,430,0
13432280,432,0
13434280,420,0
13436280,402,0
13438288,386,0
13440288,382,0
13442280,392,0
13444288,412,0
13446280,431,0
13448280,439,0
13450280,434,0
13452280,417,0
13454288,400,0
13456288,391,0
13458280,397,0
13460288,415,0
13462288,436,0
13464288,450,0
13466288,450,0
13468280,437,0
13470288,419,0
13472288,407,0
13474280,407,0
13476288,420,0
13478288,439,0
13480288,454,0
13482288,457,0
13484288,447,0
13486288,429,0
13488288,414,0
13490280,410,0
13492280,420,0
13494280,440,0
13496280,459,0
13498280,467,0
13500288,461,0
13502288,444,0
13504288,427,0
13506288,420,0
13508288,425,0
13510288,443,0
13512288,463,0
13514288,476,0
13516288,475,0
13518280,463,0
13520288,447,0
13522280,437,0
13524288,441,0
13526288,455,0
13528288,475,0
13530288,489,0
13532288,491,0
13534280,481,0
13536280,464,0
13538280,449,0
13540288,446,0
13542288,456,0
13544288,473,0
13546288,488,0
13548288,492,0
13550288,482,0
13552288,463,0
13554288,447,0
13556288,440,0
13558288,447,0
13560288,465,0
13562288,483,0
13564288,491,0
13566288,486,0
13568288,470,0
13570288,452,0
13572288,442,0
13574288,446,0
13576280,462,0
13578280,482,0
13580280,497,0
13582288,499,0
13584288,487,0
13586288,470,0
13588288,457,0
13590288,457,0
13592288,470,0
13594280,489,0
13596288,505,0
13598288,510,0
13600280,502,0
13602288,484,0
13604280,468,0
13606288,461,0
13608288,467,0
13610288,483,0
13612288,499,0
13614288,506,0
13616288,498,0
13618280,480,0
13620280,461,0
13622280,448,0
13624280,449,0
13626288,463,0
13628288,479,0
13630288,489,0
13632288,486,0
13634280,471,0
13636288,449,0
13638288,433,0
13640288,428,0
13642288,436,0
13644288,451,0
13646288,462,0
13648288,461,0
13650288,446,0
13652288,423,0
13654288,402,0
13656288,392,0
13658288,395,0
13660288,408,0
13662280,421,0
13664288,424,0
13666280,413,0
13668288,394,0
13670288,375,0
13672280,364,0
13674280,368,0
13676288,383,0
13678288,400,0
13680288,411,0
13682288,408,0
13684288,393,0
13686288,374,0
13688288,360,0
13690288,360,0
13692288,372,0
13694288,389,0
13696280,402,0
13698288,404,0
13700288,392,0
13702288,373,0
13704280,357,0
13706288,353,0
13708280,362,0
13710280,380,0
13712280,398,0
13714280,405,0
13716288,398,0
13718280,381,0
13720280,363,0
13722280,355,0
13724288,360,0
13726288,376,0
13728288,394,0
13730288,405,0
13732288,403,0
13734288,389,0
13736280,373,0
13738280,363,0
13740280,365,0
13742280,380,0
13744280,398,0
13746288,411,0
13748288,411,0
13750280,397,0
13752288,378,0
13754280,363,0
13756280,359,0
13758280,370,0
13760280,388,0
13762288,404,0
13764288,409,0
13766280,400,0
13768288,382,0
13770288,364,0
13772288,355,0
13774288,361,0
13776288,377,0
13778288,395,0
13780288,404,0
13782288,399,0
13784288,382,0
13786288,362,0
13788288,349,0
13790280,349,0
13792288,361,0
13794280,375,0
13796288,384,0
13798288,378,0
13800280,359,0
13802280,333,0
13804288,313,0
13806288,306,0
13808288,315,0
13810288,333,0
13812288,350,0
13814288,357,0
13816288,352,0
13818280,339,0
13820280,326,0
13822280,324,0
13824280,335,0
13826288,354,0
13828288,374,0
13830288,383,0
13832280,379,0
13834288,363,0
13836280,346,0
13838288,338,0
13840288,342,0
13842288,357,0
13844288,376,0
13846288,389,0
13848288,389,0
13850288,377,0
13852288,360,0
13854288,348,0
13856288,348,0
13858288,360,0
13860288,377,0
13862288,390,0
13864280,392,0
13866280,380,0
13868288,362,0
13870288,347,0
13872288,344,0
13874280,354,0
13876288,375,0
13878280,395,0
13880288,405,0
13882288,401,0
13884288,386,0
13886288,370,0
13888288,362,0
13890288,368,0
13892288,385,0
13894288,405,0
13896288,417,0
13898288,415,0
13900288,402,0
13902280,384,0
13904280,373,0
13906280,374,0
13908280,388,0
13910280,407,0
13912280,422,0
13914280,425,0
13916288,416,0
13918288,400,0
13920288,387,0
13922280,385,0
13924280,396,0
13926280,416,0
13928280,434,0
13930288,442,0
13932288,436,0
13934288,420,0
13936288,405,0
13938288,400,0
13940288,407,0
13942288,425,0
13944288,444,0
13946288,457,0
13948288,455,0
13950288,442,0
13952280,427,0
13954288,418,0
13956288,423,0
13958288,439,0
13960280,462,0
13962280,480,0
13964280,486,0
13966288,479,0
13968280,465,0
13970288,455,0
13972288,457,0
13974288,471,0
13976280,494,0
13978280,517,0
13980288,529,0
13982288,528,0
13984280,518,0
13986288,508,0
13988288,508,0
13990288,521,0
13992280,544,0
13994280,567,0
13996280,583,0
13998280,585,0
14000280,575,0
14002288,564,0
14004280,560,0
14006288,569,0
14008288,588,0
14010280,610,0
14012280,625,0
14014280,626,0
14016280,614,0
14018288,596,0
14020280,584,0
14022280,584,0
14024280,597,0
14026280,617,0
14028280,635,0
14030280,640,0
14032288,633,0
14034288,618,0
14036280,605,0
14038280,601,0
14040280,610,0
14042280,627,0
14044288,645,0
14046280,653,0
14048288,646,0
14050280,627,0
14052280,606,0
14054280,593,0
14056280,594,0
14058280,607,0
14060280,624,0
14062280,634,0
14064280,631,0
14066280,615,0
14068280,593,0
14070280,575,0
14072280,569,0
14074280,577,0
14076280,592,0
14078280,604,0
14080288,605,0
14082288,593,0
14084288,573,0
14086288,555,0
14088280,547,0
14090288,553,0
14092280,567,0
14094288,582,0
14096288,585,0
14098288,576,0
14100288,556,0
14102288,534,0
14104288,522,0
14106288,523,0
14108288,536,0
14110288,552,0
14112280,561,0
14114288,558,0
14116288,542,0
14118288,523,0
14120280,509,0
14122280,508,0
14124280,520,0
14126280,537,0
14128280,550,0
14130288,550,0
14132288,537,0
14134280,517,0
14136288,500,0
14138288,494,0
14140288,501,0
14142288,517,0
14144288,531,0
14146288,535,0
14148288,526,0
14150288,506,0
14152280,485,0
14154288,472,0
14156288,471,0
14158280,480,0
14160288,490,0
14162288,494,0
14164288,487,0
14166288,472,0
14168280,457,0
14170280,455,0
14172288,472,0
14174280,507,0
14176288,553,0
14178288,599,0
14180288,640,0
14182288,674,0
14184280,704,0
14186280,726,0
14188288,728,0
14190288,729,0
14192280,730,0
14194280,730,0
14196280,729,0
14198280,724,0
14200280,666,0
14202280,569,0
14204280,474,0
14206280,402,0
14208280,357,0
14210288,333,0
14212288,319,0
14214280,306,0
14216288,290,0
14218280,279,0
14220292,281,0
14222280,297,0
14224280,324,0
14226288,353,0
14228288,374,0
14230280,381,0
14232280,373,0
14234280,358,0
14236280,346,0
14238280,346,0
14240280,357,0
14242288,376,0
14244288,390,0
14246288,392,0
14248280,380,0
14250280,359,0
14252280,340,0
14254280,331,0
14256288,337,0
14258280,353,0
14260288,368,0
14262280,375,0
14264288,368,0
14266288,349,0
14268288,329,0
14270288,316,0
14272280,317,0
14274280,330,0
14276280,348,0
14278280,358,0
14280280,356,0
14282280,340,0
14284280,320,0
14286280,306,0
14288280,303,0
14290280,313,0
14292280,331,0
14294280,344,0
14296280,345,0
14298280,334,0
14300288,315,0
14302288,298,0
14304288,293,0
14306288,301,0
14308280,317,0
14310280,333,0
14312280,339,0
14314280,332,0
14316280,314,0
14318280,296,0
14320280,287,0
14322280,290,0
14324280,304,0
14326280,320,0
14328280,329,0
14330280,325,0
14332280,309,0
14334280,288,0
14336288,274,0
14338288,273,0
14340288,285,0
14342288,303,0
14344280,317,0
14346288,318,0
14348280,306,0
14350280,286,0
14352280,269,0
14354288,263,0
14356288,270,0
14358288,286,0
14360288,301,0
14362288,306,0
14364288,297,0
14366288,280,0
14368280,262,0
14370288,254,0
14372288,259,0
14374288,275,0
14376280,294,0
14378280,304,0
14380280,300,0
14382280,286,0
14384280,268,0
14386288,258,0
14388288,261,0
14390280,277,0
14392288,297,0
14394280,312,0
14396280,313,0
14398280,302,0
14400280,285,0
14402288,271,0
14404288,269,0
14406288,280,0
14408288,299,0
14410288,316,0
14412288,322,0
14414288,315,0
14416288,298,0
14418288,282,0
14420280,275,0
14422288,284,0
14424288,302,0
14426288,320,0
14428288,330,0
14430280,327,0
14432280,312,0
14434280,295,0
14436288,284,0
14438288,286,0
14440288,300,0
14442288,318,0
14444288,329,0
14446288,327,0
14448288,313,0
14450288,293,0
14452288,278,0
14454288,275,0
14456288,286,0
14458288,304,0
14460288,319,0
14462288,322,0
14464288,311,0
14466288,290,0
14468288,271,0
14470288,262,0
14472280,266,0
14474280,281,0
14476280,296,0
14478288,301,0
14480288,292,0
14482288,274,0
14484288,253,0
14486288,239,0
14488288,239,0
14490288,249,0
14492288,264,0
14494288,272,0
14496288,267,0
14498288,251,0
14500288,229,0
14502288,213,0
14504288,210,0
14506288,220,0
14508288,236,0
14510288,249,0
14512288,251,0
14514280,240,0
14516288,221,0
14518280,204,0
14520288,197,0
14522288,204,0
14524288,221,0
14526288,238,0
14528288,246,0
14530288,240,0
14532288,224,0
14534288,206,0
14536280,197,0
14538280,201,0
14540280,216,0
14542280,234,0
14544288,244,0
14546288,240,0
14548288,225,0
14550288,207,0
14552288,195,0
14554288,197,0
14556288,210,0
14558280,229,0
14560288,243,0
14562280,244,0
14564288,233,0
14566288,214,0
14568280,198,0
14570280,194,0
14572288,204,0
14574288,223,0
14576288,241,0
14578288,248,0
14580288,242,0
14582288,225,0
14584288,208,0
14586288,201,0
14588288,207,0
14590288,224,0
14592280,243,0
14594288,253,0
14596288,249,0
14598288,235,0
14600280,216,0
14602280,205,0
14604280,206,0
14606288,219,0
14608288,238,0
14610288,252,0
14612288,253,0
14614288,242,0
14616288,224,0
14618288,211,0
14620288,209,0
14622288,221,0
14624280,241,0
14626288,258,0
14628288,265,0
14630288,257,0
14632280,241,0
14634280,224,0
14636280,217,0
14638280,222,0
14640280,239,0
14642288,257,0
14644288,267,0
14646280,263,0
14648288,249,0
14650288,231,0
14652288,221,0
14654288,224,0
14656288,239,0
14658288,260,0
14660288,274,0
14662288,276,0
14664280,265,0
14666288,247,0
14668288,233,0
14670288,230,0
14672288,241,0
14674288,260,0
14676280,276,0
14678280,281,0
14680280,272,0
14682280,255,0
14684288,238,0
14686280,232,0
14688288,240,0
14690280,257,0
14692280,275,0
14694280,283,0
14696280,276,0
14698280,259,0
14700280,240,0
14702280,230,0
14704280,234,0
14706280,250,0
14708280,270,0
14710280,283,0
14712280,282,0
14714280,269,0
14716280,250,0
14718280,237,0
14720288,236,0
14722288,249,0
14724288,268,0
14726288,283,0
14728288,286,0
14730280,276,0
14732292,258,0
14734280,243,0
14736280,238,0
14738280,248,0
14740280,268,0
14742280,287,0
14744280,295,0
14746280,289,0
14748288,273,0
14750288,256,0
14752288,249,0
14754280,254,0
14756288,270,0
14758288,289,0
14760288,301,0
14762288,299,0
14764288,286,0
14766288,269,0
14768288,258,0
14770280,259,0
14772280,274,0
14774280,294,0
14776288,308,0
14778288,311,0
14780288,300,0
14782288,283,0
14784288,269,0
14786288,267,0
14788288,279,0
14790288,299,0
14792288,316,0
14794288,323,0
14796288,316,0
14798280,299,0
14800288,282,0
14802288,275,0
14804288,281,0
14806288,298,0
14808288,318,0
14810288,329,0
14812288,327,0
14814280,314,0
14816288,296,0
14818280,286,0
14820288,289,0
14822288,305,0
14824280,326,0
14826280,342,0
14828280,345,0
14830288,334,0
14832288,317,0
14834288,304,0
14836288,303,0
14838280,316,0
14840280,337,0
14842280,356,0
14844280,363,0
14846280,358,0
14848280,344,0
14850288,330,0
14852288,327,0
14854288,337,0
14856280,357,0
14858280,377,0
14860280,387,0
14862288,382,0
14864288,366,0
14866288,348,0
14868288,337,0
14870288,341,0
14872288,357,0
14874288,378,0
14876288,392,0
14878288,393,0
14880280,381,0
14882288,364,0
14884288,351,0
14886288,351,0
14888280,363,0
14890288,381,0
14892288,396,0
14894280,398,0
14896280,386,0
14898288,365,0
14900280,348,0
14902280,340,0
14904288,346,0
14906288,360,0
14908288,375,0
14910280,381,0
14912280,373,0
14914288,354,0
14916288,333,0
14918288,321,0
14920288,323,0
14922288,337,0
14924288,356,0
14926288,367,0
14928288,365,0
14930288,351,0
14932280,330,0
14934280,315,0
14936280,313,0
14938280,323,0
14940288,341,0
14942280,355,0
14944288,357,0
14946280,346,0
14948280,327,0
14950280,309,0
14952288,303,0
14954288,311,0
14956288,329,0
14958288,346,0
14960288,354,0
14962288,348,0
14964288,331,0
14966288,313,0
14968280,303,0
14970280,307,0
14972280,321,0
14974280,339,0
14976280,350,0
14978288,347,0
14980288,332,0
14982288,312,0
14984288,299,0
14986288,299,0
14988280,311,0
14990280,330,0
14992280,344,0
14994288,346,0
14996288,334,0
14998288,315,0
15000280,301,0
15002280,298,0
15004280,307,0
15006280,324,0
15008280,337,0
15010280,339,0
15012280,328,0
15014280,311,0
15016280,296,0
15018280,297,0
15020280,317,0
15022280,354,0
15024280,399,0
15026288,439,0
15028288,470,0
15030288,495,0
15032288,523,0
15034280,561,0
15036280,610,0
15038280,667,0
15040280,717,0
15042280,726,0
15044280,707,0
15046280,637,0
15048280,536,0
15050280,429,0
15052280,343,0
15054280,290,0
15056280,263,0
15058280,249,0
15060280,238,0
15062280,221,0
15064280,202,0
15066280,189,0
15068288,189,0
15070288,206,0
15072288,236,0
15074288,268,0
15076288,288,0
15078288,294,0
15080280,287,0
15082280,276,0
15084280,271,0
15086280,278,0
15088280,296,0
15090280,319,0
15092280,335,0
15094280,339,0
15096280,329,0
15098280,314,0
15100280,302,0
15102280,302,0
15104288,314,0
15106288,333,0
15108288,349,0
15110288,355,0
15112288,347,0
15114288,332,0
15116280,317,0
15118280,312,0
15120280,319,0
15122280,336,0
15124280,354,0
15126280,362,0
15128280,356,0
15130280,339,0
15132280,321,0
15134280,312,0
15136280,316,0
15138280,331,0
15140280,350,0
15142280,362,0
15144280,360,0
15146280,346,0
15148280,327,0
15150280,313,0
15152280,313,0
15154280,325,0
15156280,344,0
15158288,359,0
15160288,363,0
15162280,354,0
15164280,337,0
15166280,322,0
15168280,316,0
15170280,325,0
15172280,343,0
15174280,359,0
15176280,365,0
15178280,358,0
15180280,341,0
15182280,324,0
15184280,315,0
15186280,320,0
15188280,336,0
15190280,354,0
15192280,364,0
15194280,363,0
15196288,350,0
15198288,333,0
15200288,322,0
15202280,322,0
15204280,335,0
15206280,354,0
15208280,367,0
15210280,368,0
15212280,357,0
15214280,338,0
15216280,323,0
15218280,320,0
15220280,330,0
15222280,349,0
15224280,367,0
15226280,375,0
15228280,369,0
15230280,354,0
15232288,337,0
15234288,330,0
15236280,337,0
15238280,354,0
15240288,372,0
15242280,383,0
15244292,381,0
15246280,368,0
15248280,350,0
15250280,338,0
15252280,338,0
15254280,352,0
15256280,370,0
15258280,384,0
15260280,386,0
15262280,376,0
15264280,359,0
15266280,346,0
15268280,345,0
15270280,357,0
15272280,376,0
15274280,393,0
15276280,400,0
15278280,392,0
15280280,375,0
15282288,358,0
15284288,352,0
15286288,360,0
15288288,378,0
15290280,397,0
15292280,407,0
15294280,403,0
15296280,387,0
15298280,368,0
15300280,355,0
15302280,356,0
15304280,369,0
15306280,387,0
15308280,399,0
15310288,398,0
15312280,384,0
15314280,364,0
15316280,349,0
15318280,346,0
15320288,355,0
15322280,372,0
15324288,385,0
15326288,386,0
15328288,373,0
15330288,352,0
15332280,332,0
15334280,322,0
15336280,324,0
15338280,336,0
15340280,347,0
15342280,350,0
15344280,341,0
15346280,321,0
15348280,302,0
15350280,289,0
15352280,289,0
15354288,301,0
15356280,316,0
15358288,325,0
15360288,321,0
15362280,306,0
15364288,286,0
15366288,272,0
15368280,269,0
15370280,279,0
15372280,296,0
15374280,310,0
15376280,313,0
15378288,303,0
15380288,285,0
15382288,271,0
15384288,267,0
15386288,276,0
15388288,292,0
15390288,307,0
15392280,314,0
15394280,308,0
15396280,293,0
15398280,279,0
15400280,273,0
15402280,280,0
15404288,298,0
15406288,317,0
15408288,330,0
15410280,328,0
15412288,315,0
15414280,296,0
15416288,284,0
15418288,283,0
15420288,296,0
15422288,315,0
15424280,329,0
15426288,333,0
15428288,323,0
15430288,308,0
15432280,296,0
15434280,294,0
15436280,304,0
15438280,321,0
15440280,338,0
15442288,344,0
15444288,339,0
15446288,324,0
15448288,310,0
15450280,305,0
15452288,313,0
15454288,330,0
15456288,348,0
15458280,358,0
15460280,355,0
15462280,342,0
15464280,326,0
15466288,316,0
15468288,319,0
15470280,335,0
15472280,355,0
15474280,369,0
15476280,371,0
15478280,360,0
15480280,344,0
15482280,330,0
15484280,326,0
15486280,335,0
15488280,352,0
15490288,367,0
15492288,373,0
15494288,367,0
15496288,353,0
15498288,340,0
15500280,336,0
15502280,346,0
15504280,364,0
15506280,383,0
15508280,393,0
15510280,390,0
15512280,376,0
15514280,359,0
15516280,350,0
15518280,353,0
15520280,368,0
15522288,388,0
15524280,402,0
15526288,403,0
15528280,392,0
15530280,376,0
15532280,364,0
15534280,364,0
15536280,375,0
15538288,392,0
15540288,406,0
15542288,410,0
15544288,400,0
15546280,384,0
15548280,369,0
15550280,364,0
15552280,371,0
15554280,387,0
15556280,403,0
15558280,411,0
15560280,406,0
15562280,391,0
15564280,374,0
15566280,366,0
15568288,371,0
15570288,387,0
15572280,405,0
15574280,416,0
15576280,416,0
15578280,404,0
15580288,388,0
15582280,377,0
15584288,377,0
15586280,390,0
15588280,409,0
15590280,423,0
15592280,427,0
15594280,417,0
15596280,401,0
15598280,386,0
15600280,382,0
15602280,390,0
15604280,407,0
15606280,424,0
15608280,431,0
15610280,424,0
15612280,408,0
15614280,390,0
15616280,381,0
15618288,386,0
15620288,402,0
15622288,420,0
15624288,432,0
15626288,430,0
15628280,417,0
15630280,402,0
15632280,393,0
15634280,396,0
15636280,409,0
15638280,427,0
15640280,441,0
15642280,444,0
15644280,434,0
15646280,419,0
15648280,405,0
15650288,403,0
15652288,412,0
15654288,430,0
15656280,447,0
15658280,454,0
15660280,448,0
15662280,434,0
15664280,420,0
15666288,413,0
15668288,419,0
15670280,436,0
15672288,454,0
15674280,466,0
15676280,465,0
15678280,454,0
15680280,438,0
15682288,429,0
15684288,432,0
15686288,445,0
15688280,463,0
15690288,473,0
15692288,471,0
15694280,455,0
15696280,432,0
15698280,415,0
15700280,411,0
15702280,420,0
15704280,439,0
15706280,456,0
15708288,461,0
15710288,451,0
15712288,433,0
15714288,414,0
15716280,405,0
15718280,409,0
15720280,423,0
15722280,440,0
15724280,448,0
15726280,446,0
15728280,433,0
15730280,417,0
15732288,408,0
15734288,411,0
15736288,425,0
15738280,444,0
15740280,457,0
15742280,458,0
15744280,446,0
15746288,429,0
15748288,416,0
15750288,415,0
15752280,425,0
15754288,442,0
15756280,455,0
15758280,458,0
15760280,450,0
15762288,433,0
15764288,419,0
15766288,415,0
15768280,423,0
15770280,441,0
15772288,460,0
15774288,470,0
15776280,465,0
15778288,448,0
15780288,428,0
15782288,416,0
15784288,418,0
15786288,432,0
15788288,451,0
15790280,462,0
15792280,462,0
15794288,451,0
15796288,435,0
15798280,422,0
15800288,419,0
15802280,427,0
15804280,440,0
15806280,452,0
15808280,455,0
15810280,450,0
15812280,443,0
15814280,445,0
15816280,464,0
15818280,502,0
15820280,553,0
15822280,608,0
15824280,660,0
15826280,701,0
15828280,725,0
15830280,727,0
15832280,728,0
15834280,729,0
15836288,728,0
15838288,726,0
15840288,698,0
15842280,623,0
15844280,528,0
15846280,438,0
15848280,370,0
15850280,332,0
15852280,321,0
15854280,327,0
15856280,338,0
15858280,344,0
15860280,341,0
15862280,334,0
15864280,332,0
15866280,340,0
15868280,361,0
15870280,390,0
15872288,415,0
15874288,426,0
15876288,421,0
15878288,408,0
15880280,396,0
15882288,392,0
15884280,402,0
15886280,421,0
15888280,443,0
15890288,455,0
15892280,454,0
15894280,441,0
15896280,426,0
15898280,416,0
15900288,417,0
15902288,431,0
15904280,449,0
15906288,461,0
15908280,459,0
15910280,446,0
15912280,428,0
15914280,416,0
15916280,416,0
15918280,431,0
15920280,454,0
15922288,473,0
15924288,480,0
15926280,469,0
15928288,449,0
15930280,429,0
15932280,419,0
15934280,422,0
15936280,437,0
15938288,454,0
15940280,464,0
15942280,463,0
15944280,450,0
15946280,435,0
15948280,427,0
15950280,431,0
15952280,446,0
15954280,464,0
15956280,474,0
15958280,471,0
15960280,456,0
15962280,437,0
15964288,423,0
15966288,423,0
15968288,437,0
15970288,458,0
15972280,474,0
15974280,476,0
15976288,464,0
15978280,442,0
15980280,422,0
15982280,414,0
15984280,420,0
15986280,438,0
15988280,459,0
15990280,471,0
15992280,468,0
15994280,454,0
15996280,439,0
15998280,430,0
16000288,435,0
16002280,448,0
16004288,463,0
16006288,471,0
16008280,467,0
16010280,453,0
16012280,436,0
16014288,424,0
16016288,425,0
16018280,439,0
16020288,460,0
16022288,476,0
16024288,481,0
16026288,471,0
16028288,453,0
16030288,435,0
16032288,429,0
16034288,437,0
16036288,455,0
16038288,472,0
16040288,480,0
16042288,474,0
16044288,457,0
16046288,440,0
16048288,431,0
16050280,437,0
16052288,455,0
16054280,475,0
16056288,487,0
16058288,486,0
16060288,471,0
16062288,451,0
16064288,439,0
16066280,440,0
16068288,453,0
16070288,473,0
16072288,488,0
16074288,490,0
16076288,479,0
16078288,460,0
16080288,443,0
16082280,436,0
16084288,442,0
16086288,454,0
16088288,466,0
16090288,468,0
16092288,459,0
16094280,441,0
16096288,425,0
16098280,419,0
16100288,426,0
16102288,443,0
16104288,461,0
16106288,469,0
16108288,462,0
16110288,443,0
16112288,422,0
16114288,407,0
16116288,407,0
16118288,419,0
16120288,436,0
16122280,450,0
16124280,450,0
16126280,437,0
16128280,416,0
16130288,398,0
16132288,389,0
16134288,392,0
16136288,402,0
16138280,408,0
16140280,405,0
16142288,391,0
16144288,369,0
16146288,350,0
16148288,340,0
16150288,345,0
16152288,359,0
16154288,374,0
16156288,379,0
16158288,369,0
16160280,347,0
16162288,323,0
16164288,308,0
16166288,308,0
16168280,323,0
16170288,343,0
16172288,357,0
16174280,357,0
16176280,343,0
16178288,320,0
16180280,302,0
16182280,299,0
16184280,309,0
16186280,328,0
16188288,344,0
16190288,349,0
16192288,340,0
16194288,324,0
16196288,307,0
16198288,302,0
16200280,312,0
16202280,332,0
16204288,350,0
16206288,357,0
16208288,350,0
16210288,330,0
16212288,308,0
16214280,293,0
16216280,290,0
16218280,300,0
16220288,315,0
16222280,326,0
16224288,328,0
16226280,319,0
16228280,306,0
16230280,298,0
16232280,299,0
16234280,310,0
16236280,328,0
16238280,342,0
16240280,346,0
16242288,338,0
16244288,320,0
16246288,304,0
16248288,298,0
16250280,304,0
16252280,319,0
16254280,334,0
16256280,343,0
16258288,339,0
16260288,327,0
16262288,313,0
16264288,307,0
16266280,313,0
16268292,330,0
16270280,349,0
16272280,361,0
16274280,361,0
16276280,350,0
16278280,334,0
16280280,324,0
16282280,327,0
16284288,342,0
16286288,360,0
16288280,371,0
16290288,370,0
16292280,358,0
16294280,343,0
16296280,332,0
16298280,333,0
16300280,347,0
16302280,365,0
16304280,380,0
16306288,385,0
16308288,378,0
16310288,363,0
16312288,348,0
16314280,342,0
16316280,350,0
16318280,369,0
16320280,389,0
16322288,400,0
16324288,399,0
16326288,387,0
16328280,372,0
16330280,366,0
16332280,372,0
16334280,391,0
16336280,416,0
16338280,433,0
16340280,438,0
16342280,430,0
16344280,414,0
16346280,402,0
16348288,401,0
16350280,413,0
16352288,433,0
16354288,449,0
16356280,451,0
16358280,438,0
16360280,416,0
16362280,396,0
16364280,387,0
16366280,393,0
16368280,411,0
16370280,431,0
16372280,442,0
16374280,438,0
16376280,424,0
16378280,406,0
16380280,396,0
16382280,397,0
16384288,410,0
16386280,428,0
16388280,439,0
16390280,436,0
16392280,419,0
16394280,397,0
16396280,379,0
16398288,373,0
16400280,382,0
16402280,397,0
16404288,409,0
16406280,408,0
16408288,393,0
16410280,370,0
16412280,348,0
16414280,336,0
16416288,338,0
16418280,349,0
16420288,359,0
16422280,360,0
16424288,347,0
16426280,325,0
16428280,300,0
16430288,283,0
16432280,278,0
16434280,283,0
16436280,290,0
16438280,290,0
16440280,277,0
16442288,255,0
16444280,228,0
16446288,208,0
16448280,200,0
16450280,205,0
16452288,216,0
16454280,222,0
16456288,215,0
16458280,194,0
16460288,165,0
16462288,138,0
16464288,123,0
16466280,122,0
16468280,131,0
16470288,140,0
16472288,140,0
16474288,126,0
16476288,102,0
16478280,77,0
16480280,59,0
16482280,56,0
16484288,65,0
16486280,79,0
16488288,87,0
16490280,83,0
16492280,67,0
16494288,48,0
16496280,35,0
16498288,35,0
16500280,48,0
16502288,66,0
16504288,80,0
16506288,82,0
16508288,72,0
16510288,54,0
16512288,39,0
16514280,37,0
16516288,48,0
16518280,67,0
16520280,84,0
16522280,91,0
16524280,83,0
16526288,65,0
16528288,47,0
16530280,40,0
16532288,48,0
16534288,66,0
16536288,88,0
16538288,102,0
16540280,101,0
16542288,89,0
16544288,75,0
16546288,68,0
16548288,75,0
16550280,96,0
16552288,124,0
16554288,146,0
16556288,153,0
16558288,146,0
16560288,131,0
16562280,118,0
16564280,115,0
16566280,126,0
16568280,144,0
16570288,159,0
16572288,162,0
16574288,151,0
16576288,132,0
16578288,115,0
16580288,110,0
16582288,120,0
16584288,140,0
16586288,163,0
16588288,178,0
16590288,181,0
16592288,172,0
16594280,162,0
16596288,160,0
16598288,173,0
16600288,199,0
16602288,229,0
16604288,254,0
16606280,265,0
16608280,263,0
16610280,255,0
16612288,252,0
16614288,260,0
16616288,282,0
16618288,309,0
16620288,332,0
16622288,343,0
16624288,339,0
16626288,328,0
16628288,319,0
16630280,320,0
16632288,336,0
16634288,360,0
16636288,384,0
16638288,397,0
16640280,397,0
16642280,386,0
16644288,374,0
16646280,370,0
16648280,378,0
16650280,397,0
16652280,419,0
16654288,433,0
16656288,435,0
16658280,427,0
16660288,417,0
16662288,412,0
16664288,419,0
16666288,436,0
16668288,457,0
16670288,471,0
16672288,470,0
16674280,456,0
16676288,436,0
16678288,419,0
16680288,417,0
16682288,433,0
16684288,464,0
16686288,500,0
16688288,531,0
16690280,554,0
16692288,572,0
16694280,595,0
16696288,634,0
16698288,688,0
16700288,728,0
16702288,729,0
16704288,730,0
16706288,729,0
16708288,728,0
16710288,724,0
16712288,679,0
16714288,607,0
16716288,538,0
16718288,482,0
16720288,436,0
16722288,394,0
16724288,354,0
16726288,322,0
16728288,303,0
16730288,302,0
16732288,317,0
16734280,344,0
16736280,371,0
16738280,387,0
16740288,389,0
16742288,380,0
16744280,370,0
16746288,368,0
16748288,377,0
16750288,396,0
16752288,416,0
16754288,428,0
16756288,426,0
16758288,414,0
16760288,397,0
16762288,387,0
16764288,388,0
16766288,400,0
16768288,416,0
16770288,427,0
16772288,426,0
16774288,412,0
16776280,393,0
16778288,376,0
16780280,371,0
16782280,378,0
16784280,393,0
16786288,408,0
16788288,412,0
16790288,403,0
16792288,387,0
16794280,372,0
16796288,367,0
16798288,375,0
16800288,392,0
16802280,411,0
16804288,421,0
16806280,417,0
16808288,402,0
16810280,384,0
16812288,374,0
16814288,377,0
16816288,394,0
16818280,415,0
16820280,429,0
16822280,431,0
16824280,420,0
16826288,403,0
16828280,390,0
16830288,389,0
16832288,401,0
16834280,419,0
16836288,434,0
16838288,438,0
16840288,428,0
16842288,411,0
16844288,394,0
16846288,387,0
16848288,394,0
16850288,410,0
16852288,428,0
16854288,436,0
16856288,432,0
16858288,418,0
16860288,402,0
16862280,394,0
16864288,399,0
16866280,414,0
16868288,432,0
16870288,443,0
16872280,441,0
16874280,428,0
16876288,410,0
16878288,398,0
16880288,399,0
16882288,413,0
16884288,432,0
16886288,449,0
16888288,455,0
16890288,447,0
16892288,431,0
16894288,418,0
16896280,414,0
16898280,423,0
16900288,441,0
16902288,458,0
16904280,466,0
16906280,460,0
16908280,445,0
16910288,428,0
16912288,420,0
16914288,426,0
16916288,442,0
16918288,460,0
16920288,471,0
16922288,469,0
16924288,456,0
16926288,438,0
16928288,427,0
16930288,427,0
16932288,440,0
16934288,459,0
16936280,473,0
16938280,476,0
16940280,466,0
16942280,449,0
16944280,435,0
16946288,431,0
16948280,440,0
16950280,456,0
16952288,471,0
16954280,476,0
16956280,467,0
16958280,451,0
16960280,434,0
16962288,427,0
16964288,433,0
16966288,450,0
16968288,468,0
16970288,477,0
16972288,472,0
16974288,456,0
16976288,436,0
16978288,424,0
16980288,424,0
16982288,436,0
16984288,451,0
16986288,460,0
16988288,456,0
16990280,440,0
16992288,418,0
16994280,400,0
16996288,393,0
16998288,399,0
17000280,412,0
17002288,422,0
17004288,420,0
17006288,406,0
17008288,383,0
17010288,362,0
17012288,350,0
17014288,351,0
17016288,364,0
17018280,378,0
17020280,384,0
17022280,377,0
17024280,360,0
17026288,340,0
17028288,328,0
17030288,330,0
17032288,341,0
17034280,356,0
17036292,366,0
17038280,363,0
17040280,349,0
17042288,329,0
17044280,315,0
17046288,313,0
17048288,324,0
17050288,341,0
17052280,355,0
17054288,357,0
17056288,347,0
17058280,330,0
17060288,314,0
17062288,309,0
17064288,317,0
17066288,335,0
17068288,352,0
17070288,360,0
17072288,355,0
17074280,342,0
17076288,327,0
17078280,320,0
17080288,325,0
17082288,342,0
17084288,360,0
17086288,371,0
17088288,370,0
17090288,357,0
17092288,340,0
17094288,329,0
17096288,329,0
17098288,343,0
17100288,361,0
17102280,377,0
17104288,380,0
17106288,370,0
17108288,353,0
17110280,337,0
17112280,333,0
17114280,341,0
17116288,358,0
17118288,374,0
17120288,381,0
17122280,375,0
17124288,359,0
17126288,343,0
17128288,334,0
17130288,338,0
17132288,353,0
17134288,370,0
17136288,379,0
17138288,377,0
17140288,363,0
17142288,347,0
17144288,336,0
17146288,337,0
17148288,351,0
17150280,369,0
17152280,382,0
17154288,383,0
17156288,372,0
17158288,355,0
17160288,341,0
17162280,338,0
17164280,347,0
17166288,365,0
17168288,380,0
17170288,385,0
17172288,377,0
17174288,361,0
17176280,345,0
17178280,338,0
17180288,344,0
17182288,360,0
17184280,377,0
17186288,387,0
17188288,384,0
17190288,371,0
17192280,354,0
17194280,344,0
17196280,346,0
17198280,360,0
17200280,378,0
17202288,389,0
17204288,388,0
17206280,376,0
17208280,360,0
17210288,347,0
17212288,347,0
17214288,359,0
17216288,377,0
17218280,393,0
17220288,398,0
17222288,390,0
17224288,374,0
17226288,358,0
17228288,352,0
17230288,358,0
17232288,375,0
17234288,393,0
17236288,402,0
17238288,398,0
17240280,383,0
17242280,366,0
17244288,356,0
17246280,359,0
17248288,373,0
17250280,390,0
17252280,402,0
17254288,401,0
17256280,389,0
17258280,371,0
17260288,358,0
17262288,357,0
17264288,369,0
17266288,387,0
17268288,401,0
17270288,405,0
17272288,397,0
17274280,381,0
17276280,367,0
17278280,363,0
17280280,371,0
17282288,388,0
17284288,404,0
17286288,412,0
17288280,406,0
17290280,391,0
17292280,376,0
17294288,369,0
17296288,374,0
17298288,389,0
17300288,406,0
17302288,417,0
17304288,415,0
17306288,402,0
17308288,385,0
17310288,374,0
17312288,375,0
17314288,387,0
17316288,405,0
17318288,419,0
17320280,420,0
17322288,409,0
17324288,393,0
17326280,379,0
17328288,375,0
17330280,385,0
17332288,403,0
17334280,421,0
17336288,429,0
17338288,422,0
17340288,407,0
17342288,391,0
17344280,383,0
17346288,387,0
17348288,401,0
17350288,418,0
17352280,428,0
17354280,426,0
17356280,414,0
17358280,398,0
17360280,388,0
17362280,390,0
17364280,404,0
17366280,424,0
17368280,440,0
17370288,444,0
17372288,434,0
17374280,418,0
17376288,404,0
17378280,399,0
17380280,408,0
17382288,424,0
17384280,438,0
17386280,443,0
17388280,434,0
17390280,418,0
17392280,403,0
17394280,396,0
17396280,404,0
17398280,422,0
17400280,442,0
17402280,453,0
17404280,452,0
17406280,439,0
17408280,421,0
17410288,409,0
17412280,408,0
17414288,419,0
17416280,434,0
17418280,443,0
17420280,442,0
17422288,428,0
17424288,409,0
17426288,394,0
17428288,391,0
17430288,401,0
17432288,416,0
17434288,429,0
17436288,431,0
17438288,420,0
17440280,402,0
17442288,384,0
17444288,377,0
17446288,382,0
17448288,397,0
17450288,412,0
17452288,419,0
17454288,413,0
17456288,398,0
17458280,381,0
17460288,371,0
17462280,374,0
17464288,388,0
17466288,406,0
17468288,417,0
17470288,415,0
17472288,403,0
17474288,385,0
17476288,372,0
17478288,371,0
17480280,382,0
17482288,400,0
17484288,415,0
17486288,419,0
17488288,409,0
17490288,392,0
17492280,377,0
17494280,371,0
17496280,379,0
17498280,396,0
17500288,412,0
17502280,420,0
17504288,415,0
17506288,400,0
17508288,384,0
17510280,375,0
17512280,379,0
17514280,394,0
17516280,411,0
17518280,422,0
17520280,419,0
17522280,403,0
17524280,381,0
17526280,364,0
17528280,360,0
17530280,370,0
17532280,389,0
17534280,408,0
17536280,421,0
17538288,428,0
17540288,435,0
17542288,448,0
17544288,474,0
17546288,517,0
17548280,574,0
17550280,635,0
17552280,687,0
17554280,719,0
17556280,725,0
17558280,723,0
17560280,708,0
17562280,668,0
17564288,611,0
17566280,545,0
17568280,475,0
17570280,407,0
17572280,348,0
17574280,302,0
17576280,274,0
17578280,267,0
17580280,276,0
17582280,294,0
17584280,310,0
17586288,317,0
17588288,313,0
17590288,304,0
17592288,299,0
17594280,305,0
17596280,324,0
17598280,349,0
17600280,372,0
17602288,384,0
17604288,382,0
17606288,371,0
17608280,359,0
17610280,356,0
17612280,364,0
17614280,382,0
17616288,402,0
17618288,413,0
17620288,411,0
17622288,399,0
17624288,383,0
17626288,374,0
17628288,378,0
17630280,392,0
17632288,411,0
17634280,423,0
17636288,423,0
17638288,411,0
17640280,394,0
17642280,381,0
17644280,379,0
17646280,390,0
17648280,408,0
17650288,424,0
17652288,429,0
17654288,421,0
17656288,404,0
17658288,390,0
17660280,385,0
17662280,393,0
17664280,410,0
17666288,427,0
17668288,434,0
17670288,428,0
17672288,413,0
17674280,395,0
17676292,385,0
17678288,388,0
17680280,403,0
17682288,421,0
17684288,434,0
17686288,433,0
17688288,421,0
17690288,405,0
17692288,393,0
17694288,392,0
17696280,403,0
17698288,421,0
17700288,435,0
17702288,438,0
17704288,429,0
17706288,413,0
17708288,399,0
17710288,395,0
17712280,404,0
17714288,420,0
17716288,437,0
17718280,445,0
17720288,440,0
17722288,425,0
17724288,409,0
17726288,402,0
17728288,406,0
17730288,421,0
17732288,439,0
17734288,450,0
17736280,449,0
17738288,437,0
17740288,421,0
17742288,410,0
17744288,412,0
17746288,426,0
17748288,445,0
17750288,459,0
17752280,463,0
17754280,453,0
17756288,437,0
17758280,425,0
17760288,422,0
17762280,432,0
17764280,450,0
17766280,467,0
17768280,475,0
17770280,469,0
17772280,454,0
17774280,439,0
17776280,431,0
17778280,438,0
17780280,455,0
17782280,474,0
17784280,485,0
17786280,483,0
17788280,470,0
17790280,453,0
17792280,443,0
17794288,445,0
17796288,459,0
17798280,478,0
17800288,492,0
17802280,494,0
17804292,484,0
17806280,468,0
17808280,454,0
17810280,452,0
17812280,461,0
17814280,479,0
17816280,494,0
17818280,498,0
17820288,490,0
17822288,473,0
17824280,457,0
17826288,449,0
17828288,455,0
17830288,470,0
17832280,485,0
17834280,493,0
17836280,488,0
17838280,472,0
17840280,453,0
17842288,440,0
17844288,439,0
17846280,450,0
17848288,464,0
17850280,472,0
17852280,467,0
17854280,451,0
17856280,429,0
17858280,412,0
17860280,407,0
17862288,414,0
17864280,429,0
17866280,440,0
17868280,442,0
17870280,430,0
17872280,411,0
17874280,393,0
17876280,385,0
17878280,391,0
17880280,405,0
17882280,420,0
17884288,426,0
17886288,420,0
17888288,405,0
17890280,388,0
17892280,378,0
17894280,381,0
17896280,395,0
17898280,412,0
17900280,422,0
17902280,420,0
17904280,407,0
17906280,388,0
17908280,375,0
17910280,374,0
17912280,385,0
17914280,403,0
17916280,417,0
17918280,419,0
17920288,409,0
17922280,393,0
17924288,379,0
17926288,376,0
17928280,385,0
17930280,403,0
17932280,420,0
17934288,426,0
17936288,420,0
17938288,404,0
17940288,388,0
17942280,379,0
17944280,384,0
17946280,400,0
17948288,419,0
17950288,430,0
17952280,430,0
17954288,418,0
17956288,402,0
17958288,392,0
17960280,393,0
17962280,406,0
17964288,425,0
17966288,439,0
17968288,442,0
17970280,433,0
17972288,416,0
17974280,402,0
17976288,399,0
17978280,408,0
17980280,426,0
17982280,443,0
17984280,450,0
17986288,444,0
17988280,428,0
17990280,412,0
17992280,403,0
17994280,408,0
17996280,424,0
17998280,442,0
18000280,451,0
18002280,448,0
18004280,433,0
18006280,416,0
18008280,404,0
18010280,404,0
18012288,417,0
18014288,435,0
18016288,448,0
18018288,450,0
18020280,439,0
18022280,422,0
18024280,409,0
18026288,406,0
18028280,417,0
18030288,434,0
18032288,449,0
18034288,454,0
18036288,447,0
18038288,431,0
18040288,415,0
18042288,409,0
18044288,415,0
18046288,432,0
18048288,450,0
18050288,460,0
18052288,457,0
18054288,442,0
18056280,424,0
18058280,413,0
18060280,415,0
18062280,428,0
18064280,445,0
18066288,457,0
18068288,456,0
18070288,444,0
18072288,426,0
18074288,413,0
18076288,411,0
18078288,421,0
18080280,438,0
18082288,453,0
18084288,457,0
18086288,447,0
18088288,430,0
18090288,414,0
18092288,408,0
18094288,415,0
18096288,431,0
18098280,448,0
18100288,457,0
18102280,452,0
18104288,438,0
18106280,421,0
18108288,413,0
18110288,417,0
18112280,432,0
18114288,450,0
18116280,461,0
18118280,459,0
18120280,445,0
18122288,426,0
18124288,413,0
18126280,411,0
18128288,422,0
18130288,439,0
18132280,453,0
18134280,455,0
18136280,446,0
18138280,428,0
18140288,413,0
18142280,408,0
18144288,416,0
18146280,433,0
18148280,450,0
18150280,457,0
18152280,451,0
18154280,435,0
18156280,419,0
18158280,411,0
18160280,416,0
18162280,431,0
18164280,449,0
18166280,460,0
18168280,457,0
18170280,443,0
18172280,425,0
18174280,414,0
18176280,414,0
18178288,427,0
18180288,446,0
18182288,459,0
18184288,462,0
18186288,451,0
18188280,433,0
18190280,418,0
18192280,414,0
18194288,423,0
18196288,440,0
18198280,456,0
18200280,462,0
18202280,454,0
18204280,437,0
18206280,420,0
18208280,412,0
18210288,417,0
18212288,432,0
18214288,450,0
18216280,459,0
18218280,456,0
18220280,441,0
18222280,423,0
18224280,412,0
18226288,413,0
18228288,426,0
18230280,444,0
18232288,458,0
18234280,460,0
18236280,449,0
18238280,433,0
18240280,421,0
18242288,419,0
18244288,430,0
18246288,449,0
18248280,465,0
18250288,471,0
18252288,464,0
18254280,447,0
18256280,430,0
18258280,423,0
18260280,428,0
18262280,444,0
18264280,461,0
18266280,470,0
18268288,466,0
18270280,451,0
18272288,431,0
18274288,419,0
18276288,421,0
18278288,435,0
18280280,455,0
18282280,470,0
18284280,473,0
18286280,463,0
18288280,445,0
18290280,430,0
18292280,426,0
18294280,433,0
18296280,448,0
18298280,460,0
18300280,460,0
18302280,449,0
18304288,430,0
18306288,413,0
18308280,406,0
18310280,412,0
18312288,427,0
18314288,442,0
18316292,448,0
18318280,442,0
18320280,426,0
18322280,409,0
18324280,400,0
18326280,404,0
18328280,418,0
18330280,436,0
18332280,447,0
18334280,445,0
18336280,431,0
18338280,412,0
18340280,398,0
18342280,395,0
18344280,406,0
18346280,424,0
18348280,438,0
18350280,442,0
18352280,433,0
18354288,417,0
18356280,401,0
18358288,395,0
18360288,402,0
18362288,418,0
18364288,435,0
18366280,442,0
18368280,436,0
18370288,420,0
18372280,404,0
18374280,395,0
18376280,399,0
18378280,415,0
18380280,433,0
18382280,444,0
18384280,443,0
18386280,431,0
18388280,414,0
18390280,403,0
18392280,404,0
18394280,416,0
18396288,432,0
18398288,443,0
18400288,442,0
18402280,427,0
18404288,405,0
18406288,389,0
18408280,386,0
18410280,398,0
18412280,423,0
18414280,454,0
18416280,480,0
18418280,498,0
18420280,511,0
18422280,528,0
18424280,561,0
18426280,612,0
18428280,676,0
18430280,727,0
18432288,729,0
18434280,729,0
18436288,729,0
18438288,727,0
18440280,711,0
18442280,658,0
18444280,590,0
18446288,524,0
18448288,466,0
18450288,414,0
18452288,364,0
18454288,323,0
18456288,298,0
18458288,293,0
18460288,307,0
18462288,333,0
18464288,358,0
18466288,374,0
18468288,378,0
18470288,371,0
18472280,365,0
18474280,366,0
18476288,379,0
18478288,402,0
18480288,424,0
18482280,437,0
18484288,436,0
18486280,425,0
18488280,411,0
18490288,403,0
18492288,406,0
18494288,420,0
18496288,437,0
18498288,448,0
18500288,448,0
18502288,435,0
18504280,417,0
18506288,404,0
18508288,403,0
18510288,414,0
18512288,431,0
18514288,445,0
18516288,449,0
18518288,440,0
18520288,423,0
18522288,407,0
18524288,401,0
18526280,408,0
18528288,424,0
18530280,440,0
18532280,449,0
18534280,444,0
18536280,429,0
18538288,411,0
18540288,402,0
18542288,405,0
18544288,419,0
18546288,436,0
18548288,448,0
18550288,447,0
18552280,434,0
18554280,416,0
18556280,403,0
18558280,402,0
18560280,414,0
18562288,432,0
18564288,446,0
18566288,449,0
18568280,440,0
18570280,424,0
18572280,410,0
18574280,406,0
18576280,415,0
18578288,433,0
18580288,449,0
18582288,457,0
18584280,451,0
18586280,436,0
18588288,419,0
18590288,410,0
18592280,415,0
18594288,429,0
18596288,448,0
18598288,459,0
18600288,457,0
18602288,445,0
18604288,429,0
18606288,418,0
18608288,419,0
18610280,432,0
18612288,451,0
18614280,465,0
18616288,468,0
18618280,458,0
18620280,442,0
18622280,429,0
18624280,427,0
18626288,437,0
18628280,455,0
18630280,471,0
18632280,478,0
18634280,472,0
18636280,458,0
18638280,443,0
18640288,436,0
18642288,443,0
18644288,460,0
18646288,478,0
18648280,489,0
18650288,486,0
18652288,472,0
18654280,456,0
18656288,445,0
18658280,448,0
18660280,463,0
18662280,482,0
18664280,496,0
18666280,497,0
18668280,485,0
18670280,468,0
18672280,455,0
18674280,453,0
18676280,463,0
18678280,480,0
18680288,496,0
18682288,500,0
18684288,492,0
18686288,475,0
18688280,459,0
18690288,451,0
18692288,457,0
18694288,473,0
18696288,490,0
18698280,500,0
18700280,496,0
18702280,482,0
18704280,464,0
18706280,453,0
18708280,453,0
18710280,465,0
18712280,481,0
18714280,491,0
18716280,488,0
18718280,473,0
18720280,452,0
18722288,436,0
18724288,431,0
18726288,437,0
18728280,450,0
18730280,460,0
18732280,459,0
18734280,445,0
18736280,424,0
18738288,404,0
18740288,395,0
18742280,399,0
18744288,413,0
18746288,427,0
18748288,431,0
18750280,423,0
18752280,406,0
18754288,386,0
18756280,373,0
18758280,373,0
18760280,385,0
18762280,400,0
18764288,409,0
18766288,406,0
18768288,391,0
18770288,372,0
18772280,358,0
18774280,357,0
18776280,369,0
18778280,388,0
18780288,402,0
18782280,404,0
18784288,394,0
18786288,376,0
18788280,360,0
18790280,356,0
18792280,364,0
18794280,381,0
18796280,398,0
18798280,405,0
18800280,399,0
18802280,383,0
18804280,366,0
18806280,357,0
18808280,361,0
18810280,376,0
18812280,392,0
18814280,402,0
18816280,399,0
18818280,385,0
18820280,367,0
18822280,355,0
18824288,355,0
18826288,368,0
18828292,386,0
18830280,399,0
18832280,401,0
18834280,391,0
18836280,374,0
18838280,360,0
18840280,357,0
18842280,368,0
18844288,385,0
18846288,401,0
18848288,406,0
18850288,398,0
18852288,381,0
18854288,363,0
18856280,355,0
18858280,360,0
18860280,375,0
18862280,392,0
18864280,401,0
18866288,398,0
18868288,384,0
18870280,367,0
18872288,356,0
18874280,357,0
18876280,370,0
18878280,388,0
18880280,402,0
18882288,403,0
18884288,392,0
18886288,375,0
18888288,361,0
18890288,358,0
18892288,368,0
18894280,385,0
18896280,400,0
18898288,405,0
18900288,397,0
18902280,380,0
18904280,364,0
18906280,356,0
18908288,363,0
18910288,378,0
18912288,395,0
18914288,403,0
18916280,399,0
18918280,384,0
18920280,367,0
18922280,357,0
18924280,359,0
18926280,372,0
18928280,388,0
18930280,399,0
18932280,399,0
18934280,386,0
18936280,368,0
18938280,355,0
18940280,353,0
18942280,363,0
18944288,381,0
18946288,396,0
18948288,400,0
18950288,391,0
18952288,374,0
18954288,359,0
18956280,353,0
18958280,361,0
18960280,376,0
18962280,392,0
18964280,398,0
18966280,392,0
18968280,377,0
18970280,360,0
18972280,351,0
18974280,355,0
18976280,370,0
18978280,389,0
18980280,400,0
18982280,399,0
18984280,387,0
18986280,370,0
18988280,358,0
18990280,357,0
18992280,368,0
18994288,386,0
18996288,400,0
18998288,402,0
19000288,393,0
19002280,376,0
19004280,361,0
19006280,357,0
19008280,366,0
19010288,383,0
19012280,400,0
19014280,408,0
19016280,401,0
19018280,386,0
19020280,369,0
19022280,360,0
19024280,364,0
19026280,379,0
19028280,397,0
19030280,407,0
19032280,405,0
19034280,392,0
19036288,375,0
19038288,364,0
19040288,365,0
19042288,379,0
19044280,397,0
19046280,412,0
19048280,415,0
19050280,405,0
19052288,388,0
19054288,373,0
19056280,368,0
19058280,377,0
19060280,393,0
19062280,409,0
19064280,414,0
19066280,407,0
19068280,390,0
19070280,373,0
19072280,365,0
19074288,369,0
19076280,384,0
19078280,402,0
19080288,411,0
19082288,408,0
19084280,395,0
19086280,378,0
19088280,367,0
19090280,369,0
19092280,382,0
19094280,400,0
19096280,413,0
19098280,413,0
19100280,400,0
19102280,382,0
19104280,367,0
19106280,364,0
19108280,374,0
19110280,392,0
19112288,407,0
19114280,412,0
19116280,404,0
19118280,388,0
19120280,372,0
19122288,365,0
19124288,369,0
19126288,384,0
19128288,400,0
19130280,408,0
19132280,403,0
19134280,388,0
19136280,371,0
19138280,361,0
19140280,363,0
19142280,378,0
19144280,395,0
19146280,407,0
19148280,407,0
19150280,395,0
19152280,377,0
19154280,364,0
19156280,362,0
19158280,371,0
19160288,388,0
19162280,401,0
19164288,404,0
19166288,395,0
19168280,378,0
19170288,362,0
19172280,356,0
19174280,364,0
19176280,381,0
19178280,398,0
19180280,406,0
19182280,401,0
19184280,387,0
19186280,371,0
19188280,362,0
19190280,367,0
19192280,383,0
19194280,403,0
19196280,415,0
19198280,415,0
19200288,404,0
19202280,387,0
19204288,374,0
19206288,374,0
19208280,384,0
19210288,400,0
19212280,412,0
19214288,413,0
19216288,402,0
19218288,384,0
19220288,369,0
19222288,365,0
19224288,372,0
19226288,388,0
19228288,403,0
19230288,410,0
19232280,404,0
19234288,389,0
19236288,374,0
19238288,367,0
19240280,372,0
19242280,387,0
19244280,403,0
19246280,411,0
19248280,406,0
19250288,389,0
19252288,370,0
19254280,356,0
19256288,354,0
19258288,364,0
19260288,379,0
19262288,390,0
19264280,390,0
19266288,377,0
19268288,358,0
19270288,342,0
19272280,337,0
19274288,344,0
19276288,359,0
19278280,373,0
19280280,377,0
19282288,369,0
19284288,352,0
19286288,336,0
19288288,328,0
19290288,334,0
19292288,349,0
19294280,365,0
19296288,374,0
19298280,369,0
19300280,354,0
19302280,336,0
19304280,326,0
19306280,328,0
19308280,341,0
19310280,359,0
19312280,372,0
19314280,374,0
19316280,363,0
19318280,345,0
19320280,332,0
19322280,329,0
19324280,339,0
19326280,356,0
19328280,372,0
19330288,377,0
19332280,369,0
19334280,353,0
19336288,337,0
19338280,330,0
19340280,337,0
19342280,352,0
19344280,368,0
19346280,376,0
19348280,371,0
19350280,355,0
19352280,337,0
19354280,325,0
19356288,324,0
19358288,334,0
19360280,348,0
19362288,357,0
19364288,358,0
19366288,350,0
19368280,343,0
19370280,345,0
19372280,364,0
19374280,400,0
19376280,448,0
19378288,498,0
19380288,543,0
19382288,581,0
19384288,613,0
19386280,644,0
19388280,678,0
19390280,714,0
19392280,724,0
19394280,712,0
19396280,660,0
19398280,574,0
19400280,472,0
19402280,378,0
19404280,310,0
19406280,272,0
19408280,257,0
19410280,258,0
19412280,262,0
19414280,260,0
19416280,251,0
19418280,242,0
19420288,240,0
19422280,251,0
19424288,273,0
19426288,301,0
19428280,324,0
19430280,334,0
19432280,330,0
19434280,318,0
19436280,308,0
19438280,307,0
19440280,319,0
19442280,339,0
19444280,358,0
19446280,366,0
19448280,360,0
19450280,345,0
19452280,328,0
19454280,320,0
19456288,325,0
19458288,341,0
19460288,359,0
19462288,369,0
19464288,366,0
19466280,352,0
19468292,335,0
19470288,323,0
19472280,324,0
19474280,337,0
19476280,356,0
19478280,370,0
19480280,372,0
19482280,363,0
19484288,346,0
19486280,332,0
19488280,329,0
19490288,338,0
19492280,355,0
19494280,371,0
19496280,377,0
19498280,370,0
19500280,353,0
19502280,337,0
19504280,330,0
19506288,337,0
19508288,353,0
19510288,370,0
19512288,379,0
19514280,376,0
19516280,361,0
19518280,343,0
19520280,331,0
19522288,333,0
19524288,345,0
19526288,362,0
19528280,373,0
19530280,372,0
19532280,359,0
19534280,341,0
19536280,328,0
19538280,325,0
19540280,335,0
19542280,352,0
19544280,366,0
19546280,370,0
19548288,361,0
19550288,343,0
19552288,326,0
19554288,320,0
19556280,328,0
19558280,345,0
19560280,362,0
19562280,371,0
19564280,368,0
19566280,353,0
19568280,337,0
19570280,327,0
19572280,329,0
19574280,343,0
19576280,360,0
19578280,371,0
19580280,369,0
19582280,355,0
19584280,337,0
19586288,322,0
19588288,320,0
19590288,330,0
19592288,347,0
19594288,361,0
19596292,363,0
19598280,354,0
19600280,336,0
19602280,319,0
19604280,314,0
19606280,321,0
19608280,336,0
19610280,352,0
19612280,358,0
19614280,352,0
19616280,336,0
19618280,319,0
19620280,309,0
19622280,313,0
19624288,327,0
19626280,343,0
19628280,353,0
19630280,350,0
19632280,336,0
19634288,318,0
19636288,305,0
19638288,305,0
19640288,317,0
19642280,335,0
19644280,349,0
19646280,350,0
19648280,339,0
19650280,321,0
19652280,306,0
19654280,301,0
19656288,310,0
19658280,326,0
19660280,341,0
19662288,346,0
19664288,338,0
19666288,320,0
19668288,303,0
19670288,294,0
19672288,298,0
19674288,312,0
19676288,329,0
19678280,338,0
19680288,334,0
19682280,318,0
19684288,298,0
19686288,284,0
19688288,282,0
19690288,291,0
19692288,306,0
19694288,316,0
19696288,314,0
19698288,300,0
19700288,279,0
19702288,262,0
19704288,257,0
19706288,264,0
19708288,280,0
19710288,295,0
19712280,299,0
19714288,290,0
19716288,272,0
19718288,255,0
19720280,247,0
19722280,252,0
19724280,267,0
19726288,284,0
19728288,293,0
19730288,290,0
19732288,276,0
19734280,260,0
19736280,250,0
19738280,254,0
19740288,268,0
19742288,287,0
19744280,299,0
19746288,301,0
19748288,289,0
19750288,272,0
19752280,260,0
19754280,258,0
19756280,270,0
19758280,288,0
19760280,304,0
19762288,310,0
19764288,303,0
19766280,288,0
19768288,274,0
19770288,270,0
19772288,278,0
19774280,296,0
19776280,314,0
19778288,323,0
19780288,319,0
19782280,306,0
19784280,290,0
19786288,281,0
19788288,286,0
19790288,302,0
19792280,321,0
19794288,335,0
19796280,335,0
19798280,323,0
19800280,305,0
19802280,292,0
19804288,289,0
19806280,300,0
19808288,319,0
19810288,334,0
19812280,337,0
19814280,329,0
19816280,313,0
19818280,299,0
19820280,294,0
19822280,302,0
19824280,318,0
19826280,334,0
19828280,340,0
19830280,334,0
19832280,319,0
19834280,303,0
19836280,294,0
19838280,298,0
19840280,313,0
19842288,331,0
19844288,343,0
19846288,341,0
19848280,328,0
19850280,311,0
19852292,299,0
19854280,300,0
19856280,312,0
19858280,330,0
19860280,345,0
19862280,348,0
19864280,339,0
19866280,323,0
19868288,309,0
19870288,306,0
19872280,316,0
19874280,333,0
19876280,349,0
19878288,355,0
19880280,349,0
19882280,331,0
19884280,314,0
19886280,307,0
19888280,314,0
19890288,330,0
19892288,349,0
19894280,359,0
19896288,356,0
19898280,342,0
19900280,325,0
19902280,314,0
19904280,315,0
19906280,328,0
19908280,346,0
19910280,360,0
19912280,361,0
19914280,351,0
19916280,334,0
19918280,321,0
19920280,319,0
19922280,330,0
19924280,348,0
19926280,364,0
19928280,370,0
19930280,363,0
19932288,347,0
19934288,331,0
19936288,325,0
19938288,331,0
19940280,346,0
19942280,363,0
19944280,372,0
19946280,368,0
19948280,353,0
19950280,336,0
19952280,325,0
19954280,328,0
19956280,342,0
19958280,359,0
19960280,372,0
19962280,372,0
19964280,361,0
19966280,344,0
19968288,331,0
19970288,330,0
19972288,341,0
19974288,360,0
19976288,377,0
19978288,383,0
19980292,376,0
19982280,360,0
19984280,345,0
19986280,340,0
19988280,348,0
19990280,366,0
19992280,383,0
19994280,392,0
19996280,388,0
19998280,374,0
20000280,358,0
20002288,350,0
20004288,354,0
20006288,369,0
20008288,388,0
20010288,401,0
20012288,401,0
20014288,387,0
20016288,370,0
20018280,358,0
20020288,358,0
20022280,370,0
20024288,389,0
20026280,404,0
20028288,408,0
20030288,400,0
20032288,383,0
20034288,367,0
20036288,362,0
20038288,370,0
20040280,387,0
20042288,404,0
20044288,412,0
20046280,406,0
20048280,391,0
20050280,375,0
20052280,367,0
20054280,371,0
20056280,385,0
20058280,403,0
20060288,413,0
20062280,412,0
20064288,400,0
20066288,384,0
20068280,373,0
20070280,374,0
20072280,387,0
20074280,406,0
20076288,421,0
20078288,423,0
20080288,413,0
20082288,396,0
20084288,382,0
20086288,378,0
20088288,387,0
20090280,405,0
20092280,423,0
20094280,430,0
20096280,424,0
20098288,409,0
20100288,393,0
20102280,386,0
20104288,392,0
20106288,407,0
20108280,424,0
20110280,434,0
20112280,432,0
20114280,418,0
20116280,401,0
20118280,390,0
20120280,392,0
20122280,405,0
20124288,424,0
20126288,438,0
20128280,440,0
20130288,429,0
20132280,411,0
20134280,397,0
20136280,394,0
20138280,403,0
20140280,420,0
20142280,434,0
20144280,439,0
20146288,431,0
20148288,414,0
20150288,399,0
20152288,392,0
20154280,399,0
20156280,415,0
20158280,434,0
20160280,444,0
20162288,441,0
20164280,427,0
20166280,412,0
20168280,404,0
20170280,408,0
20172280,424,0
20174280,445,0
20176288,460,0
20178288,461,0
20180280,449,0
20182280,432,0
20184280,419,0
20186280,417,0
20188288,428,0
20190288,446,0
20192288,462,0
20194288,467,0
20196280,459,0
20198280,442,0
20200280,427,0
20202280,422,0
20204280,431,0
20206280,451,0
20208280,471,0
20210280,483,0
20212280,480,0
20214280,466,0
20216280,448,0
20218280,436,0
20220280,437,0
20222280,449,0
20224288,466,0
20226288,477,0
20228280,475,0
20230280,462,0
20232288,444,0
20234288,432,0
20236280,431,0
20238280,444,0
20240280,464,0
20242280,480,0
20244280,484,0
20246280,474,0
20248280,456,0
20250280,441,0
20252280,436,0
20254280,444,0
20256280,462,0
20258280,480,0
20260280,487,0
20262280,482,0
20264280,466,0
20266280,450,0
20268280,442,0
20270280,446,0
20272280,461,0
20274288,479,0
20276280,490,0
20278288,487,0
20280288,473,0
20282280,454,0
20284280,441,0
20286280,440,0
20288280,452,0
20290280,470,0
20292280,483,0
20294280,485,0
20296280,474,0
20298280,457,0
20300280,441,0
20302280,437,0
20304280,446,0
20306280,465,0
20308280,482,0
20310280,489,0
20312280,483,0
20314280,467,0
20316288,450,0
20318288,442,0
20320288,447,0
20322280,463,0
20324280,479,0
20326280,487,0
20328280,481,0
20330280,463,0
20332280,440,0
20334280,425,0
20336280,424,0
20338280,437,0
20340280,460,0
20342280,481,0
20344280,496,0
20346280,504,0
20348280,510,0
20350280,524,0
20352288,555,0
20354280,605,0
20356280,668,0
20358280,725,0
20360288,729,0
20362288,729,0
20364292,729,0
20366280,729,0
20368280,727,0
20370280,723,0
20372280,691,0
20374280,632,0
20376288,561,0
20378280,488,0
20380280,418,0
20382280,361,0
20384280,326,0
20386280,316,0
20388280,328,0
20390280,351,0
20392288,371,0
20394280,382,0
20396280,382,0
20398288,376,0
20400280,373,0
20402288,380,0
20404288,399,0
20406288,422,0
20408288,442,0
20410280,449,0
20412280,444,0
20414280,429,0
20416280,416,0
20418280,412,0
20420280,421,0
20422280,438,0
20424280,456,0
20426280,465,0
20428280,459,0
20430288,443,0
20432280,426,0
20434280,416,0
20436280,419,0
20438280,434,0
20440288,452,0
20442280,464,0
20444288,463,0
20446288,450,0
20448288,432,0
20450288,420,0
20452280,419,0
20454280,431,0
20456288,449,0
20458280,463,0
20460280,465,0
20462280,454,0
20464280,436,0
20466288,421,0
20468280,416,0
20470280,423,0
20472288,441,0
20474280,457,0
20476288,464,0
20478280,458,0
20480288,442,0
20482280,425,0
20484280,416,0
20486280,420,0
20488280,436,0
20490280,454,0
20492280,466,0
20494288,465,0
20496288,452,0
20498280,434,0
20500288,423,0
20502288,423,0
20504288,436,0
20506288,455,0
20508280,468,0
20510288,469,0
20512288,458,0
20514288,441,0
20516288,427,0
20518288,424,0
20520288,433,0
20522288,451,0
20524288,468,0
20526288,475,0
20528288,469,0
20530280,453,0
20532288,437,0
20534280,430,0
20536280,435,0
20538288,451,0
20540288,469,0
20542288,478,0
20544288,474,0
20546288,460,0
20548288,442,0
20550288,430,0
20552288,432,0
20554288,445,0
20556288,464,0
20558288,477,0
20560288,478,0
20562288,467,0
20564288,449,0
20566288,435,0
20568288,432,0
20570288,443,0
20572288,460,0
20574280,475,0
20576288,480,0
20578280,472,0
20580288,456,0
20582288,441,0
20584280,435,0
20586288,441,0
20588288,458,0
20590288,475,0
20592288,483,0
20594288,479,0
20596288,464,0
20598288,446,0
20600288,435,0
20602280,438,0
20604280,451,0
20606288,469,0
20608280,480,0
20610288,479,0
20612288,466,0
20614288,448,0
20616280,433,0
20618288,431,0
20620280,441,0
20622280,458,0
20624280,472,0
20626288,476,0
20628288,466,0
20630288,449,0
20632280,432,0
20634280,425,0
20636288,430,0
20638288,445,0
20640280,460,0
20642288,466,0
20644288,458,0
20646288,440,0
20648288,421,0
20650288,410,0
20652288,411,0
20654288,423,0
20656288,438,0
20658280,446,0
20660288,441,0
20662280,425,0
20664288,403,0
20666288,385,0
20668288,380,0
20670288,388,0
20672288,401,0
20674288,411,0
20676288,410,0
20678288,397,0
20680280,377,0
20682288,359,0
20684288,351,0
20686280,356,0
20688288,370,0
20690288,384,0
20692288,388,0
20694288,379,0
20696288,361,0
20698288,342,0
20700288,331,0
20702280,334,0
20704288,348,0
20706280,364,0
20708288,373,0
20710288,370,0
20712280,356,0
20714280,338,0
20716280,327,0
20718280,329,0
20720280,342,0
20722280,361,0
20724280,374,0
20726280,376,0
20728280,366,0
20730280,349,0
20732280,334,0
20734280,331,0
20736280,340,0
20738288,357,0
20740288,373,0
20742288,378,0
20744280,370,0
20746288,353,0
20748280,336,0
20750280,328,0
20752280,334,0
20754288,349,0
20756288,365,0
20758288,374,0
20760280,371,0
20762280,357,0
20764288,340,0
20766288,329,0
20768280,332,0
20770288,346,0
20772288,364,0
20774288,377,0
20776280,378,0
20778280,367,0
20780280,350,0
20782280,336,0
20784280,333,0
20786288,343,0
20788288,360,0
20790280,375,0
20792288,379,0
20794280,371,0
20796280,354,0
20798280,339,0
20800280,333,0
20802288,340,0
20804288,356,0
20806288,372,0
20808288,380,0
20810288,374,0
20812288,359,0
20814288,341,0
20816288,331,0
20818288,333,0
20820288,346,0
20822288,363,0
20824288,374,0
20826288,372,0
20828288,359,0
20830280,341,0
20832288,328,0
20834280,327,0
20836288,338,0
20838288,355,0
20840280,370,0
20842288,374,0
20844288,365,0
20846288,347,0
20848288,330,0
20850288,324,0
20852288,332,0
20854288,348,0
20856288,365,0
20858280,373,0
20860280,367,0
20862280,351,0
20864280,334,0
20866288,324,0
20868288,327,0
20870288,341,0
20872288,358,0
20874280,369,0
20876292,367,0
20878280,353,0
20880280,335,0
20882288,321,0
20884288,320,0
20886288,330,0
20888280,348,0
20890280,361,0
20892288,364,0
20894288,354,0
20896288,338,0
20898288,323,0
20900288,318,0
20902288,327,0
20904288,344,0
20906288,360,0
20908288,366,0
20910288,360,0
20912288,345,0
20914280,330,0
20916288,323,0
20918280,329,0
20920288,345,0
20922288,364,0
20924288,375,0
20926280,373,0
20928280,359,0
20930288,340,0
20932280,327,0
20934280,326,0
20936280,338,0
20938280,356,0
20940280,369,0
20942280,370,0
20944280,359,0
20946280,341,0
20948280,328,0
20950280,325,0
20952280,336,0
20954280,354,0
20956288,371,0
20958288,377,0
20960288,369,0
20962280,352,0
20964280,334,0
20966280,325,0
20968280,331,0
20970280,346,0
20972280,363,0
20974288,372,0
20976288,368,0
20978288,354,0
20980288,338,0
20982288,328,0
20984288,330,0
20986288,344,0
20988288,363,0
20990288,375,0
20992288,376,0
20994280,364,0
20996288,347,0
20998280,332,0
21000280,329,0
21002280,339,0
21004280,355,0
21006288,370,0
21008288,373,0
21010280,365,0
21012288,348,0
21014288,332,0
21016288,325,0
21018288,332,0
21020280,349,0
21022288,367,0
21024288,376,0
21026288,372,0
21028288,358,0
21030288,341,0
21032288,331,0
21034288,334,0
21036288,348,0
21038288,366,0
21040288,378,0
21042280,377,0
21044288,363,0
21046280,345,0
21048280,332,0
21050288,331,0
21052288,343,0
21054288,361,0
21056288,376,0
21058280,379,0
21060288,370,0
21062288,352,0
21064288,337,0
21066288,331,0
21068288,338,0
21070288,354,0
21072288,371,0
21074288,378,0
21076288,373,0
21078288,358,0
21080288,342,0
21082288,334,0
21084288,338,0
21086280,352,0
21088288,371,0
21090280,382,0
21092280,381,0
21094280,369,0
21096280,352,0
21098288,340,0
21100288,340,0
21102288,353,0
21104288,371,0
21106288,385,0
21108288,387,0
21110288,378,0
21112280,362,0
21114280,348,0
21116280,345,0
21118280,353,0
21120280,370,0
21122288,386,0
21124288,392,0
21126288,386,0
21128280,371,0
21130280,355,0
21132280,348,0
21134288,355,0
21136288,371,0
21138288,390,0
21140288,402,0
21142288,400,0
21144288,387,0
21146288,371,0
21148288,360,0
21150288,362,0
21152288,376,0
21154288,394,0
21156288,407,0
21158288,407,0
21160288,395,0
21162288,376,0
21164288,362,0
21166288,360,0
21168288,370,0
21170280,389,0
21172288,406,0
21174280,413,0
21176288,406,0
21178288,391,0
21180288,376,0
21182288,371,0
21184288,377,0
21186288,392,0
21188288,407,0
21190288,414,0
21192280,408,0
21194288,391,0
21196288,372,0
21198280,361,0
21200288,362,0
21202288,374,0
21204288,390,0
21206288,400,0
21208288,398,0
21210288,383,0
21212288,364,0
21214280,348,0
21216288,344,0
21218280,354,0
21220288,371,0
21222288,387,0
21224288,391,0
21226288,383,0
21228288,366,0
21230288,350,0
21232288,344,0
21234288,351,0
21236288,368,0
21238288,385,0
21240288,394,0
21242280,390,0
21244280,375,0
21246280,358,0
21248280,348,0
21250288,350,0
21252288,364,0
21254288,382,0
21256280,394,0
21258288,393,0
21260280,381,0
21262280,364,0
21264280,351,0
21266288,351,0
21268288,363,0
21270288,382,0
21272280,396,0
21274280,400,0
21276288,389,0
21278288,372,0
21280280,357,0
21282288,351,0
21284288,360,0
21286288,377,0
21288280,396,0
21290280,404,0
21292288,398,0
21294280,382,0
21296280,363,0
21298288,351,0
21300288,351,0
21302280,361,0
21304280,375,0
21306288,385,0
21308288,386,0
21310288,379,0
21312288,372,0
21314280,377,0
21316288,400,0
21318288,439,0
21320288,487,0
21322280,535,0
21324288,577,0
21326288,611,0
21328288,638,0
21330288,662,0
21332288,688,0
21334288,710,0
21336280,710,0
21338280,676,0
21340288,609,0
21342280,522,0
21344288,430,0
21346280,355,0
21348288,305,0
21350288,283,0
21352280,283,0
21354288,292,0
21356288,298,0
21358288,296,0
21360288,286,0
21362288,275,0
21364288,273,0
21366288,283,0
21368288,307,0
21370280,334,0
21372280,355,0
21374280,363,0
21376280,358,0
21378288,346,0
21380288,337,0
21382288,338,0
21384280,352,0
21386280,374,0
21388280,394,0
21390280,403,0
21392280,399,0
21394288,384,0
21396288,369,0
21398288,362,0
21400288,368,0
21402288,384,0
21404288,401,0
21406288,411,0
21408288,408,0
21410288,396,0
21412288,379,0
21414288,369,0
21416280,371,0
21418280,384,0
21420280,403,0
21422280,415,0
21424280,416,0
21426288,404,0
21428280,386,0
21430288,373,0
21432288,371,0
21434280,382,0
21436280,401,0
21438280,417,0
21440280,423,0
21442288,416,0
21444288,400,0
21446288,385,0
21448288,380,0
21450288,387,0
21452288,403,0
21454288,419,0
21456288,427,0
21458288,422,0
21460288,408,0
21462288,391,0
21464280,383,0
21466288,386,0
21468288,401,0
21470280,419,0
21472288,431,0
21474280,430,0
21476280,416,0
21478288,398,0
21480280,384,0
21482280,383,0
21484288,394,0
21486288,411,0
21488288,425,0
21490288,428,0
21492288,420,0
21494288,403,0
21496288,388,0
21498280,383,0
21500280,392,0
21502280,409,0
21504280,426,0
21506288,435,0
21508288,430,0
21510288,416,0
21512280,400,0
21514280,392,0
21516280,396,0
21518280,411,0
21520280,429,0
21522288,440,0
21524288,438,0
21526288,424,0
21528288,406,0
21530288,394,0
21532288,395,0
21534288,408,0
21536288,427,0
21538288,441,0
21540288,444,0
21542288,434,0
21544280,418,0
21546280,403,0
21548288,399,0
21550288,408,0
21552288,426,0
21554280,443,0
21556288,450,0
21558280,443,0
21560288,427,0
21562288,411,0
21564288,404,0
21566288,409,0
21568288,425,0
21570288,443,0
21572288,453,0
21574288,451,0
21576280,437,0
21578280,420,0
21580280,409,0
21582280,410,0
21584280,423,0
21586280,441,0
21588280,454,0
21590280,455,0
21592280,444,0
21594280,427,0
21596288,412,0
21598280,409,0
21600288,418,0
21602280,435,0
21604280,451,0
21606280,456,0
21608280,448,0
21610288,431,0
21612288,414,0
21614288,406,0
21616288,411,0
21618288,425,0
21620288,441,0
21622288,447,0
21624288,440,0
21626280,422,0
21628280,402,0
21630288,388,0
21632288,385,0
21634288,393,0
21636288,405,0
21638288,413,0
21640280,409,0
21642280,393,0
21644280,372,0
21646288,354,0
21648288,349,0
21650288,356,0
21652288,370,0
21654288,382,0
21656288,383,0
21658288,370,0
21660288,350,0
21662288,331,0
21664288,321,0
21666288,326,0
21668288,341,0
21670288,357,0
21672280,364,0
21674288,359,0
21676288,341,0
21678288,323,0
21680288,311,0
21682280,313,0
21684288,327,0
21686280,345,0
21688288,357,0
21690288,357,0
21692288,344,0
21694288,326,0
21696288,313,0
21698288,312,0
21700280,323,0
21702280,340,0
21704280,352,0
21706280,353,0
21708280,343,0
21710280,325,0
21712288,310,0
21714288,305,0
21716288,313,0
21718288,329,0
21720288,345,0
21722288,350,0
21724288,342,0
21726280,325,0
21728288,308,0
21730288,299,0
21732288,303,0
21734288,318,0
21736280,335,0
21738280,346,0
21740280,343,0
21742280,330,0
21744280,312,0
21746280,300,0
21748280,301,0
21750280,313,0
21752280,331,0
21754280,344,0
21756280,345,0
21758280,334,0
21760280,316,0
21762288,301,0
21764288,296,0
21766288,306,0
21768280,323,0
21770280,340,0
21772280,347,0
21774288,341,0
21776288,326,0
21778288,309,0
21780288,301,0
21782288,306,0
21784288,322,0
21786288,339,0
21788288,349,0
21790288,346,0
21792280,331,0
21794288,314,0
21796288,303,0
21798288,304,0
21800288,317,0
21802288,335,0
21804288,347,0
21806288,349,0
21808288,338,0
21810280,320,0
21812288,306,0
21814280,304,0
21816288,314,0
21818288,331,0
21820288,347,0
21822288,352,0
21824288,344,0
21826288,328,0
21828288,312,0
21830288,305,0
21832280,311,0
21834280,326,0
21836288,343,0
21838288,351,0
21840288,347,0
21842288,332,0
21844288,313,0
21846288,302,0
21848288,304,0
21850288,318,0
21852288,336,0
21854280,349,0
21856288,349,0
21858280,336,0
21860280,319,0
21862280,305,0
21864280,303,0
21866280,313,0
21868280,331,0
21870280,347,0
21872280,352,0
21874280,344,0
21876288,328,0
21878288,313,0
21880280,308,0
21882280,315,0
21884280,330,0
21886280,346,0
21888280,353,0
21890288,348,0
21892288,334,0
21894288,317,0
21896288,309,0
21898288,314,0
21900280,329,0
21902280,348,0
21904280,359,0
21906280,358,0
21908280,346,0
21910280,329,0
21912280,317,0
21914280,317,0
21916280,329,0
21918288,348,0
21920280,363,0
21922288,366,0
21924288,356,0
21926288,338,0
21928288,323,0
21930288,318,0
21932280,325,0
21934280,341,0
21936280,358,0
21938288,365,0
21940288,359,0
21942280,344,0
21944288,327,0
21946280,319,0
21948280,323,0
21950280,339,0
21952280,357,0
21954280,368,0
21956280,366,0
21958288,352,0
21960280,335,0
21962288,323,0
21964288,324,0
21966288,336,0
21968288,354,0
21970288,367,0
21972280,370,0
21974280,360,0
21976280,344,0
21978280,330,0
21980288,325,0
21982280,334,0
21984288,351,0
21986288,365,0
21988288,371,0
21990280,364,0
21992280,348,0
21994280,332,0
21996280,324,0
21998280,330,0
22000280,345,0
22002280,362,0
22004280,371,0
22006280,368,0
22008280,354,0
22010280,336,0
22012280,324,0
22014280,326,0
22016280,339,0
22018288,357,0
22020288,369,0
22022288,370,0
22024288,358,0
22026280,340,0
22028280,326,0
22030280,324,0
22032280,334,0
22034280,351,0
22036280,367,0
22038280,372,0
22040280,363,0
22042280,346,0
22044288,329,0
22046288,321,0
22048288,327,0
22050288,343,0
22052288,361,0
22054288,370,0
22056280,367,0
22058280,353,0
22060280,336,0
22062280,325,0
22064280,327,0
22066288,340,0
22068288,358,0
22070280,369,0
22072288,369,0
22074280,358,0
22076280,341,0
22078280,329,0
22080280,329,0
22082288,340,0
22084288,358,0
22086288,373,0
22088280,378,0
22090288,369,0
22092288,354,0
22094280,340,0
22096280,335,0
22098280,344,0
22100280,362,0
22102280,381,0
22104280,390,0
22106280,384,0
22108288,369,0
22110288,351,0
22112288,340,0
22114288,341,0
22116280,352,0
22118280,368,0
22120280,378,0
22122288,376,0
22124288,363,0
22126288,345,0
22128288,333,0
22130288,334,0
22132288,348,0
22134288,368,0
22136288,384,0
22138280,388,0
22140280,379,0
22142280,360,0
22144280,342,0
22146288,334,0
22148288,339,0
22150288,352,0
22152288,366,0
22154288,370,0
22156280,361,0
22158280,344,0
22160280,325,0
22162288,315,0
22164288,318,0
22166280,331,0
22168280,347,0
22170280,356,0
22172288,353,0
22174288,339,0
22176280,322,0
22178288,310,0
22180280,311,0
22182280,323,0
22184280,341,0
22186280,354,0
22188280,356,0
22190280,346,0
22192280,328,0
22194288,315,0
22196288,312,0
22198288,322,0
22200288,340,0
22202280,356,0
22204280,363,0
22206280,356,0
22208280,340,0
22210288,324,0
22212280,316,0
22214280,321,0
22216280,336,0
22218280,352,0
22220280,360,0
22222280,356,0
22224280,341,0
22226280,323,0
22228280,312,0
22230280,313,0
22232280,326,0
22234280,344,0
22236288,356,0
22238288,355,0
22240288,343,0
22242288,326,0
22244288,312,0
22246280,308,0
22248280,317,0
22250280,333,0
22252280,346,0
22254280,347,0
22256280,336,0
22258280,316,0
22260280,298,0
22262280,292,0
22264280,303,0
22266280,327,0
22268280,358,0
22270280,385,0
22272288,406,0
22274288,420,0
22276288,436,0
22278280,466,0
22280288,515,0
22282288,577,0
22284280,641,0
22286288,694,0
22288288,722,0
22290288,716,0
22292280,671,0
22294280,597,0
22296280,516,0
22298280,442,0
22300288,384,0
22302280,341,0
22304280,303,0
22306280,265,0
22308280,231,0
22310280,208,0
22312280,200,0
22314280,211,0
22316280,234,0
22318280,261,0
22320280,279,0
22322288,286,0
22324288,281,0
22326280,274,0
22328288,274,0
22330288,284,0
22332288,304,0
22334280,327,0
22336280,341,0
22338288,343,0
22340288,334,0
22342288,319,0
22344280,308,0
22346280,308,0
22348280,320,0
22350280,338,0
22352280,352,0
22354280,353,0
22356280,343,0
22358280,327,0
22360280,313,0
22362280,310,0
22364288,320,0
22366280,337,0
22368288,354,0
22370280,362,0
22372280,357,0
22374280,342,0
22376280,326,0
22378280,318,0
22380280,323,0
22382280,338,0
22384280,356,0
22386280,367,0
22388280,365,0
22390280,353,0
22392280,337,0
22394280,327,0
22396280,329,0
22398280,343,0
22400288,361,0
22402288,375,0
22404288,378,0
22406288,367,0
22408280,351,0
22410280,337,0
22412280,333,0
22414288,342,0
22416288,359,0
22418288,375,0
22420288,381,0
22422288,374,0
22424280,358,0
22426280,342,0
22428288,335,0
22430288,340,0
22432288,356,0
22434288,374,0
22436288,383,0
22438288,380,0
22440280,366,0
22442288,349,0
22444288,339,0
22446280,341,0
22448288,355,0
22450280,373,0
22452288,386,0
22454280,388,0
22456288,377,0
22458280,360,0
22460288,347,0
22462288,345,0
22464280,354,0
22466288,371,0
22468280,386,0
22470280,392,0
22472280,384,0
22474280,369,0
22476280,354,0
22478280,350,0
22480280,357,0
22482288,372,0
22484280,389,0
22486280,398,0
22488280,394,0
22490280,381,0
22492288,365,0
22494280,357,0
22496288,360,0
22498280,375,0
22500280,394,0
22502280,407,0
22504280,408,0
22506280,397,0
22508280,381,0
22510280,369,0
22512280,369,0
22514280,380,0
22516280,398,0
22518280,413,0
22520280,417,0
22522280,409,0
22524280,392,0
22526280,377,0
22528288,373,0
22530280,383,0
22532288,401,0
22534288,418,0
22536280,426,0
22538280,420,0
22540280,405,0
22542288,387,0
22544288,379,0
22546288,383,0
22548288,397,0
22550288,414,0
22552288,425,0
22554288,423,0
22556288,409,0
22558288,392,0
22560280,379,0
22562288,379,0
22564288,390,0
22566288,406,0
22568288,418,0
22570288,419,0
22572288,407,0
22574288,388,0
22576288,371,0
22578280,365,0
22580288,372,0
22582280,385,0
22584288,397,0
22586288,399,0
22588288,388,0
22590288,368,0
22592288,347,0
22594288,336,0
22596288,337,0
22598288,349,0
22600280,363,0
22602288,370,0
22604288,365,0
22606288,349,0
22608288,328,0
22610288,314,0
22612288,313,0
22614288,324,0
22616288,340,0
22618288,352,0
22620288,352,0
22622280,340,0
22624288,322,0
22626280,307,0
22628280,302,0
22630280,309,0
22632280,324,0
22634288,338,0
22636288,342,0
22638288,334,0
22640288,316,0
22642288,300,0
22644288,293,0
22646288,299,0
22648288,315,0
22650280,332,0
22652280,341,0
22654288,337,0
22656280,322,0
22658288,304,0
22660288,293,0
22662288,295,0
22664288,308,0
22666280,327,0
22668280,339,0
22670280,339,0
22672280,327,0
22674288,309,0
22676280,295,0
22678280,293,0
22680280,303,0
22682280,321,0
22684288,336,0
22686288,341,0
22688280,333,0
22690288,317,0
22692280,301,0
22694280,295,0
22696280,301,0
22698280,317,0
22700280,334,0
22702280,342,0
22704280,338,0
22706288,324,0
22708288,308,0
22710288,300,0
22712288,303,0
22714280,317,0
22716280,334,0
22718280,346,0
22720280,345,0
22722288,333,0
22724280,316,0
22726280,303,0
22728280,302,0
22730280,314,0
22732280,331,0
22734280,346,0
22736288,350,0
22738288,342,0
22740288,326,0
22742288,313,0
22744280,309,0
22746280,318,0
22748288,335,0
22750280,352,0
22752288,360,0
22754280,354,0
22756280,339,0
22758280,322,0
22760280,313,0
22762280,317,0
22764280,332,0
22766280,348,0
22768280,358,0
22770280,356,0
22772280,343,0
22774280,326,0
22776280,314,0
22778280,314,0
22780280,326,0
22782280,344,0
22784280,357,0
22786288,359,0
22788288,348,0
22790288,330,0
22792288,315,0
22794288,311,0
22796280,320,0
22798280,337,0
22800280,352,0
22802288,358,0
22804288,351,0
22806280,335,0
22808280,319,0
22810280,312,0
22812280,317,0
22814280,334,0
22816280,352,0
22818288,363,0
22820288,362,0
22822288,348,0
22824280,331,0
22826280,320,0
22828280,321,0
22830280,334,0
22832280,353,0
22834288,366,0
22836288,368,0
22838280,358,0
22840288,341,0
22842280,329,0
22844280,327,0
22846280,337,0
22848280,355,0
22850280,371,0
22852280,377,0
22854280,369,0
22856280,352,0
22858280,335,0
22860280,328,0
22862280,334,0
22864280,349,0
22866280,365,0
22868280,374,0
22870280,369,0
22872280,353,0
22874280,335,0
22876288,325,0
22878288,327,0
22880288,340,0
22882280,358,0
22884280,370,0
22886280,371,0
22888280,360,0
22890280,343,0
22892280,330,0
22894280,328,0
22896280,339,0
22898280,356,0
22900280,371,0
22902280,375,0
22904280,366,0
22906280,349,0
22908280,334,0
22910280,328,0
22912288,335,0
22914288,351,0
22916280,368,0
22918280,376,0
22920288,370,0
22922288,354,0
22924292,336,0
22926280,325,0
22928280,327,0
22930280,341,0
22932280,358,0
22934280,368,0
22936288,367,0
22938280,354,0
22940288,337,0
22942288,323,0
22944288,322,0
22946288,334,0
22948288,351,0
22950288,365,0
22952288,368,0
22954288,359,0
22956288,343,0
22958280,328,0
22960280,324,0
22962280,333,0
22964288,350,0
22966280,367,0
22968288,375,0
22970288,370,0
22972288,355,0
22974280,337,0
22976280,327,0
22978288,330,0
22980280,343,0
22982288,360,0
22984288,370,0
22986288,369,0
22988288,356,0
22990280,338,0
22992280,326,0
22994288,326,0
22996280,338,0
22998280,356,0
23000280,369,0
23002280,372,0
23004288,360,0
23006288,342,0
23008288,327,0
23010280,323,0
23012280,333,0
23014280,351,0
23016280,368,0
23018280,375,0
23020280,369,0
23022280,353,0
23024280,337,0
23026280,329,0
23028280,334,0
23030280,349,0
23032280,367,0
23034280,377,0
23036280,375,0
23038280,362,0
23040288,347,0
23042280,338,0
23044288,341,0
23046288,355,0
23048280,374,0
23050280,388,0
23052280,390,0
23054280,378,0
23056280,360,0
23058288,344,0
23060288,339,0
23062288,347,0
23064288,363,0
23066288,377,0
23068288,382,0
23070288,373,0
23072280,356,0
23074288,339,0
23076288,332,0
23078288,339,0
23080280,356,0
23082280,375,0
23084288,386,0
23086288,384,0
23088288,369,0
23090280,351,0
23092288,338,0
23094280,336,0
23096288,346,0
23098288,359,0
23100288,368,0
23102280,365,0
23104280,352,0
23106288,333,0
23108288,320,0
23110288,317,0
23112280,326,0
23114288,341,0
23116288,354,0
23118280,356,0
23120280,346,0
23122288,329,0
23124288,313,0
23126280,307,0
23128280,315,0
23130280,331,0
23132288,348,0
23134280,355,0
23136288,349,0
23138280,333,0
23140280,315,0
23142280,305,0
23144280,306,0
23146280,320,0
23148288,337,0
23150288,348,0
23152288,346,0
23154288,334,0
23156288,317,0
23158280,305,0
23160280,305,0
23162280,317,0
23164280,336,0
23166280,350,0
23168280,354,0
23170288,345,0
23172288,329,0
23174288,316,0
23176288,312,0
23178288,322,0
23180280,341,0
23182280,359,0
23184280,366,0
23186288,361,0
23188288,345,0
23190280,329,0
23192280,320,0
23194280,324,0
23196288,339,0
23198288,356,0
23200280,365,0
23202288,360,0
23204288,343,0
23206288,323,0
23208288,309,0
23210288,309,0
23212288,325,0
23214288,351,0
23216288,379,0
23218280,400,0
23220288,414,0
23222280,425,0
23224288,443,0
23226280,479,0
23228280,534,0
23230280,600,0
23232280,663,0
23234288,710,0
23236280,725,0
23238280,719,0
23240280,678,0
23242280,614,0
23244280,542,0
23246280,474,0
23248280,419,0
23250288,373,0
23252280,330,0
23254280,288,0
23256280,253,0
23258280,233,0
23260288,231,0
23262288,246,0
23264288,269,0
23266288,289,0
23268288,300,0
23270288,299,0
23272280,292,0
23274280,287,0
23276280,293,0
23278280,311,0
23280280,335,0
23282280,355,0
23284280,365,0
23286280,361,0
23288280,348,0
23290280,335,0
23292280,329,0
23294280,336,0
23296280,353,0
23298288,370,0
23300288,379,0
23302288,374,0
23304288,360,0
23306288,344,0
23308280,335,0
23310280,338,0
23312280,352,0
23314280,371,0
23316280,383,0
23318280,383,0
23320280,371,0
23322280,354,0
23324280,341,0
23326280,339,0
23328280,349,0
23330288,367,0
23332280,381,0
23334280,385,0
23336280,378,0
23338280,363,0
23340280,349,0
23342280,344,0
23344280,351,0
23346288,368,0
23348288,384,0
23350280,391,0
23352288,386,0
23354280,371,0
23356280,354,0
23358280,345,0
23360280,349,0
23362288,365,0
23364288,384,0
23366288,396,0
23368280,396,0
23370288,384,0
23372288,368,0
23374288,356,0
23376288,356,0
23378288,368,0
23380280,386,0
23382280,401,0
23384280,405,0
23386280,396,0
23388288,380,0
23390280,366,0
23392288,362,0
23394280,371,0
23396280,389,0
23398280,406,0
23400280,413,0
23402280,406,0
23404280,391,0
23406280,375,0
23408280,367,0
23410280,372,0
23412280,388,0
23414280,406,0
23416280,417,0
23418280,415,0
23420280,403,0
23422280,386,0
23424288,375,0
23426288,377,0
23428280,390,0
23430280,410,0
23432288,425,0
23434288,429,0
23436280,420,0
23438280,405,0
23440280,393,0
23442280,390,0
23444280,400,0
23446280,417,0
23448280,432,0
23450280,437,0
23452288,430,0
23454288,414,0
23456280,398,0
23458280,390,0
23460280,396,0
23462280,412,0
23464280,430,0
23466280,440,0
23468280,438,0
23470280,423,0
23472280,406,0
23474288,395,0
23476288,396,0
23478288,409,0
23480288,427,0
23482280,440,0
23484280,441,0
23486280,431,0
23488280,415,0
23490280,402,0
23492280,401,0
23494280,412,0
23496280,429,0
23498280,444,0
23500280,448,0
23502280,439,0
23504280,423,0
23506280,407,0
23508280,400,0
23510280,406,0
23512288,422,0
23514280,438,0
23516288,445,0
23518288,439,0
23520288,423,0
23522288,403,0
23524280,390,0
23526280,390,0
23528288,400,0
23530280,414,0
23532280,422,0
23534280,417,0
23536280,400,0
23538280,378,0
23540280,360,0
23542280,355,0
23544280,363,0
23546280,377,0
23548280,388,0
23550280,389,0
23552288,378,0
23554288,360,0
23556288,347,0
23558288,346,0
23560288,360,0
23562288,383,0
23564280,404,0
23566280,414,0
23568280,409,0
23570280,393,0
23572280,376,0
23574280,366,0
23576280,368,0
23578280,380,0
23580280,395,0
23582280,403,0
23584280,400,0
23586280,387,0
23588280,370,0
23590280,358,0
23592288,357,0
23594280,368,0
23596280,384,0
23598280,397,0
23600280,399,0
23602288,388,0
23604280,371,0
23606280,355,0
23608288,351,0
23610288,359,0
23612288,374,0
23614280,389,0
23616280,394,0
23618288,387,0
23620288,370,0
23622288,353,0
23624280,346,0
23626288,351,0
23628288,365,0
23630280,382,0
23632280,392,0
23634280,388,0
23636280,373,0
23638280,354,0
23640280,341,0
23642280,340,0
23644288,351,0
23646288,369,0
23648288,384,0
23650280,388,0
23652280,379,0
23654280,364,0
23656280,353,0
23658280,352,0
23660280,365,0
23662280,387,0
23664280,407,0
23666280,417,0
23668280,414,0
23670280,401,0
23672280,388,0
23674280,384,0
23676280,392,0
23678280,410,0
23680280,430,0
23682288,440,0
23684288,438,0
23686288,424,0
23688280,407,0
23690280,398,0
23692292,402,0
23694288,416,0
23696280,435,0
23698288,449,0
23700288,451,0
23702280,441,0
23704280,425,0
23706280,414,0
23708288,413,0
23710280,425,0
23712280,444,0
23714280,464,0
23716280,475,0
23718280,471,0
23720280,457,0
23722280,442,0
23724280,438,0
23726280,449,0
23728280,471,0
23730288,492,0
23732288,502,0
23734288,497,0
23736288,482,0
23738280,462,0
23740280,447,0
23742280,445,0
23744280,456,0
23746280,471,0
23748280,482,0
23750280,481,0
23752280,468,0
23754280,451,0
23756280,437,0
23758288,434,0
23760288,447,0
23762288,469,0
23764288,488,0
23766288,496,0
23768288,492,0
23770288,480,0
23772288,469,0
23774280,468,0
23776288,480,0
23778280,503,0
23780280,525,0
23782280,539,0
23784280,540,0
23786280,530,0
23788280,519,0
23790280,513,0
23792280,519,0
23794280,537,0
23796280,557,0
23798280,571,0
23800280,573,0
23802280,566,0
23804280,553,0
23806280,544,0
23808280,549,0
23810288,569,0
23812288,596,0
23814280,618,0
23816288,628,0
23818288,624,0
23820280,609,0
23822280,595,0
23824280,590,0
23826280,597,0
23828280,617,0
23830280,641,0
23832280,655,0
23834280,653,0
23836280,640,0
23838280,625,0
23840280,618,0
23842280,624,0
23844280,641,0
23846288,662,0
23848280,676,0
23850280,676,0
23852280,663,0
23854280,645,0
23856280,634,0
23858288,635,0
23860288,644,0
23862280,658,0
23864288,667,0
23866280,666,0
23868280,652,0
23870280,630,0
23872280,613,0
23874280,612,0
23876280,630,0
23878280,660,0
23880280,688,0
23882280,705,0
23884280,708,0
23886280,703,0
23888280,695,0
23890280,697,0
23892280,714,0
23894280,727,0
23896280,728,0
23898280,729,0
23900288,729,0
23902288,729,0
23904288,729,0
23906288,730,0
23908280,730,0
23910280,730,0
23912288,730,0
23914280,731,0
23916280,731,0
23918280,731,0
23920288,731,0
23922280,731,0
23924280,731,0
23926280,731,0
23928280,731,0
23930280,731,0
23932280,731,0
23934280,731,0
23936288,731,0
23938288,731,0
23940280,731,0
23942280,732,0
23944288,731,0
23946288,731,0
23948292,731,0
23950280,732,0
23952280,731,0
23954280,731,0
23956280,731,0
23958280,732,0
23960288,731,0
23962280,731,0
23964280,731,0
23966280,731,0
23968280,731,0
23970280,731,0
23972280,730,0
23974280,730,0
23976288,730,0
23978280,729,0
23980280,729,0
23982280,728,0
23984280,728,0
23986288,727,0
23988288,726,0
23990288,725,0
23992288,724,0
23994280,723,0
23996280,717,0
23998288,701,0
24000280,673,0
24002288,640,0
24004288,612,0
24006288,598,0
24008280,605,0
24010280,631,0
24012280,663,0
24014280,679,0
24016288,678,0
24018288,666,0
24020288,637,0
24022280,594,0
24024280,553,0
24026280,526,0
24028288,513,0
24030280,508,0
24032288,509,0
24034280,512,0
24036280,517,0
24038280,522,0
24040280,528,0
24042280,528,0
24044280,519,0
24046280,498,0
24048280,469,0
24050280,438,0
24052280,413,0
24054280,399,0
24056280,393,0
24058280,393,0
24060280,394,0
24062280,390,0
24064288,373,0
24066288,342,0
24068288,305,0
24070288,271,0
24072288,248,0
24074280,243,0
24076280,257,0
24078280,283,0
24080280,310,0
24082280,328,0
24084280,334,0
24086280,327,0
24088288,312,0
24090288,301,0
24092288,299,0
24094288,304,0
24096280,310,0
24098288,314,0
24100288,312,0
24102280,306,0
24104280,299,0
24106280,300,0
24108280,311,0
24110280,335,0
24112280,361,0
24114288,377,0
24116288,374,0
24118288,354,0
24120288,326,0
24122280,308,0
24124280,310,0
24126280,326,0
24128280,348,0
24130288,363,0
24132280,364,0
24134280,348,0
24136280,326,0
24138280,315,0
24140280,329,0
24142280,370,0
24144280,431,0
24146280,496,0
24148280,548,0
24150280,584,0
24152288,616,0
24154280,662,0
24156288,725,0
24158288,730,0
24160288,730,0
24162288,731,0
24164280,731,0
24166280,731,0
24168280,731,0
24170280,731,0
24172280,731,0
24174280,731,0
24176280,731,0
24178280,731,0
24180280,731,0
24182280,731,0
24184280,731,0
24186280,731,0
24188280,731,0
24190280,731,0
24192288,731,0
24194288,731,0
24196280,732,0
24198280,732,0
24200288,732,0
24202288,732,0
24204292,732,0
24206280,732,0
24208280,732,0
24210280,732,0
24212280,732,0
24214280,732,0
24216280,732,0
24218280,732,0
24220280,732,0
24222280,732,0
24224280,732,0
24226280,732,0
24228280,732,0
24230280,732,0
24232280,732,0
24234280,732,0
24236280,732,0
24238280,732,0
24240280,732,0
24242288,732,0
24244288,732,0
24246288,732,0
24248288,732,0
24250280,732,0
24252280,732,0
24254280,732,0
24256280,732,0
24258280,732,0
24260280,732,0
24262280,732,0
24264280,732,0
24266280,732,0
24268280,732,0
24270280,732,0
24272280,732,0
24274280,732,0
24276280,732,0
24278280,732,0
24280280,732,0
24282280,732,0
24284288,732,0
24286288,732,0
24288288,732,0
24290288,732,0
24292280,732,0
24294280,732,0
24296280,732,0
24298280,732,0
24300280,732,0
24302280,732,0
24304280,732,0
24306280,732,0
24308280,732,0
24310280,732,0
24312280,732,0
24314280,732,0
24316280,732,0
24318280,732,0
24320288,732,0
24322288,732,0
24324288,732,0
24326288,732,0
24328288,732,0
24330288,732,0
24332280,732,0
24334280,732,0
24336280,731,0
24338280,731,0
24340280,730,0
24342280,729,0
24344280,727,0
24346280,698,0
24348280,614,0
24350280,515,0
24352280,411,0
24354288,318,0
24356280,245,0
24358280,196,0
24360280,172,0
24362280,163,0
24364280,146,0
24366280,114,0
24368280,67,0
24370288,10,0
24372288,0,0
24374280,0,0
24376288,0,0
24378288,0,0
24380288,0,0
24382288,0,0
24384288,0,0
24386288,0,0
24388288,0,0
24390288,0,0
24392280,0,0
24394280,0,0
24396280,0,0
24398280,0,0
24400280,0,0
24402280,0,0
24404280,0,0
24406280,0,0
24408280,0,0
24410280,0,0
24412288,0,0
24414280,0,0
24416288,0,0
24418280,0,0
24420288,0,0
24422288,0,0
24424280,0,0
24426280,0,0
24428280,0,0
24430280,0,0
24432280,0,0
24434280,0,0
24436280,0,0
24438280,0,0
24440280,0,0
24442280,0,0
24444280,0,0
24446280,0,0
24448280,0,0
24450288,0,0
24452288,0,0
24454280,0,0
24456288,0,0
24458288,0,0
24460280,0,0
24462280,0,0
24464280,0,0
24466280,0,0
24468280,0,0
24470280,0,0
24472280,0,0
24474280,0,0
24476280,0,0
24478280,0,0
24480280,0,0
24482288,0,0
24484288,0,0
24486288,0,0
24488280,0,0
24490280,0,0
24492280,0,0
24494280,0,0
24496280,0,0
24498288,0,0
24500288,0,0
24502280,0,0
24504288,0,0
24506280,0,0
24508280,0,0
24510280,0,0
24512280,0,0
24514280,0,0
24516280,0,0
24518280,0,0
24520280,0,0
24522280,0,0
24524280,0,0
24526280,0,0
24528280,0,0
24530280,0,0
24532280,0,0
24534280,0,0
24536280,0,0
24538280,0,0
24540288,0,0
24542288,0,0
24544288,0,0
24546288,0,0
24548280,0,0
24550280,0,0
24552280,0,0
24554280,0,0
24556280,0,0
24558280,0,0
24560280,0,0
24562280,0,0
24564280,0,0
24566280,0,0
24568280,0,0
24570280,0,0
24572280,0,0
24574280,0,0
24576288,0,0
24578280,0,0
24580288,0,0
24582280,0,0
24584280,0,0
24586280,0,0
24588280,0,0
24590288,0,0
24592288,0,0
24594288,0,0
24596288,0,0
24598288,0,0
24600288,0,0
24602288,0,0
24604288,0,0
24606288,0,0
24608288,0,0
24610280,0,0
24612288,0,0
24614288,0,0
24616288,0,0
24618288,0,0
24620288,0,0
24622288,0,0
24624288,0,0
24626280,0,0
24628288,0,0
24630280,0,0
24632288,0,0
24634288,0,0
24636288,0,0
24638288,0,0
24640288,0,0
24642280,0,0
24644288,0,0
24646288,0,0
24648288,0,0
24650288,0,0
24652288,0,0
24654288,0,0
24656288,0,0
24658288,0,0
24660288,0,0
24662288,0,0
24664288,0,0
24666288,0,0
24668288,0,0
24670280,0,0
24672288,0,0
24674280,0,0
24676288,0,0
24678288,0,0
24680280,0,0
24682288,0,0
24684288,0,0
24686288,0,0
24688288,0,0
24690288,0,0
24692288,0,0
24694288,0,0
24696288,0,0
24698280,0,0
24700280,0,0
24702280,0,0
24704280,0,0
24706288,0,0
24708288,0,0
24710288,0,0
24712280,0,0
24714288,0,0
24716280,0,0
24718280,0,0
24720280,0,0
24722288,0,0
24724288,0,0
24726288,0,0
24728280,0,0
24730280,0,0
24732288,0,0
24734288,0,0
24736280,0,0
24738288,0,0
24740288,0,0
24742288,0,0
24744288,0,0
24746288,0,0
24748288,0,0
24750288,0,0
24752288,0,0
24754280,0,0
24756288,0,0
24758280,0,0
24760288,0,0
24762280,0,0
24764288,0,0
24766288,0,0
24768280,0,0
24770288,0,0
24772280,0,0
24774280,0,0
24776280,0,0
24778280,0,0
24780280,0,0
24782280,0,0
24784288,0,0
24786288,0,0
24788288,0,0
24790288,0,0
24792280,0,0
24794280,0,0
24796288,0,0
24798280,0,0
24800288,0,0
24802280,0,0
24804288,0,0
24806288,0,0
24808280,0,0
24810280,0,0
24812288,0,0
24814288,0,0
24816288,0,0
24818288,0,0
24820288,0,0
24822288,0,0
24824288,0,0
24826288,0,0
24828288,0,0
24830288,0,0
24832280,0,0
24834288,0,0
24836288,0,0
24838288,0,0
24840288,0,0
24842280,0,0
24844280,0,0
24846288,0,0
24848288,0,0
24850288,0,0
24852288,0,0
24854288,0,0
24856288,0,0
24858280,0,0
24860288,0,0
24862288,0,0
24864280,0,0
24866288,0,0
24868288,0,0
24870288,0,0
24872280,0,0
24874280,0,0
24876280,0,0
24878280,0,0
24880280,0,0
24882288,0,0
24884288,0,0
24886280,0,0
24888288,0,0
24890288,0,0
24892288,0,0
24894288,0,0
24896280,0,0
24898288,0,0
24900280,0,0
24902280,0,0
24904280,0,0
24906288,0,0
24908288,0,0
24910288,0,0
24912288,0,0
24914288,0,0
24916288,0,0
24918288,0,0
24920280,0,0
24922280,0,0
24924288,0,0
24926280,0,0
24928288,0,0
24930280,0,0
24932280,0,0
24934280,0,0
24936280,0,0
24938280,0,0
24940280,0,0
24942280,0,0
24944280,0,0
24946280,0,0
24948280,0,0
24950280,0,0
24952280,0,0
24954280,0,0
24956280,0,0
24958280,0,0
24960280,0,0
24962288,0,0
24964288,0,0
24966288,0,0
24968280,0,0
24970280,0,0
24972280,0,0
24974280,0,0
24976280,0,0
24978288,0,0
24980288,0,0
24982288,0,0
24984280,0,0
24986280,0,0
24988288,0,0
24990288,0,0
24992288,0,0
24994288,0,0
24996288,0,0
24998288,0,0
25000288,0,0
25002288,0,0
25004288,0,0
25006288,0,0
25008288,0,0
25010280,0,0
25012288,0,0
25014280,0,0
25016288,0,0
25018288,0,0
25020288,0,0
25022288,0,0
25024280,0,0
25026288,0,0
25028280,0,0
25030280,0,0
25032280,0,0
25034280,0,0
25036280,0,0
25038280,0,0
25040280,0,0
25042280,0,0
25044280,0,0
25046280,0,0
25048280,0,0
25050280,0,0
25052288,0,0
25054280,0,0
25056288,0,0
25058288,0,0
25060288,0,0
25062288,0,0
25064280,0,0
25066280,0,0
25068280,0,0
25070280,0,0
25072280,0,0
25074280,0,0
25076280,0,0
25078280,0,0
25080280,0,0
25082280,0,0
25084280,0,0
25086280,0,0
25088280,0,0
25090288,0,0
25092288,0,0
25094288,0,0
25096288,0,0
25098280,0,0
25100280,0,0
25102280,0,0
25104280,0,0
25106280,0,0
25108280,0,0
25110280,0,0
25112280,0,0
25114280,0,0
25116288,0,0
25118288,0,0
25120280,0,0
25122288,0,0
25124288,0,0
25126288,0,0
25128280,0,0
25130280,0,0
25132280,0,0
25134280,0,0
25136280,0,0
25138288,0,0
25140288,0,0
25142280,0,0
25144288,0,0
25146280,0,0
25148280,0,0
25150280,0,0
25152280,0,0
25154288,0,0
25156280,0,0
25158280,0,0
25160280,0,0
25162280,0,0
25164280,0,0
25166280,0,0
25168280,0,0
25170280,0,0
25172280,0,0
25174280,0,0
25176280,0,0
25178280,0,0
25180288,0,0
25182288,0,0
25184288,0,0
25186288,0,0
25188280,0,0
25190280,0,0
25192288,0,0
25194280,0,0
25196280,31,0
25198280,117,0
25200280,209,0
25202280,287,0
25204280,342,0
25206280,374,0
25208280,389,0
25210280,391,0
25212280,387,0
25214280,380,0
25216288,373,0
25218288,368,0
25220280,365,0
25222280,364,0
25224288,364,0
25226288,364,0
25228292,363,0
25230280,364,0
25232280,364,0
25234280,365,0
25236280,365,0
25238280,366,0
25240280,366,0
25242280,366,0
25244280,366,0
25246280,366,0
25248280,366,0
25250280,366,0
25252280,366,0
25254280,367,0
25256280,367,0
25258280,367,0
25260280,367,0
25262280,366,0
25264280,366,0
25266288,366,0
25268288,367,0
25270288,367,0
25272288,367,0
25274280,367,0
25276280,367,0
25278280,366,0
25280280,366,0
25282288,366,0
25284280,367,0
25286280,367,0
25288280,368,0
25290280,368,0
25292280,367,0
25294280,367,0
25296280,366,0
25298280,362,0
25300280,354,0
25302280,351,0
25304280,358,0
25306280,371,0
25308288,376,0
25310288,363,0
25312288,326,0
25314288,272,0
25316280,214,0
25318280,167,0
25320280,141,0
25322280,135,0
25324280,139,0
25326280,139,0
25328280,122,0
25330280,86,0
25332280,43,0
25334280,9,0
25336280,0,0
25338280,0,0
25340280,0,0
25342280,0,0
25344280,0,0
25346288,0,0
25348280,0,0
25350280,0,0
25352288,0,0
25354288,0,0
25356280,0,0
25358280,0,0
25360280,0,0
25362280,0,0
25364280,0,0
25366280,0,0
25368280,0,0
25370280,0,0
25372280,0,0
25374280,0,0
25376280,0,0
25378280,0,0
25380280,0,0
25382280,0,0
25384280,0,0
25386280,0,0
25388280,0,0
25390280,0,0
25392280,0,0
25394280,0,0
25396280,0,0
25398288,0,0
25400288,0,0
25402280,0,0
25404280,0,0
25406280,0,0
25408280,0,0
25410288,0,0
25412288,0,0
25414280,0,0
25416280,0,0
25418280,0,0
25420280,0,0
25422280,0,0
25424280,0,0
25426280,0,0
25428280,0,0
25430280,0,0
25432280,0,0
25434280,0,0
25436288,0,0
25438288,0,0
25440288,0,0
25442280,0,0
25444280,0,0
25446280,0,0
25448280,0,0
25450280,0,0
25452280,0,0
25454280,0,0
25456280,0,0
25458280,0,0
25460280,0,0
25462280,0,0
25464280,0,0
25466280,0,0
25468280,0,0
25470280,0,0
25472288,0,0
25474288,0,0
25476280,0,0
25478280,0,0
25480288,0,0
25482288,0,0
25484292,0,0
25486280,0,0
25488280,0,0
25490280,0,0
25492280,0,0
25494280,0,0
25496280,0,0
25498280,0,0
25500280,0,0
25502280,0,0
25504280,0,0
25506280,0,0
25508280,0,0
25510280,0,0
25512288,0,0
25514280,0,0
25516280,0,0
25518280,0,0
25520280,0,0
25522288,0,0
25524288,0,0
25526288,0,0
25528288,0,0
25530280,0,0
25532280,0,0
25534280,0,0
25536280,0,0
25538280,0,0
25540280,0,0
25542280,0,0
25544288,0,0
25546280,0,0
25548280,0,0
25550288,0,0
25552280,0,0
25554280,0,0
25556280,0,0
25558288,0,0
25560280,0,0
25562280,0,0
25564288,0,0
25566288,0,0
25568288,0,0
25570288,0,0
25572280,0,0
25574280,0,0
25576288,0,0
25578280,0,0
25580280,0,0
25582280,0,0
25584280,0,0
25586280,0,0
25588280,0,0
25590280,0,0
25592280,0,0
25594280,0,0
25596280,0,0
25598288,0,0
25600288,0,0
25602280,0,0
25604280,0,0
25606280,0,0
25608280,0,0
25610280,0,0
25612280,0,0
25614288,0,0
25616280,0,0
25618288,0,0
25620280,0,0
25622288,0,0
25624288,0,0
25626288,0,0
25628280,0,0
25630288,0,0
25632288,0,0
25634280,0,0
25636288,0,0
25638288,0,0
25640288,0,0
25642288,0,0
25644280,0,0
25646288,0,0
25648280,0,0
25650280,0,0
25652280,0,0
25654280,0,0
25656280,0,0
25658288,0,0
25660288,0,0
25662288,0,0
25664288,0,0
25666280,0,0
25668288,0,0
25670288,0,0
25672288,0,0
25674288,0,0
25676288,0,0
25678288,0,0
25680288,0,0
25682288,0,0
25684280,0,0
25686288,0,0
25688288,0,0
25690288,0,0
25692288,0,0
25694280,0,0
25696280,0,0
25698280,0,0
25700288,0,0
25702288,0,0
25704280,0,0
25706288,0,0
25708288,0,0
25710288,0,0
25712288,0,0
25714288,0,0
25716288,0,0
25718288,0,0
25720288,0,0
25722288,0,0
25724288,0,0
25726288,0,0
25728288,0,0
25730280,0,0
25732288,0,0
25734288,0,0
25736280,0,0
25738280,0,0
25740280,0,0
25742288,0,0
25744288,0,0
25746288,0,0
25748288,0,0
25750288,0,0
25752288,0,0
25754288,0,0
25756288,0,0
25758288,0,0
25760280,0,0
25762288,0,0
25764288,0,0
25766288,0,0
25768288,0,0
25770288,0,0
25772288,0,0
25774288,0,0
25776288,0,0
25778280,0,0
25780288,0,0
25782280,0,0
25784288,0,0
25786288,0,0
25788288,0,0
25790288,0,0
25792280,0,0
25794288,0,0
25796288,0,0
25798288,0,0
25800280,0,0
25802280,0,0
25804280,0,0
25806280,0,0
25808288,0,0
25810280,0,0
25812288,0,0
25814288,0,0
25816288,0,0
25818288,0,0
25820288,0,0
25822280,0,0
25824288,0,0
25826280,0,0
25828288,0,0
25830288,0,0
25832280,0,0
25834280,0,0
25836280,0,0
25838280,0,0
25840280,0,0
25842288,0,0
25844288,0,0
25846288,0,0
25848288,0,0
25850288,0,0
25852288,0,0
25854288,0,0
25856280,0,0
25858288,0,0
25860288,0,0
25862288,0,0
25864288,0,0
25866280,0,0
25868280,0,0
25870288,0,0
25872288,0,0
25874288,0,0
25876288,0,0
25878288,0,0
25880280,0,0
25882280,0,0
25884288,0,0
25886288,0,0
25888280,0,0
25890288,0,0
25892288,0,0
25894288,0,0
25896288,0,0
25898288,0,0
25900288,0,0
25902280,0,0
25904280,0,0
25906288,0,0
25908288,0,0
25910280,0,0
25912288,0,0
25914288,0,0
25916288,0,0
25918288,0,0
25920288,0,0
25922288,0,0
25924288,0,0
25926288,0,0
25928288,0,0
25930288,0,0
25932288,0,0
25934288,0,0
25936288,0,0
25938288,0,0
25940288,0,0
25942288,0,0
25944280,0,0
25946280,0,0
25948288,0,0
25950280,0,0
25952288,0,0
25954280,0,0
25956280,0,0
25958280,0,0
25960280,0,0
25962280,0,0
25964288,0,0
25966288,0,0
25968288,0,0
25970288,0,0
25972288,0,0
25974288,0,0
25976288,0,0
25978280,0,0
25980280,0,0
25982280,0,0
25984280,0,0
25986288,0,0
25988288,0,0
25990288,0,0
25992288,0,0
25994280,0,0
25996292,0,0
25998280,0,0
26000280,0,0
26002288,0,0
26004288,0,0
26006288,0,0
26008280,0,0
26010280,0,0
26012288,0,0
26014288,0,0
26016288,0,0
26018288,0,0
26020288,0,0
26022288,0,0
26024288,0,0
26026288,0,0
26028288,0,0
26030280,0,0
26032280,0,0
26034288,0,0
26036288,0,0
26038280,0,0
26040288,0,0
26042280,0,0
26044280,0,0
26046280,0,0
26048280,0,0
26050288,0,0
26052280,0,0
26054288,0,0
26056280,0,0
26058280,0,0
26060280,0,0
26062280,0,0
26064280,0,0
26066280,0,0
26068280,0,0
26070280,0,0
26072280,0,0
26074280,0,0
26076288,0,0
26078288,0,0
26080288,0,0
26082280,0,0
26084280,0,0
26086280,0,0
26088280,0,0
26090280,0,0
26092280,0,0
26094280,0,0
26096280,0,0
26098280,0,0
26100280,0,0
26102280,0,0
26104280,0,0
26106280,0,0
26108280,0,0
26110280,0,0
26112280,0,0
26114288,0,0
26116288,0,0
26118288,0,0
26120288,0,0
26122280,0,0
26124280,0,0
26126280,0,0
26128280,0,0
26130280,0,0
26132280,0,0
26134280,0,0
26136280,0,0
26138280,0,0
26140288,0,0
26142288,0,0
26144280,0,0
26146288,0,0
26148288,0,0
26150288,0,0
26152280,0,0
26154280,0,0
26156280,0,0
26158280,0,0
26160280,0,0
26162288,0,0
26164288,0,0
26166280,0,0
26168288,0,0
26170280,0,0
26172280,0,0
26174280,0,0
26176280,0,0
26178288,0,0
26180280,0,0
26182280,0,0
26184280,0,0
26186280,0,0
26188280,0,0
26190280,0,0
26192280,0,0
26194280,0,0
26196280,0,0
26198280,0,0
26200280,0,0
26202280,0,0
26204288,0,0
26206288,0,0
26208288,0,0
26210288,0,0
26212280,0,0
26214280,0,0
26216288,0,0
26218280,0,0
26220280,0,0
26222288,0,0
26224280,0,0
26226288,0,0
26228288,0,0
26230280,0,0
26232288,0,0
26234288,0,0
26236288,0,0
26238288,0,0
26240288,0,0
26242280,0,0
26244280,0,0
26246280,0,0
26248280,0,0
26250280,0,0
26252280,0,0
26254288,0,0
26256280,0,0
26258280,0,0
26260280,0,0
26262288,0,0
26264288,0,0
26266288,0,0
26268280,0,0
26270280,0,0
26272288,0,0
26274280,0,0
26276288,0,0
26278280,0,0
26280288,0,0
26282280,0,0
26284288,0,0
26286288,0,0
26288280,0,0
26290280,0,0
26292280,0,0
26294280,0,0
26296280,0,0
26298288,0,0
26300280,0,0
26302288,0,0
26304288,0,0
26306280,0,0
26308288,0,0
26310280,0,0
26312288,0,0
26314288,0,0
26316288,0,0
26318288,0,0
26320288,0,0
26322280,0,0
26324288,0,0
26326288,0,0
26328288,0,0
26330288,0,0
26332288,0,0
26334280,0,0
26336280,0,0
26338280,0,0
26340288,0,0
26342288,0,0
26344288,0,0
26346288,0,0
26348288,0,0
26350288,0,0
26352288,0,0
26354288,0,0
26356288,0,0
26358288,0,0
26360288,0,0
26362288,0,0
26364288,0,0
26366288,0,0
26368280,0,0
26370288,0,0
26372288,0,0
26374288,0,0
26376280,0,0
26378280,0,0
26380280,0,0
26382288,0,0
26384288,0,0
26386280,0,0
26388288,0,0
26390288,0,0
26392288,0,0
26394288,0,0
26396288,0,0
26398288,0,0
26400288,0,0
26402280,0,0
26404288,0,0
26406280,0,0
26408288,0,0
26410288,0,0
26412288,0,0
26414288,0,0
26416288,0,0
26418280,0,0
26420280,0,0
26422280,0,0
26424280,0,0
26426288,0,0
26428280,0,0
26430288,0,0
26432288,0,0
26434280,0,0
26436288,0,0
26438288,0,0
26440288,0,0
26442280,0,0
26444288,0,0
26446288,0,0
26448288,0,0
26450280,0,0
26452288,0,0
26454288,0,0
26456288,0,0
26458288,0,0
26460288,0,0
26462280,0,0
26464280,0,0
26466280,0,0
26468288,0,0
26470288,20,0
26472288,67,0
26474288,103,0
26476288,112,0
26478288,104,0
26480288,98,0
26482288,113,0
26484288,158,0
26486288,223,0
26488288,283,0
26490288,316,0
26492288,314,0
26494288,286,0
26496280,254,0
26498288,239,0
26500288,256,0
26502288,304,0
26504280,365,0
26506280,417,0
26508280,442,0
26510288,434,0
26512280,409,0
26514288,391,0
26516288,396,0
26518280,428,0
26520280,477,0
26522280,521,0
26524288,542,0
26526288,535,0
26528280,511,0
26530288,491,0
26532288,489,0
26534288,515,0
26536280,559,0
26538280,603,0
26540280,630,0
26542280,631,0
26544280,614,0
26546288,598,0
26548280,603,0
26550288,633,0
26552288,683,0
26554288,726,0
26556288,728,0
26558288,728,0
26560280,727,0
26562288,726,0
26564288,726,0
26566288,727,0
26568288,728,0
26570288,729,0
26572288,729,0
26574288,729,0
26576288,729,0
26578288,728,0
26580288,728,0
26582288,729,0
26584288,730,0
26586288,730,0
26588288,731,0
26590280,731,0
26592288,731,0
26594280,730,0
26596280,730,0
26598280,730,0
26600280,730,0
26602280,731,0
26604280,731,0
26606280,731,0
26608280,731,0
26610280,731,0
26612280,731,0
26614280,731,0
26616280,731,0
26618280,731,0
26620280,731,0
26622280,731,0
26624280,731,0
26626288,731,0
26628280,731,0
26630288,731,0
26632280,731,0
26634280,731,0
26636280,731,0
26638288,731,0
26640288,731,0
26642288,732,0
26644288,731,0
26646288,731,0
26648288,731,0
26650288,732,0
26652288,732,0
26654288,732,0
26656288,732,0
26658288,732,0
26660288,732,0
26662288,732,0
26664288,732,0
26666288,732,0
26668288,732,0
26670288,732,0
26672288,732,0
26674280,732,0
26676288,732,0
26678280,732,0
26680288,732,0
26682288,732,0
26684288,732,0
26686288,732,0
26688288,732,0
26690288,732,0
26692288,732,0
26694288,732,0
26696280,732,0
26698288,732,0
26700288,732,0
26702280,732,0
26704280,732,0
26706280,732,0
26708280,732,0
26710280,732,0
26712280,732,0
26714280,732,0
26716288,732,0
26718280,732,0
26720288,732,0
26722280,732,0
26724288,732,0
26726288,732,0
26728280,732,0
26730288,732,0
26732288,732,0
26734288,732,0
26736288,732,0
26738288,732,0
26740288,732,0
26742288,732,0
26744288,732,0
26746280,732,0
26748280,732,0
26750288,732,0
26752280,732,0
26754288,732,0
26756288,732,0
26758288,732,0
26760288,732,0
26762280,732,0
26764280,732,0
26766280,732,0
26768280,732,0
26770288,732,0
26772288,732,0
26774280,732,0
26776280,732,0
26778280,732,0
26780288,732,0
26782280,732,0
26784280,732,0
26786280,732,0
26788280,732,0
26790288,732,0
26792280,732,0
26794280,732,0
26796280,732,0
26798280,732,0
26800280,732,0
26802288,732,0
26804280,732,0
26806288,732,0
26808288,732,0
26810280,732,0
26812280,732,0
26814280,732,0
26816280,732,0
26818288,732,0
26820280,732,0
26822280,732,0
26824280,732,0
26826280,732,0
26828280,732,0
26830280,732,0
26832288,732,0
26834288,732,0
26836280,732,0
26838280,732,0
26840280,732,0
26842280,732,0
26844288,732,0
26846280,732,0
26848288,732,0
26850280,732,0
26852280,732,0
26854280,732,0
26856280,732,0
26858280,732,0
26860280,732,0
26862280,732,0
26864280,732,0
26866280,732,0
26868280,732,0
26870280,732,0
26872280,732,0
26874280,732,0
26876280,732,0
26878280,732,0
26880280,732,0
26882280,732,0
26884288,732,0
26886288,732,0
26888280,732,0
26890280,732,0
26892280,732,0
26894288,732,0
26896288,732,0
26898288,732,0
26900288,732,0
26902288,732,0
26904288,732,0
26906288,732,0
26908288,732,0
26910288,732,0
26912280,732,0
26914288,732,0
26916288,732,0
26918288,732,0
26920280,732,0
26922288,732,0
26924288,732,0
26926288,732,0
26928288,732,0
26930280,732,0
26932288,732,0
26934280,732,0
26936288,732,0
26938288,732,0
26940288,732,0
26942288,732,0
26944288,732,0
26946288,732,0
26948288,732,0
26950288,732,0
26952280,732,0
26954288,732,0
26956288,732,0
26958288,732,0
26960288,732,0
26962288,732,0
26964288,732,0
26966288,732,0
26968288,732,0
26970288,732,0
26972288,732,0
26974280,732,0
26976288,732,0
26978280,732,0
26980280,732,0
26982280,732,0
26984280,732,0
26986280,732,0
26988280,732,0
26990280,732,0
26992280,732,0
26994280,732,0
26996280,732,0
26998280,732,0
27000280,732,0
27002280,732,0
27004280,732,0
27006280,732,0
27008280,732,0
27010288,732,0
27012288,732,0
27014280,732,0
27016288,732,0
27018288,732,0
27020280,732,0
27022280,732,0
27024280,732,0
27026280,732,0
27028280,732,0
27030280,732,0
27032280,732,0
27034280,732,0
27036288,732,0
27038288,732,0
27040280,732,0
27042288,732,0
27044288,732,0
27046288,732,0
27048288,732,0
27050288,732,0
27052288,732,0
27054288,732,0
27056288,732,0
27058280,732,0
27060288,732,0
27062280,732,0
27064288,732,0
27066280,732,0
27068280,732,0
27070280,732,0
27072280,732,0
27074288,732,0
27076280,732,0
27078280,732,0
27080280,732,0
27082288,732,0
27084288,732,0
27086280,732,0
27088280,732,0
27090288,732,0
27092280,732,0
27094280,732,0
27096280,732,0
27098280,732,0
27100288,732,0
27102288,732,0
27104288,732,0
27106288,732,0
27108280,732,0
27110280,732,0
27112280,732,0
27114280,732,0
27116280,732,0
27118280,732,0
27120280,732,0
27122280,732,0
27124280,732,0
27126280,732,0
27128280,732,0
27130280,732,0
27132280,732,0
27134280,732,0
27136288,732,0
27138288,732,0
27140288,732,0
27142288,732,0
27144288,732,0
27146280,732,0
27148280,732,0
27150280,732,0
27152280,732,0
27154280,732,0
27156280,732,0
27158280,732,0
27160280,732,0
27162280,732,0
27164280,732,0
27166280,732,0
27168280,732,0
27170288,732,0
27172280,732,0
27174280,732,0
27176280,732,0
27178280,732,0
27180280,732,0
27182280,732,0
27184280,732,0
27186288,732,0
27188288,732,0
27190288,732,0
27192288,732,0
27194280,732,0
27196280,732,0
27198280,732,0
27200280,732,0
27202288,732,0
27204288,732,0
27206288,732,0
27208288,732,0
27210288,732,0
27212288,732,0
27214288,732,0
27216288,732,0
27218288,732,0
27220288,732,0
27222288,732,0
27224288,732,0
27226288,732,0
27228288,732,0
27230280,732,0
27232288,732,0
27234280,732,0
27236280,732,0
27238280,732,0
27240280,732,0
27242288,732,0
27244288,732,0
27246288,732,0
27248288,732,0
27250288,732,0
27252288,732,0
27254288,732,0
27256288,732,0
27258280,732,0
27260280,732,0
27262280,732,0
27264280,732,0
27266288,732,0
27268288,732,0
27270288,732,0
27272288,732,0
27274288,732,0
27276280,732,0
27278280,732,0
27280280,732,0
27282288,732,0
27284288,732,0
27286288,732,0
27288288,732,0
27290288,732,0
27292288,732,0
27294288,732,0
27296280,732,0
27298288,732,0
27300288,732,0
27302288,732,0
27304280,732,0
27306280,732,0
27308280,732,0
27310280,732,0
27312280,732,0
27314288,732,0
27316288,732,0
27318288,732,0
27320288,732,0
27322280,732,0
27324280,732,0
27326280,732,0
27328280,732,0
27330288,732,0
27332280,732,0
27334280,732,0
27336280,732,0
27338280,732,0
27340280,732,0
27342280,732,0
27344280,732,0
27346280,732,0
27348280,732,0
27350280,732,0
27352280,732,0
27354280,732,0
27356288,732,0
27358288,732,0
27360288,732,0
27362288,732,0
27364288,732,0
27366288,732,0
27368280,732,0
27370280,732,0
27372280,732,0
27374280,732,0
27376280,732,0
27378280,732,0
27380280,732,0
27382280,732,0
27384280,732,0
27386280,732,0
27388280,732,0
27390280,732,0
27392288,732,0
27394288,732,0
27396288,732,0
27398280,732,0
27400288,732,0
27402288,732,0
27404280,732,0
27406280,732,0
27408280,732,0
27410280,732,0
27412280,732,0
27414280,732,0
27416280,732,0
27418280,732,0
27420280,732,0
27422280,732,0
27424280,732,0
27426280,732,0
27428280,732,0
27430280,732,0
27432280,732,0
27434280,732,0
27436280,732,0
27438280,732,0
27440280,732,0
27442288,732,0
27444288,732,0
27446280,732,0
27448288,732,0
27450288,732,0
27452288,732,0
27454280,732,0
27456280,732,0
27458288,732,0
27460280,732,0
27462280,732,0
27464280,732,0
27466280,732,0
27468280,732,0
27470280,732,0
27472280,732,0
27474280,732,0
27476280,732,0
27478280,732,0
27480280,732,0
27482280,732,0
27484288,732,0
27486288,732,0
27488288,732,0
27490288,732,0
27492280,732,0
27494280,732,0
27496280,732,0
27498280,732,0
27500280,732,0
27502280,732,0
27504280,732,0
27506280,732,0
27508280,732,0
27510280,732,0
27512280,732,0
27514280,732,0
27516280,732,0
27518280,732,0
27520288,732,0
27522288,732,0
27524280,732,0
27526280,732,0
27528288,732,0
27530280,732,0
27532280,732,0
27534280,732,0
27536280,732,0
27538288,732,0
27540288,732,0
27542280,732,0
27544280,732,0
27546280,732,0
27548288,732,0
27550288,732,0
27552280,732,0
27554288,732,0
27556288,732,0
27558288,732,0
27560280,732,0
27562280,732,0
27564280,732,0
27566280,732,0
27568280,732,0
27570288,732,0
27572288,731,0
27574280,731,0
27576288,730,0
27578280,729,0
27580280,727,0
27582280,714,0
27584280,657,0
27586288,573,0
27588280,474,0
27590280,371,0
27592280,285,0
27594280,240,0
27596280,238,0
27598280,264,0
27600280,289,0
27602288,290,0
27604280,257,0
27606280,202,0
27608280,142,0
27610280,100,0
27612288,89,0
27614280,105,0
27616288,134,0
27618280,156,0
27620280,155,0
27622280,123,0
27624280,70,0
27626280,17,0
27628280,0,0
27630280,0,0
27632280,20,0
27634280,60,0
27636280,90,0
27638280,100,0
27640280,89,0
27642280,68,0
27644280,55,0
27646280,63,0
27648280,83,0
27650288,96,0
27652288,84,0
27654288,33,0
27656280,0,0
27658280,0,0
27660280,0,0
27662288,0,0
27664288,0,0
27666288,0,0
27668288,0,0
27670288,0,0
27672288,0,0
27674288,0,0
27676288,0,0
27678288,0,0
27680280,0,0
27682288,0,0
27684288,0,0
27686288,0,0
27688288,0,0
27690288,0,0
27692288,0,0
27694288,0,0
27696288,0,0
27698280,0,0
27700280,0,0
27702280,0,0
27704288,0,0
27706288,0,0
27708288,0,0
27710288,0,0
27712288,0,0
27714288,0,0
27716288,0,0
27718288,0,0
27720288,0,0
27722288,0,0
27724288,0,0
27726288,0,0
27728288,0,0
27730288,0,0
27732288,0,0
27734288,0,0
27736280,0,0
27738280,0,0
27740288,0,0
27742280,0,0
27744288,0,0
27746280,0,0
27748280,0,0
27750280,0,0
27752280,0,0
27754280,0,0
27756280,0,0
27758280,0,0
27760280,0,0
27762280,0,0
27764280,0,0
27766280,0,0
27768280,0,0
27770280,0,0
27772280,0,0
27774280,0,0
27776280,0,0
27778288,0,0
27780288,0,0
27782288,0,0
27784280,0,0
27786288,0,0
27788280,0,0
27790280,0,0
27792280,0,0
27794280,0,0
27796280,0,0
27798280,0,0
27800280,0,0
27802280,0,0
27804288,0,0
27806280,0,0
27808280,0,0
27810280,0,0
27812280,0,0
27814280,0,0
27816280,0,0
27818280,0,0
27820280,0,0
27822280,0,0
27824280,0,0
27826288,0,0
27828288,0,0
27830288,0,0
27832288,0,0
27834280,0,0
27836280,0,0
27838280,0,0
27840280,0,0
27842288,0,0
27844280,0,0
27846280,0,0
27848280,0,0
27850280,0,0
27852280,0,0
27854280,0,0
27856288,0,0
27858280,0,0
27860288,0,0
27862288,0,0
27864288,0,0
27866288,0,0
27868288,0,0
27870280,0,0
27872288,0,0
27874280,0,0
27876288,0,0
27878288,0,0
27880288,0,0
27882288,0,0
27884288,0,0
27886288,0,0
27888288,0,0
27890288,0,0
27892288,0,0
27894288,0,0
27896288,0,0
27898288,0,0
27900288,0,0
27902288,0,0
27904280,0,0
27906288,0,0
27908288,0,0
27910288,0,0
27912280,0,0
27914288,0,0
27916280,0,0
27918280,0,0
27920280,0,0
27922288,0,0
27924288,0,0
27926288,0,0
27928288,0,0
27930288,0,0
27932288,0,0
27934288,0,0
27936280,0,0
27938288,0,0
27940288,0,0
27942288,0,0
27944280,0,0
27946280,0,0
27948280,0,0
27950280,0,0
27952280,0,0
27954288,0,0
27956288,0,0
27958280,0,0
27960288,0,0
27962288,0,0
27964288,0,0
27966288,0,0
27968288,0,0
27970288,0,0
27972288,0,0
27974288,0,0
27976280,0,0
27978280,0,0
27980280,0,0
27982280,0,0
27984280,0,0
27986280,0,0
27988280,0,0
27990280,0,0
27992280,0,0
27994280,0,0
27996288,0,0
27998288,0,0
28000288,0,0
28002280,0,0
28004288,0,0
28006288,0,0
28008280,0,0
28010288,0,0
28012288,0,0
28014288,0,0
28016288,0,0
28018288,0,0
28020288,0,0
28022288,0,0
28024288,0,0
28026288,0,0
28028288,0,0
28030288,0,0
28032280,0,0
28034288,0,0
28036288,0,0
28038288,0,0
28040280,0,0
28042288,0,0
28044280,0,0
28046280,0,0
28048280,0,0
28050288,0,0
28052288,0,0
28054280,0,0
28056280,0,0
28058280,0,0
28060288,0,0
28062288,0,0
28064288,0,0
28066288,0,0
28068288,0,0
28070288,0,0
28072280,0,0
28074280,0,0
28076280,0,0
28078280,0,0
28080280,0,0
28082288,0,0
28084280,0,0
28086288,0,0
28088280,0,0
28090280,0,0
28092280,0,0
28094280,0,0
28096280,0,0
28098288,0,0
28100280,0,0
28102280,0,0
28104280,0,0
28106280,0,0
28108280,0,0
28110280,0,0
28112280,0,0
28114280,0,0
28116280,0,0
28118280,0,0
28120280,0,0
28122280,0,0
28124288,0,0
28126288,0,0
28128288,0,0
28130288,0,0
28132280,0,0
28134280,0,0
28136280,0,0
28138280,0,0
28140280,0,0
28142280,0,0
28144280,0,0
28146280,0,0
28148280,0,0
28150280,0,0
28152280,0,0
28154280,0,0
28156280,0,0
28158280,0,0
28160288,0,0
28162280,0,0
28164288,0,0
28166288,0,0
28168280,0,0
28170280,0,0
28172280,0,0
28174288,0,0
28176288,0,0
28178288,0,0
28180288,0,0
28182288,0,0
28184288,0,0
28186288,0,0
28188280,0,0
28190288,0,0
28192288,0,0
28194280,0,0
28196288,0,0
28198288,0,0
28200288,0,0
28202288,0,0
28204288,0,0
28206288,0,0
28208288,0,0
28210280,0,0
28212288,0,0
28214280,0,0
28216280,0,0
28218280,51,0
28220288,142,0
28222288,231,0
28224288,303,0
28226288,352,0
28228288,379,0
28230288,391,0
28232280,391,0
28234280,386,0
28236280,379,0
28238280,372,0
28240280,368,0
28242288,365,0
28244288,364,0
28246288,364,0
28248280,364,0
28250280,364,0
28252288,364,0
28254280,364,0
28256288,365,0
28258280,366,0
28260280,367,0
28262280,367,0
28264280,367,0
28266288,367,0
28268288,366,0
28270288,365,0
28272288,365,0
28274288,365,0
28276288,366,0
28278288,367,0
28280288,367,0
28282280,367,0
28284280,367,0
28286280,366,0
28288280,366,0
28290288,366,0
28292288,367,0
28294288,367,0
28296280,368,0
28298288,368,0
28300280,367,0
28302280,367,0
28304280,366,0
28306288,366,0
28308288,367,0
28310288,368,0
28312280,368,0
28314280,368,0
28316280,368,0
28318280,367,0
28320280,367,0
28322288,365,0
28324288,368,0
28326288,390,0
28328280,439,0
28330280,507,0
28332280,573,0
28334280,611,0
28336280,609,0
28338288,568,0
28340288,503,0
28342288,425,0
28344288,357,0
28346280,301,0
28348280,244,0
28350280,172,0
28352280,77,0
28354288,0,0
28356288,0,0
28358288,0,0
28360280,0,0
28362288,0,0
28364288,0,0
28366280,0,0
28368288,0,0
28370288,0,0
28372288,0,0
28374288,0,0
28376280,0,0
28378280,0,0
28380288,0,0
28382280,0,0
28384288,0,0
28386288,0,0
28388288,0,0
28390288,0,0
28392280,0,0
28394280,0,0
28396280,0,0
28398280,0,0
28400280,0,0
28402280,0,0
28404280,0,0
28406280,0,0
28408280,0,0
28410280,0,0
28412280,0,0
28414280,0,0
28416280,0,0
28418288,0,0
28420288,0,0
28422288,0,0
28424288,0,0
28426288,0,0
28428280,0,0
28430280,0,0
28432280,0,0
28434288,0,0
28436288,0,0
28438288,0,0
28440280,0,0
28442280,0,0
28444288,0,0
28446280,0,0
28448280,0,0
28450288,0,0
28452288,0,0
28454288,0,0
28456280,0,0
28458280,0,0
28460280,0,0
28462280,0,0
28464280,0,0
28466288,0,0
28468288,0,0
28470280,0,0
28472288,0,0
28474280,0,0
28476280,0,0
28478280,0,0
28480280,0,0
28482288,0,0
28484288,0,0
28486288,0,0
28488280,0,0
28490288,0,0
28492288,0,0
28494280,0,0
28496280,0,0
28498280,0,0
28500280,0,0
28502280,0,0
28504280,0,0
28506280,0,0
28508288,0,0
28510280,0,0
28512288,0,0
28514280,0,0
28516280,0,0
28518280,0,0
28520280,0,0
28522280,0,0
28524288,0,0
28526288,0,0
28528288,0,0
28530288,0,0
28532288,0,0
28534288,0,0
28536280,0,0
28538280,0,0
28540280,0,0
28542280,0,0
28544280,0,0
28546288,0,0
28548288,0,0
28550280,0,0
28552288,0,0
28554288,0,0
28556280,0,0
28558280,0,0
28560280,0,0
28562288,0,0
28564288,0,0
28566280,0,0
28568280,0,0
28570280,0,0
28572288,0,0
28574288,0,0
28576280,0,0
28578280,0,0
28580280,0,0
28582280,0,0
28584280,0,0
28586280,0,0
28588280,0,0
28590280,0,0
28592280,0,0
28594288,0,0
28596288,0,0
28598288,0,0
28600288,0,0
28602280,0,0
28604280,0,0
28606280,0,0
28608280,0,0
28610280,0,0
28612280,0,0
28614280,0,0
28616280,0,0
28618280,0,0
28620280,0,0
28622280,0,0
28624280,0,0
28626280,0,0
28628280,0,0
28630280,0,0
28632280,0,0
28634280,0,0
28636288,0,0
28638288,0,0
28640288,0,0
28642288,0,0
28644280,0,0
28646280,0,0
28648280,0,0
28650280,0,0
28652280,0,0
28654280,0,0
28656280,0,0
28658280,0,0
28660280,0,0
28662280,0,0
28664280,0,0
28666280,0,0
28668280,0,0
28670280,0,0
28672288,0,0
28674280,0,0
28676288,0,0
28678288,0,0
28680280,0,0
28682280,0,0
28684280,0,0
28686288,0,0
28688288,0,0
28690288,0,0
28692288,0,0
28694288,0,0
28696288,0,0
28698288,0,0
28700288,0,0
28702288,0,0
28704280,0,0
28706288,0,0
28708288,0,0
28710288,0,0
28712280,0,0
28714280,0,0
28716280,0,0
28718280,0,0
28720280,0,0
28722288,0,0
28724280,0,0
28726280,0,0
28728288,0,0
28730288,0,0
28732288,0,0
28734288,0,0
28736288,0,0
28738288,0,0
28740288,0,0
28742288,0,0
28744280,0,0
28746280,0,0
28748280,0,0
28750280,0,0
28752280,0,0
28754280,0,0
28756280,0,0
28758280,0,0
28760280,0,0
28762280,0,0
28764288,0,0
28766280,0,0
28768288,0,0
28770280,0,0
28772280,0,0
28774280,0,0
28776280,0,0
28778280,0,0
28780280,0,0
28782280,0,0
28784280,0,0
28786280,0,0
28788280,0,0
28790280,0,0
28792280,0,0
28794280,0,0
28796280,0,0
28798280,0,0
28800280,0,0
28802288,0,0
28804288,0,0
28806288,0,0
28808280,0,0
28810280,0,0
28812280,0,0
28814288,0,0
28816288,0,0
28818288,0,0
28820288,0,0
28822288,0,0
28824288,0,0
28826288,0,0
28828288,0,0
28830288,0,0
28832288,0,0
28834288,0,0
28836288,0,0
28838280,0,0
28840288,0,0
28842280,0,0
28844288,0,0
28846288,0,0
28848280,0,0
28850280,0,0
28852280,0,0
28854280,0,0
28856280,0,0
28858288,0,0
28860288,0,0
28862288,0,0
28864288,0,0
28866280,0,0
28868288,0,0
28870288,0,0
28872288,0,0
28874288,0,0
28876288,0,0
28878288,0,0
28880280,0,0
28882280,0,0
28884288,0,0
28886288,0,0
28888288,0,0
28890288,0,0
28892288,0,0
28894280,0,0
28896280,0,0
28898280,0,0
28900288,0,0
28902288,0,0
28904288,0,0
28906288,0,0
28908288,0,0
28910288,0,0
28912288,0,0
28914288,0,0
28916288,0,0
28918288,0,0
28920288,0,0
28922288,0,0
28924288,0,0
28926288,0,0
28928280,0,0
28930288,0,0
28932288,0,0
28934288,0,0
28936280,0,0
28938280,0,0
28940280,0,0
28942288,0,0
28944288,0,0
28946288,0,0
28948288,0,0
28950288,0,0
28952288,0,0
28954288,0,0
28956288,0,0
28958288,0,0
28960280,0,0
28962288,0,0
28964288,0,0
28966288,0,0
28968288,0,0
28970288,0,0
28972288,0,0
28974288,0,0
28976288,0,0
28978280,0,0
28980288,0,0
28982280,0,0
28984280,0,0
28986288,0,0
28988288,0,0
28990288,0,0
28992288,0,0
28994288,0,0
28996288,0,0
28998288,0,0
29000288,0,0
29002288,0,0
29004288,0,0
29006288,0,0
29008288,0,0
29010288,0,0
29012288,0,0
29014288,0,0
29016280,0,0
29018280,0,0
29020288,0,0
29022280,0,0
29024288,0,0
29026280,0,0
29028280,0,0
29030280,0,0
29032280,0,0
29034280,0,0
29036280,0,0
29038280,0,0
29040280,0,0
29042280,0,0
29044288,0,0
29046288,0,0
29048288,0,0
29050280,0,0
29052280,0,0
29054280,0,0
29056280,0,0
29058288,0,0
29060288,0,0
29062288,0,0
29064280,0,0
29066288,0,0
29068280,0,0
29070280,0,0
29072280,0,0
29074280,0,0
29076280,0,0
29078280,0,0
29080280,0,0
29082280,0,0
29084288,0,0
29086288,0,0
29088288,0,0
29090288,0,0
29092288,0,0
29094288,0,0
29096288,0,0
29098288,0,0
29100288,0,0
29102280,0,0
29104280,0,0
29106288,0,0
29108288,0,0
29110280,0,0
29112288,0,0
29114280,0,0
29116280,0,0
29118280,0,0
29120280,0,0
29122288,0,0
29124288,0,0
29126288,0,0
29128288,0,0
29130288,0,0
29132288,0,0
29134280,0,0
29136280,0,0
29138280,0,0
29140280,0,0
29142280,0,0
29144280,0,0
29146280,0,0
29148288,0,0
29150280,0,0
29152288,0,0
29154280,0,0
29156280,0,0
29158280,0,0
29160280,0,0
29162280,0,0
29164280,0,0
29166288,0,0
29168288,0,0
29170288,0,0
29172288,0,0
29174288,0,0
29176280,0,0
29178280,0,0
29180280,0,0
29182280,0,0
29184280,0,0
29186288,0,0
29188288,0,0
29190288,0,0
29192288,0,0
29194280,0,0
29196280,0,0
29198280,0,0
29200280,0,0
29202288,0,0
29204288,0,0
29206288,0,0
29208288,0,0
29210288,0,0
29212288,0,0
29214288,0,0
29216288,0,0
29218288,0,0
29220288,0,0
29222288,0,0
29224280,0,0
29226280,0,0
29228288,0,0
29230288,0,0
29232280,0,0
29234288,0,0
29236288,0,0
29238280,0,0
29240288,0,0
29242288,0,0
29244288,0,0
29246288,0,0
29248288,0,0
29250288,0,0
29252288,0,0
29254288,0,0
29256280,0,0
29258280,0,0
29260288,0,0
29262280,0,0
29264280,0,0
29266280,0,0
29268280,0,0
29270280,0,0
29272280,0,0
29274280,0,0
29276288,0,0
29278288,0,0
29280288,0,0
29282280,0,0
29284280,0,0
29286280,0,0
29288280,0,0
29290288,0,0
29292288,0,0
29294288,0,0
29296288,0,0
29298288,0,0
29300288,0,0
29302288,0,0
29304280,0,0
29306280,0,0
29308280,0,0
29310280,0,0
29312280,0,0
29314288,0,0
29316288,0,0
29318280,0,0
29320288,0,0
29322288,0,0
29324280,0,0
29326280,0,0
29328280,0,0
29330288,0,0
29332288,0,0
29334288,0,0
29336280,0,0
29338280,0,0
29340288,0,0
29342288,0,0
29344280,0,0
29346280,0,0
29348280,0,0
29350280,0,0
29352280,0,0
29354280,0,0
29356280,0,0
29358280,0,0
29360280,0,0
29362288,0,0
29364288,0,0
29366288,0,0
29368288,0,0
29370280,0,0
29372280,0,0
29374280,0,0
29376280,0,0
29378280,0,0
29380280,0,0
29382280,0,0
29384280,0,0
29386280,0,0
29388280,0,0
29390280,0,0
29392280,0,0
29394280,0,0
29396280,0,0
29398280,0,0
29400280,0,0
29402280,0,0
29404288,0,0
29406288,0,0
29408288,0,0
29410288,0,0
29412280,0,0
29414280,0,0
29416280,0,0
29418280,0,0
29420280,0,0
29422280,0,0
29424280,0,0
29426280,0,0
29428280,0,0
29430280,0,0
29432280,0,0
29434280,0,0
29436280,0,0
29438280,0,0
29440288,0,0
29442288,0,0
29444288,0,0
29446288,0,0
29448288,0,0
29450280,0,0
29452280,0,0
29454280,0,0
29456280,0,0
29458288,0,0
29460288,0,0
29462280,0,0
29464280,0,0
29466280,0,0
29468280,0,0
29470280,0,0
29472280,0,0
29474280,0,0
29476280,0,0
29478280,0,0
29480280,0,0
29482280,0,0
29484280,0,0
29486280,0,0
29488280,0,0
29490288,0,0
29492288,0,0
29494280,0,0
29496280,0,0
29498288,0,0
29500288,0,0
29502288,0,0
29504288,0,0
29506288,0,0
29508288,0,0
29510288,0,0
29512288,0,0
29514288,0,0
29516288,0,0
29518288,0,0
29520288,0,0
29522288,0,0
29524288,0,0
29526288,0,0
29528288,0,0
29530288,0,0
29532288,0,0
29534280,0,0
29536288,0,0
29538280,0,0
29540288,0,0
29542288,0,0
29544280,0,0
29546288,0,0
29548288,0,0
29550288,0,0
29552288,0,0
29554288,0,0
29556288,0,0
29558288,0,0
29560288,0,0
29562280,0,0
29564280,0,0
29566280,0,0
29568280,0,0
29570288,0,0
29572288,0,0
29574288,0,0
29576288,0,0
29578280,0,0
29580280,0,0
29582280,0,0
29584280,0,0
29586288,0,0
29588288,0,0
29590288,0,0
29592280,0,0
29594280,0,0
29596288,0,0
29598288,0,0
29600280,0,0
29602288,0,0
29604288,0,0
29606288,0,0
29608288,0,0
29610288,0,0
29612288,0,0
29614280,0,0
29616288,0,0
29618280,0,0
29620288,0,0
29622280,0,0
29624288,0,0
29626288,0,0
29628288,0,0
29630288,0,0
29632280,0,0
29634288,0,0
29636280,0,0
29638280,0,0
29640280,0,0
29642280,0,0
29644280,0,0
29646280,0,0
29648280,0,0
29650280,0,0
29652280,0,0
29654280,0,0
29656280,0,0
29658280,0,0
29660288,0,0
29662280,0,0
29664288,0,0
29666280,0,0
29668288,0,0
29670288,0,0
29672280,0,0
29674280,0,0
29676280,0,0
29678280,0,0
29680280,0,0
29682280,0,0
29684280,0,0
29686280,0,0
29688280,0,0
29690280,0,0
29692280,0,0
29694280,0,0
29696280,0,0
29698288,0,0
29700288,0,0
29702288,14,0
29704280,92,0
29706288,186,0
29708280,267,0
29710280,328,0
29712280,365,0
29714288,383,0
29716288,389,0
29718280,387,0
29720280,383,0
29722280,377,0
29724280,372,0
29726280,368,0
29728280,364,0
29730288,363,0
29732288,362,0
29734288,363,0
29736280,364,0
29738280,366,0
29740280,367,0
29742280,367,0
29744280,366,0
29746288,365,0
29748288,365,0
29750280,365,0
29752288,366,0
29754280,367,0
29756280,368,0
29758280,368,0
29760280,368,0
29762288,366,0
29764288,366,0
29766288,365,0
29768280,366,0
29770280,367,0
29772280,369,0
29774280,369,0
29776280,368,0
29778280,367,0
29780280,366,0
29782280,365,0
29784280,366,0
29786280,367,0
29788288,369,0
29790280,370,0
29792288,369,0
29794288,368,0
29796280,367,0
29798280,366,0
29800280,366,0
29802280,367,0
29804280,368,0
29806280,369,0
29808280,375,0
29810280,377,0
29812280,348,0
29814280,275,0
29816280,175,0
29818280,81,0
29820280,26,0
29822288,29,0
29824280,79,0
29826288,145,0
29828288,184,0
29830288,171,0
29832288,107,0
29834280,17,0
29836292,0,0
29838280,0,0
29840280,0,0
29842288,0,0
29844288,0,0
29846288,0,0
29848280,0,0
29850280,0,0
29852288,0,0
29854288,0,0
29856280,0,0
29858288,0,0
29860288,0,0
29862288,0,0
29864280,0,0
29866280,0,0
29868280,0,0
29870280,0,0
29872280,0,0
29874288,0,0
29876288,0,0
29878288,0,0
29880288,0,0
29882280,0,0
29884280,0,0
29886280,0,0
29888280,0,0
29890288,0,0
29892280,0,0
29894280,0,0
29896280,0,0
29898280,0,0
29900280,0,0
29902280,0,0
29904280,0,0
29906280,0,0
29908280,0,0
29910280,0,0
29912280,0,0
29914280,0,0
29916288,0,0
29918288,0,0
29920288,0,0
29922280,0,0
29924280,0,0
29926280,0,0
29928280,0,0
29930280,0,0
29932280,0,0
29934280,0,0
29936280,0,0
29938280,0,0
29940280,0,0
29942280,0,0
29944280,0,0
29946280,0,0
29948280,0,0
29950280,0,0
29952280,0,0
29954288,0,0
29956288,0,0
29958288,0,0
29960288,0,0
29962288,0,0
29964280,0,0
29966280,0,0
29968280,0,0
29970280,0,0
29972280,0,0
29974280,0,0
29976280,0,0
29978280,0,0
29980280,0,0
29982280,0,0
29984280,0,0
29986288,0,0
29988288,0,0
29990288,0,0
29992280,0,0
29994280,0,0
29996280,0,0
29998280,0,0
30000280,0,0
30002288,0,0
30004288,0,0
30006280,0,0
30008288,0,0
30010280,0,0
30012280,0,0
30014280,0,0
30016280,0,0
30018280,0,0
30020280,0,0
30022280,0,0
30024280,0,0
30026280,0,0
30028280,0,0
30030280,0,0
30032280,0,0
30034280,0,0
30036280,0,0
30038280,0,0
30040280,0,0
30042280,0,0
30044288,0,0
30046288,0,0
30048288,0,0
30050288,0,0
30052280,0,0
30054280,0,0
30056288,0,0
30058280,0,0
30060280,0,0
30062280,0,0
30064280,0,0
30066280,0,0
30068280,0,0
30070280,0,0
30072280,0,0
30074280,0,0
30076280,0,0
30078280,0,0
30080288,0,0
30082288,0,0
30084288,0,0
30086280,0,0
30088288,0,0
30090288,0,0
30092292,0,0
30094280,0,0
30096280,0,0
30098280,0,0
30100280,0,0
30102280,0,0
30104280,0,0
30106280,0,0
30108280,0,0
30110280,0,0
30112280,0,0
30114280,0,0
30116280,0,0
30118280,0,0
30120280,0,0
30122280,0,0
30124280,0,0
30126280,0,0
30128280,0,0
30130288,0,0
30132288,0,0
30134288,0,0
30136288,0,0
30138280,0,0
30140280,0,0
30142280,0,0
30144280,0,0
30146280,0,0
30148280,0,0
30150280,0,0
30152280,0,0
30154280,0,0
30156280,0,0
30158280,0,0
30160280,0,0
30162280,0,0
30164280,0,0
30166280,0,0
30168280,0,0
30170280,0,0
30172288,0,0
30174288,0,0
30176288,0,0
30178288,73,0
30180280,187,0
30182280,284,0
30184280,351,0
30186280,174,0
30188280,106,0
30190280,274,0
30192280,421,0
30194280,496,0
30196280,511,0
30198280,491,0
30200280,180,0
30202280,134,0
30204280,279,0
30206280,317,0
30208288,0,0
30210288,0,0
30212288,279,0
30214280,545,0
30216288,689,0
30218288,714,0
30220292,513,0
30222280,55,0
30224280,247,0
30226280,402,0
30228280,495,0
30230280,526,0
30232280,514,0
30234280,481,0
30236280,444,0
30238280,409,0
30240280,355,0
30242280,0,0
30244280,150,0
30246280,307,0
30248288,441,0
30250280,509,0
30252280,522,0
30254280,426,0
30256280,0,0
30258288,100,0
30260288,233,0
30262288,365,0
30264288,447,0
30266280,480,0
30268280,347,0
30270280,0,0
30272280,115,0
30274280,269,0
30276280,397,0
30278280,469,0
30280280,490,0
30282280,479,0
30284280,454,0
30286288,425,0
30288280,376,0
30290280,0,0
30292280,40,0
30294280,137,0
30296288,302,0
30298280,413,0
30300288,468,0
30302288,420,0
30304280,0,0
30306288,96,0
30308280,217,0
30310288,364,0
30312288,455,0
30314280,491,0
30316280,382,0
30318280,0,0
30320280,211,0
30322172,-1,1
30324288,101,0
30326280,27,0
30328280,247,0
30330280,438,0
30332280,541,0
30334280,569,0
30336288,531,0
30338288,1,0
30340288,23,0
30342280,150,0
30344288,327,0
30346288,442,0
30348292,494,0
30350280,452,0
30352280,0,0
30354280,55,0
30356280,183,0
30358280,358,0
30360288,465,0
30362280,507,0
30364280,504,0
30366280,477,0
30368280,443,0
30370172,-1,1
30372288,0,0
30374280,0,0
30376280,111,0
30378280,281,0
30380280,403,0
30382280,473,0
30384176,-1,1
30386180,-1,1
30388176,-1,1
30390172,-1,1
30392288,0,0
30394280,0,0
30396280,0,0
30398280,0,0
30400280,0,0
30402288,0,0
30404280,0,0
30406172,-1,1
30408288,0,0
30410288,0,0
30412288,0,0
30414280,0,0
30416280,0,0
30418280,0,0
30420172,-1,1
30422176,-1,1
30424172,-1,1
30426280,0,0
30428288,0,0
30430288,0,0
30432288,0,0
30434288,0,0
30436280,0,0
30438280,0,0
30440280,0,0
30442280,0,0
30444280,0,0
30446280,0,0
30448280,0,0
30450280,0,0
30452280,0,0
30454172,-1,1
30456176,-1,1
30458176,-1,1
30460280,0,0
30462280,0,0
30464280,0,0
30466288,0,0
30468172,-1,1
30470172,-1,1
30472176,-1,1
30474172,-1,1
30476176,-1,1
30478172,-1,1
30480176,-1,1
30482176,-1,1
30484172,-1,1
30486176,-1,1
30488172,-1,1
30490176,-1,1
30492172,-1,1
30494172,-1,1
30496172,-1,1
30498172,-1,1
30500176,-1,1
30502172,-1,1
30504176,-1,1
30506172,-1,1
30508172,-1,1
30510176,-1,1
30512172,-1,1
30514176,-1,1
30516172,-1,1
30518176,-1,1
30520172,-1,1
30522176,-1,1
30524172,-1,1
30526176,-1,1
30528172,-1,1
30530172,-1,1
30532172,-1,1
30534176,-1,1
30536172,-1,1
30538176,-1,1
30540172,-1,1
30542176,-1,1
30544172,-1,1
30546176,-1,1
30548172,-1,1
30550172,-1,1
30552172,-1,1
30554176,-1,1
30556180,-1,1
30558176,-1,1
30560172,-1,1
30562176,-1,1
30564172,-1,1
30566176,-1,1
30568172,-1,1
30570176,-1,1
30572172,-1,1
30574176,-1,1
30576176,-1,1
30578172,-1,1
30580176,-1,1
30582172,-1,1
30584176,-1,1
30586176,-1,1
30588172,-1,1
30590176,-1,1
30592176,-1,1
30594172,-1,1
30596176,-1,1
30598172,-1,1
30600176,-1,1
30602172,-1,1
30604176,-1,1
30606172,-1,1
30608172,-1,1
30610176,-1,1
30612172,-1,1
30614172,-1,1
30616176,-1,1
30618176,-1,1
30620172,-1,1
30622176,-1,1
30624172,-1,1
30626176,-1,1
30628176,-1,1
30630172,-1,1
30632172,-1,1
30634176,-1,1
30636176,-1,1
30638176,-1,1
30640172,-1,1
30642172,-1,1
30644176,-1,1
30646172,-1,1
30648172,-1,1
30650176,-1,1
30652172,-1,1
30654172,-1,1
30656176,-1,1
30658172,-1,1
30660172,-1,1
30662176,-1,1
30664172,-1,1
30666176,-1,1
30668176,-1,1
30670176,-1,1
30672172,-1,1
30674176,-1,1
30676176,-1,1
30678176,-1,1
30680280,0,0
30682280,0,0
30684288,0,0
30686288,0,0
30688288,0,0
30690288,0,0
30692280,0,0
30694280,0,0
30696288,0,0
30698280,0,0
30700280,0,0
30702288,0,0
30704280,0,0
30706288,0,0
30708280,0,0
30710288,0,0
30712288,0,0
30714288,0,0
30716288,0,0
30718288,0,0
30720288,0,0
30722280,0,0
30724288,0,0
30726288,0,0
30728280,0,0
30730280,47,0
30732172,-1,1
30734176,-1,1
30736176,-1,1
30738176,-1,1
30740172,-1,1
30742176,-1,1
30744176,-1,1
30746172,-1,1
30748176,-1,1
30750176,-1,1
30752172,-1,1
30754172,-1,1
30756176,-1,1
30758176,-1,1
30760176,-1,1
30762176,-1,1
30764172,-1,1
30766176,-1,1
30768172,-1,1
30770172,-1,1
30772176,-1,1
30774176,-1,1
30776172,-1,1
30778176,-1,1
30780172,-1,1
30782176,-1,1
30784172,-1,1
30786172,-1,1
30788176,-1,1
30790172,-1,1
30792176,-1,1
30794172,-1,1
30796176,-1,1
30798172,-1,1
30800176,-1,1
30802172,-1,1
30804172,-1,1
30806172,-1,1
30808176,-1,1
30810176,-1,1
30812180,-1,1
30814176,-1,1
30816172,-1,1
30818176,-1,1
30820176,-1,1
30822172,-1,1
30824176,-1,1
30826176,-1,1
30828172,-1,1
30830172,-1,1
30832176,-1,1
30834176,-1,1
30836172,-1,1
30838176,-1,1
30840172,-1,1
30842176,-1,1
30844176,-1,1
30846172,-1,1
30848176,-1,1
30850176,-1,1
30852172,-1,1
30854172,-1,1
30856172,-1,1
30858176,-1,1
30860172,-1,1
30862172,-1,1
30864176,-1,1
30866172,-1,1
30868176,-1,1
30870176,-1,1
30872176,-1,1
30874172,-1,1
30876172,-1,1
30878176,-1,1
30880172,-1,1
30882172,-1,1
30884176,-1,1
30886176,-1,1
30888172,-1,1
30890176,-1,1
30892176,-1,1
30894172,-1,1
30896176,-1,1
30898176,-1,1
30900172,-1,1
30902172,-1,1
30904176,-1,1
30906172,-1,1
30908176,-1,1
30910172,-1,1
30912176,-1,1
30914172,-1,1
30916176,-1,1
30918172,-1,1
30920176,-1,1
30922172,-1,1
30924176,-1,1
30926172,-1,1
30928176,-1,1
30930176,-1,1
30932172,-1,1
30934176,-1,1
30936172,-1,1
30938176,-1,1
30940180,-1,1
30942172,-1,1
30944176,-1,1
30946172,-1,1
30948176,-1,1
30950172,-1,1
30952176,-1,1
30954172,-1,1
30956172,-1,1
30958176,-1,1
30960172,-1,1
30962176,-1,1
30964172,-1,1
30966176,-1,1
30968172,-1,1
30970176,-1,1
30972172,-1,1
30974176,-1,1
30976176,-1,1
30978176,-1,1
30980176,-1,1
30982172,-1,1
30984172,-1,1
30986176,-1,1
30988172,-1,1
30990176,-1,1
30992172,-1,1
30994172,-1,1
30996176,-1,1
30998172,-1,1
31000172,-1,1
31002176,-1,1
31004172,-1,1
31006176,-1,1
31008172,-1,1
31010176,-1,1
31012172,-1,1
31014176,-1,1
31016172,-1,1
31018176,-1,1
31020176,-1,1
31022172,-1,1
31024176,-1,1
31026172,-1,1
31028176,-1,1
31030172,-1,1
31032176,-1,1
31034176,-1,1
31036172,-1,1
31038176,-1,1
31040176,-1,1
31042176,-1,1
31044172,-1,1
31046176,-1,1
31048176,-1,1
31050176,-1,1
31052172,-1,1
31054176,-1,1
31056172,-1,1
31058176,-1,1
31060172,-1,1
31062176,-1,1
31064172,-1,1
31066176,-1,1
31068180,-1,1
31070176,-1,1
31072172,-1,1
31074176,-1,1
31076172,-1,1
31078172,-1,1
31080176,-1,1
31082172,-1,1
31084172,-1,1
31086176,-1,1
31088172,-1,1
31090176,-1,1
31092176,-1,1
31094172,-1,1
31096176,-1,1
31098176,-1,1
31100172,-1,1
31102172,-1,1
31104172,-1,1
31106176,-1,1
31108172,-1,1
31110176,-1,1
31112172,-1,1
31114176,-1,1
31116176,-1,1
31118176,-1,1
31120172,-1,1
31122176,-1,1
31124176,-1,1
31126172,-1,1
31128172,-1,1
31130172,-1,1
31132172,-1,1
31134176,-1,1
31136172,-1,1
31138172,-1,1
31140176,-1,1
31142172,-1,1
31144176,-1,1
31146172,-1,1
31148176,-1,1
31150172,-1,1
31152176,-1,1
31154176,-1,1
31156172,-1,1
31158176,-1,1
31160172,-1,1
31162176,-1,1
31164172,-1,1
31166176,-1,1
31168176,-1,1
31170176,-1,1
31172176,-1,1
31174172,-1,1
31176176,-1,1
31178172,-1,1
31180176,-1,1
31182176,-1,1
31184172,-1,1
31186176,-1,1
31188172,-1,1
31190176,-1,1
31192176,-1,1
31194172,-1,1
31196180,-1,1
31198176,-1,1
31200176,-1,1
31202176,-1,1
31204172,-1,1
31206176,-1,1
31208176,-1,1
31210172,-1,1
31212176,-1,1
31214172,-1,1
31216176,-1,1
31218176,-1,1
31220172,-1,1
31222176,-1,1
31224176,-1,1
31226172,-1,1
31228176,-1,1
31230172,-1,1
31232172,-1,1
31234172,-1,1
31236176,-1,1
31238172,-1,1
31240172,-1,1
31242172,-1,1
31244176,-1,1
31246172,-1,1
31248176,-1,1
31250176,-1,1
31252172,-1,1
31254176,-1,1
31256176,-1,1
31258172,-1,1
31260172,-1,1
31262176,-1,1
31264172,-1,1
31266176,-1,1
31268172,-1,1
31270176,-1,1
31272176,-1,1
31274172,-1,1
31276176,-1,1
31278172,-1,1
31280172,-1,1
31282172,-1,1
31284176,-1,1
31286172,-1,1
31288176,-1,1
31290172,-1,1
31292172,-1,1
31294176,-1,1
31296172,-1,1
31298172,-1,1
31300176,-1,1
31302172,-1,1
31304176,-1,1
31306172,-1,1
31308176,-1,1
31310176,-1,1
31312172,-1,1
31314176,-1,1
31316172,-1,1
31318172,-1,1
31320176,-1,1
31322172,-1,1
31324180,-1,1
31326172,-1,1
31328176,-1,1
31330176,-1,1
31332172,-1,1
31334176,-1,1
31336176,-1,1
31338172,-1,1
31340176,-1,1
31342172,-1,1
31344172,-1,1
31346176,-1,1
31348172,-1,1
31350176,-1,1
31352176,-1,1
31354172,-1,1
31356172,-1,1
31358176,-1,1
31360176,-1,1
31362176,-1,1
31364172,-1,1
31366176,-1,1
31368176,-1,1
31370172,-1,1
31372176,-1,1
31374176,-1,1
31376172,-1,1
31378172,-1,1
31380176,-1,1
31382172,-1,1
31384176,-1,1
31386176,-1,1
31388176,-1,1
31390172,-1,1
31392172,-1,1
31394172,-1,1
31396172,-1,1
31398176,-1,1
31400172,-1,1
31402176,-1,1
31404172,-1,1
31406172,-1,1
31408176,-1,1
31410180,-1,1
31412176,-1,1
31414172,-1,1
31416176,-1,1
31418176,-1,1
31420172,-1,1
31422176,-1,1
31424176,-1,1
31426176,-1,1
31428176,-1,1
31430172,-1,1
31432176,-1,1
31434176,-1,1
31436176,-1,1
31438172,-1,1
31440176,-1,1
31442172,-1,1
31444172,-1,1
31446176,-1,1
31448172,-1,1
31450176,-1,1
31452180,-1,1
31454176,-1,1
31456176,-1,1
31458172,-1,1
31460176,-1,1
31462176,-1,1
31464172,-1,1
31466176,-1,1
31468172,-1,1
31470172,-1,1
31472176,-1,1
31474172,-1,1
31476176,-1,1
31478172,-1,1
31480176,-1,1
31482172,-1,1
31484176,-1,1
31486176,-1,1
31488176,-1,1
31490176,-1,1
31492172,-1,1
31494172,-1,1
31496172,-1,1
31498176,-1,1
31500172,-1,1
31502176,-1,1
31504172,-1,1
31506172,-1,1
31508176,-1,1
31510172,-1,1
31512176,-1,1
31514176,-1,1
31516172,-1,1
31518176,-1,1
31520172,-1,1
31522172,-1,1
31524176,-1,1
31526172,-1,1
31528176,-1,1
31530172,-1,1
31532176,-1,1
31534172,-1,1
31536172,-1,1
31538172,-1,1
31540176,-1,1
31542172,-1,1
31544172,-1,1
31546176,-1,1
31548172,-1,1
31550176,-1,1
31552172,-1,1
31554172,-1,1
31556176,-1,1
31558176,-1,1
31560172,-1,1
31562176,-1,1
31564172,-1,1
31566176,-1,1
31568172,-1,1
31570172,-1,1
31572176,-1,1
31574172,-1,1
31576176,-1,1
31578172,-1,1
31580180,-1,1
31582176,-1,1
31584172,-1,1
31586176,-1,1
31588172,-1,1
31590176,-1,1
31592176,-1,1
31594172,-1,1
31596176,-1,1
31598172,-1,1
31600176,-1,1
31602172,-1,1
31604176,-1,1
31606172,-1,1
31608176,-1,1
31610172,-1,1
31612176,-1,1
31614172,-1,1
31616172,-1,1
31618172,-1,1
31620176,-1,1
31622172,-1,1
31624172,-1,1
31626176,-1,1
31628172,-1,1
31630176,-1,1
31632172,-1,1
31634172,-1,1
31636176,-1,1
31638176,-1,1
31640172,-1,1
31642176,-1,1
31644172,-1,1
31646172,-1,1
31648176,-1,1
31650172,-1,1
31652176,-1,1
31654172,-1,1
31656176,-1,1
31658172,-1,1
31660176,-1,1
31662172,-1,1
31664172,-1,1
31666172,-1,1
31668176,-1,1
31670172,-1,1
31672176,-1,1
31674172,-1,1
31676172,-1,1
31678176,-1,1
31680172,-1,1
31682176,-1,1
31684172,-1,1
31686172,-1,1
31688176,-1,1
31690172,-1,1
31692172,-1,1
31694176,-1,1
31696172,-1,1
31698176,-1,1
31700172,-1,1
31702176,-1,1
31704172,-1,1
31706176,-1,1
31708180,-1,1
31710176,-1,1
31712172,-1,1
31714176,-1,1
31716172,-1,1
31718176,-1,1
31720176,-1,1
31722172,-1,1
31724172,-1,1
31726176,-1,1
31728172,-1,1
31730176,-1,1
31732172,-1,1
31734172,-1,1
31736176,-1,1
31738176,-1,1
31740176,-1,1
31742172,-1,1
31744172,-1,1
31746176,-1,1
31748176,-1,1
31750172,-1,1
31752172,-1,1
31754176,-1,1
31756172,-1,1
31758176,-1,1
31760172,-1,1
31762176,-1,1
31764176,-1,1
31766172,-1,1
31768176,-1,1
31770172,-1,1
31772176,-1,1
31774172,-1,1
31776176,-1,1
31778172,-1,1
31780176,-1,1
31782172,-1,1
31784172,-1,1
31786176,-1,1
31788172,-1,1
31790176,-1,1
31792172,-1,1
31794172,-1,1
31796176,-1,1
31798172,-1,1
31800176,-1,1
31802172,-1,1
31804176,-1,1
31806172,-1,1
31808176,-1,1
31810176,-1,1
31812172,-1,1
31814176,-1,1
31816172,-1,1
31818176,-1,1
31820176,-1,1
31822172,-1,1
31824176,-1,1
31826172,-1,1
31828176,-1,1
31830172,-1,1
31832176,-1,1
31834176,-1,1
31836180,-1,1
31838172,-1,1
31840176,-1,1
31842172,-1,1
31844176,-1,1
31846176,-1,1
31848172,-1,1
31850176,-1,1
31852172,-1,1
31854176,-1,1
31856172,-1,1
31858176,-1,1
31860172,-1,1
31862176,-1,1
31864172,-1,1
31866172,-1,1
31868176,-1,1
31870172,-1,1
31872172,-1,1
31874172,-1,1
31876176,-1,1
31878172,-1,1
31880176,-1,1
31882176,-1,1
31884176,-1,1
31886172,-1,1
31888176,-1,1
31890172,-1,1
31892176,-1,1
31894172,-1,1
31896172,-1,1
31898176,-1,1
31900172,-1,1
31902172,-1,1
31904176,-1,1
31906172,-1,1
31908172,-1,1
31910176,-1,1
31912172,-1,1
31914176,-1,1
31916176,-1,1
31918176,-1,1
31920172,-1,1
31922176,-1,1
31924172,-1,1
31926172,-1,1
31928176,-1,1
31930176,-1,1
31932172,-1,1
31934172,-1,1
31936176,-1,1
31938176,-1,1
31940172,-1,1
31942172,-1,1
31944172,-1,1
31946176,-1,1
31948176,-1,1
31950176,-1,1
31952172,-1,1
31954172,-1,1
31956172,-1,1
31958176,-1,1
31960172,-1,1
31962176,-1,1
31964180,-1,1
31966176,-1,1
31968172,-1,1
31970176,-1,1
31972172,-1,1
31974176,-1,1
31976176,-1,1
31978172,-1,1
31980172,-1,1
31982176,-1,1
31984172,-1,1
31986172,-1,1
31988176,-1,1
31990176,-1,1
31992172,-1,1
31994172,-1,1
31996176,-1,1
31998176,-1,1
32000176,-1,1
32002172,-1,1
32004172,-1,1
32006172,-1,1
32008176,-1,1
32010176,-1,1
32012176,-1,1
32014176,-1,1
32016172,-1,1
32018172,-1,1
32020172,-1,1
32022172,-1,1
32024176,-1,1
32026176,-1,1
32028176,-1,1
32030176,-1,1
32032172,-1,1
32034172,-1,1
32036172,-1,1
32038176,-1,1
32040176,-1,1
32042176,-1,1
32044172,-1,1
32046172,-1,1
32048172,-1,1
32050172,-1,1
32052172,-1,1
32054172,-1,1
32056176,-1,1
32058176,-1,1
32060176,-1,1
32062172,-1,1
32064172,-1,1
32066172,-1,1
32068172,-1,1
32070176,-1,1
32072176,-1,1
32074172,-1,1
32076172,-1,1
32078176,-1,1
32080176,-1,1
32082176,-1,1
32084172,-1,1
32086172,-1,1
32088176,-1,1
32090176,-1,1
32092180,-1,1
32094176,-1,1
32096172,-1,1
32098172,-1,1
32100176,-1,1
32102176,-1,1
32104172,-1,1
32106176,-1,1
32108176,-1,1
32110172,-1,1
32112176,-1,1
32114172,-1,1
32116172,-1,1
32118172,-1,1
32120176,-1,1
32122176,-1,1
32124172,-1,1
32126172,-1,1
32128176,-1,1
32130176,-1,1
32132176,-1,1
32134172,-1,1
32136176,-1,1
32138172,-1,1
32140172,-1,1
32142176,-1,1
32144176,-1,1
32146176,-1,1
32148172,-1,1
32150176,-1,1
32152172,-1,1
32154176,-1,1
32156176,-1,1
32158176,-1,1
32160172,-1,1
32162172,-1,1
32164172,-1,1
32166172,-1,1
32168172,-1,1
32170172,-1,1
32172176,-1,1
32174172,-1,1
32176172,-1,1
32178172,-1,1
32180172,-1,1
32182172,-1,1
32184176,-1,1
32186176,-1,1
32188172,-1,1
32190176,-1,1
32192172,-1,1
32194172,-1,1
32196176,-1,1
32198176,-1,1
32200176,-1,1
32202172,-1,1
32204172,-1,1
32206176,-1,1
32208176,-1,1
32210172,-1,1
32212172,-1,1
32214176,-1,1
32216176,-1,1
32218172,-1,1
32220180,-1,1
32222172,-1,1
32224176,-1,1
32226172,-1,1
32228172,-1,1
32230176,-1,1
32232172,-1,1
32234176,-1,1
32236172,-1,1
32238176,-1,1
32240176,-1,1
32242172,-1,1
32244176,-1,1
32246176,-1,1
32248172,-1,1
32250176,-1,1
32252172,-1,1
32254176,-1,1
32256172,-1,1
32258172,-1,1
32260172,-1,1
32262172,-1,1
32264172,-1,1
32266172,-1,1
32268176,-1,1
32270172,-1,1
32272172,-1,1
32274176,-1,1
32276172,-1,1
32278172,-1,1
32280176,-1,1
32282176,-1,1
32284172,-1,1
32286172,-1,1
32288176,-1,1
32290176,-1,1
32292176,-1,1
32294172,-1,1
32296176,-1,1
32298176,-1,1
32300172,-1,1
32302176,-1,1
32304172,-1,1
32306172,-1,1
32308176,-1,1
32310176,-1,1
32312172,-1,1
32314176,-1,1
32316172,-1,1
32318176,-1,1
32320172,-1,1
32322172,-1,1
32324172,-1,1
32326176,-1,1
32328176,-1,1
32330172,-1,1
32332176,-1,1
32334176,-1,1
32336172,-1,1
32338176,-1,1
32340176,-1,1
32342172,-1,1
32344176,-1,1
32346172,-1,1
32348180,-1,1
32350172,-1,1
32352172,-1,1
32354172,-1,1
32356176,-1,1
32358172,-1,1
32360172,-1,1
32362172,-1,1
32364172,-1,1
32366176,-1,1
32368176,-1,1
32370176,-1,1
32372172,-1,1
32374176,-1,1
32376176,-1,1
32378172,-1,1
32380176,-1,1
32382172,-1,1
32384176,-1,1
32386176,-1,1
32388176,-1,1
32390172,-1,1
32392172,-1,1
32394172,-1,1
32396176,-1,1
32398172,-1,1
32400176,-1,1
32402176,-1,1
32404172,-1,1
32406176,-1,1
32408176,-1,1
32410172,-1,1
32412172,-1,1
32414176,-1,1
32416172,-1,1
32418172,-1,1
32420176,-1,1
32422176,-1,1
32424172,-1,1
32426176,-1,1
32428172,-1,1
32430172,-1,1
32432176,-1,1
32434180,-1,1
32436172,-1,1
32438176,-1,1
32440172,-1,1
32442176,-1,1
32444172,-1,1
32446172,-1,1
32448176,-1,1
32450176,-1,1
32452172,-1,1
32454176,-1,1
32456172,-1,1
32458172,-1,1
32460176,-1,1
32462172,-1,1
32464176,-1,1
32466176,-1,1
32468172,-1,1
32470172,-1,1
32472176,-1,1
32474172,-1,1
32476180,-1,1
32478176,-1,1
32480172,-1,1
32482176,-1,1
32484176,-1,1
32486172,-1,1
32488176,-1,1
32490176,-1,1
32492172,-1,1
32494172,-1,1
32496176,-1,1
32498172,-1,1
32500176,-1,1
32502172,-1,1
32504176,-1,1
32506172,-1,1
32508176,-1,1
32510172,-1,1
32512176,-1,1
32514176,-1,1
32516172,-1,1
32518176,-1,1
32520176,-1,1
32522172,-1,1
32524176,-1,1
32526172,-1,1
32528172,-1,1
32530176,-1,1
32532172,-1,1
32534172,-1,1
32536176,-1,1
32538172,-1,1
32540176,-1,1
32542172,-1,1
32544176,-1,1
32546172,-1,1
32548176,-1,1
32550176,-1,1
32552176,-1,1
32554172,-1,1
32556176,-1,1
32558172,-1,1
32560172,-1,1
32562172,-1,1
32564176,-1,1
32566172,-1,1
32568172,-1,1
32570176,-1,1
32572172,-1,1
32574176,-1,1
32576172,-1,1
32578176,-1,1
32580176,-1,1
32582172,-1,1
32584176,-1,1
32586172,-1,1
32588176,-1,1
32590172,-1,1
32592176,-1,1
32594172,-1,1
32596176,-1,1
32598172,-1,1
32600172,-1,1
32602176,-1,1
32604180,-1,1
32606172,-1,1
32608176,-1,1
32610172,-1,1
32612176,-1,1
32614172,-1,1
32616176,-1,1
32618172,-1,1
32620176,-1,1
32622172,-1,1
32624176,-1,1
32626172,-1,1
32628176,-1,1
32630172,-1,1
32632172,-1,1
32634176,-1,1
32636176,-1,1
32638172,-1,1
32640176,-1,1
32642172,-1,1
32644172,-1,1
32646176,-1,1
32648176,-1,1
32650172,-1,1
32652176,-1,1
32654172,-1,1
32656176,-1,1
32658176,-1,1
32660172,-1,1
32662176,-1,1
32664176,-1,1
32666172,-1,1
32668172,-1,1
32670176,-1,1
32672172,-1,1
32674176,-1,1
32676172,-1,1
32678172,-1,1
32680172,-1,1
32682176,-1,1
32684172,-1,1
32686176,-1,1
32688172,-1,1
32690172,-1,1
32692176,-1,1
32694172,-1,1
32696176,-1,1
32698172,-1,1
32700176,-1,1
32702172,-1,1
32704172,-1,1
32706172,-1,1
32708172,-1,1
32710176,-1,1
32712172,-1,1
32714176,-1,1
32716176,-1,1
32718172,-1,1
32720176,-1,1
32722172,-1,1
32724176,-1,1
32726176,-1,1
32728172,-1,1
32730176,-1,1
32732180,-1,1
32734176,-1,1
32736172,-1,1
32738176,-1,1
32740176,-1,1
32742172,-1,1
32744172,-1,1
32746176,-1,1
32748172,-1,1
32750172,-1,1
32752176,-1,1
32754176,-1,1
32756172,-1,1
32758172,-1,1
32760176,-1,1
32762176,-1,1
32764176,-1,1
32766172,-1,1
32768172,-1,1
32770176,-1,1
32772176,-1,1
32774176,-1,1
32776176,-1,1
32778176,-1,1
32780176,-1,1
32782176,-1,1
32784176,-1,1
32786172,-1,1
32788172,-1,1
32790172,-1,1
32792172,-1,1
32794172,-1,1
32796172,-1,1
32798172,-1,1
32800172,-1,1
32802172,-1,1
32804176,-1,1
32806176,-1,1
32808176,-1,1
32810172,-1,1
32812172,-1,1
32814172,-1,1
32816172,-1,1
32818176,-1,1
32820176,-1,1
32822172,-1,1
32824172,-1,1
32826172,-1,1
32828172,-1,1
32830176,-1,1
32832176,-1,1
32834176,-1,1
32836176,-1,1
32838172,-1,1
32840176,-1,1
32842172,-1,1
32844176,-1,1
32846176,-1,1
32848176,-1,1
32850172,-1,1
32852172,-1,1
32854172,-1,1
32856172,-1,1
32858172,-1,1
32860180,-1,1
32862176,-1,1
32864172,-1,1
32866176,-1,1
32868176,-1,1
32870176,-1,1
32872172,-1,1
32874172,-1,1
32876172,-1,1
32878172,-1,1
32880172,-1,1
32882172,-1,1
32884172,-1,1
32886176,-1,1
32888176,-1,1
32890172,-1,1
32892172,-1,1
32894172,-1,1
32896172,-1,1
32898172,-1,1
32900176,-1,1
32902176,-1,1
32904176,-1,1
32906176,-1,1
32908176,-1,1
32910176,-1,1
32912172,-1,1
32914172,-1,1
32916172,-1,1
32918172,-1,1
32920176,-1,1
32922176,-1,1
32924176,-1,1
32926176,-1,1
32928172,-1,1
32930172,-1,1
32932172,-1,1
32934172,-1,1
32936172,-1,1
32938172,-1,1
32940176,-1,1
32942176,-1,1
32944176,-1,1
32946172,-1,1
32948176,-1,1
32950176,-1,1
32952176,-1,1
32954172,-1,1
32956172,-1,1
32958176,-1,1
32960176,-1,1
32962176,-1,1
32964176,-1,1
32966176,-1,1
32968172,-1,1
32970172,-1,1
32972172,-1,1
32974176,-1,1
32976176,-1,1
32978172,-1,1
32980172,-1,1
32982172,-1,1
32984172,-1,1
32986172,-1,1
32988180,-1,1
32990172,-1,1
32992172,-1,1
32994172,-1,1
32996176,-1,1
32998176,-1,1
33000172,-1,1
33002172,-1,1
33004172,-1,1
33006172,-1,1
33008172,-1,1
33010176,-1,1
33012176,-1,1
33014172,-1,1
33016172,-1,1
33018172,-1,1
33020176,-1,1
33022176,-1,1
33024172,-1,1
33026172,-1,1
33028172,-1,1
33030172,-1,1
33032176,-1,1
33034176,-1,1
33036172,-1,1
33038172,-1,1
33040176,-1,1
33042172,-1,1
33044176,-1,1
33046176,-1,1
33048176,-1,1
33050172,-1,1
33052172,-1,1
33054172,-1,1
33056176,-1,1
33058176,-1,1
33060176,-1,1
33062176,-1,1
33064172,-1,1
33066172,-1,1
33068176,-1,1
33070172,-1,1
33072172,-1,1
33074172,-1,1
33076176,-1,1
33078176,-1,1
33080176,-1,1
33082172,-1,1
33084172,-1,1
33086176,-1,1
33088176,-1,1
33090176,-1,1
33092172,-1,1
33094172,-1,1
33096176,-1,1
33098176,-1,1
33100172,-1,1
33102172,-1,1
33104172,-1,1
33106172,-1,1
33108176,-1,1
33110176,-1,1
33112172,-1,1
33114176,-1,1
33116180,-1,1
33118176,-1,1
33120172,-1,1
33122172,-1,1
33124172,-1,1
33126172,-1,1
33128176,-1,1
33130172,-1,1
33132172,-1,1
33134176,-1,1
33136176,-1,1
33138172,-1,1
33140172,-1,1
33142176,-1,1
33144176,-1,1
33146172,-1,1
33148176,-1,1
33150176,-1,1
33152172,-1,1
33154176,-1,1
33156176,-1,1
33158172,-1,1
33160172,-1,1
33162172,-1,1
33164176,-1,1
33166172,-1,1
33168172,-1,1
33170176,-1,1
33172176,-1,1
33174172,-1,1
33176176,-1,1
33178172,-1,1
33180172,-1,1
33182172,-1,1
33184176,-1,1
33186176,-1,1
33188176,-1,1
33190176,-1,1
33192172,-1,1
33194172,-1,1
33196176,-1,1
33198172,-1,1
33200172,-1,1
33202172,-1,1
33204172,-1,1
33206172,-1,1
33208176,-1,1
33210176,-1,1
33212172,-1,1
33214172,-1,1
33216176,-1,1
33218176,-1,1
33220172,-1,1
33222172,-1,1
33224176,-1,1
33226176,-1,1
33228172,-1,1
33230176,-1,1
33232176,-1,1
33234172,-1,1
33236172,-1,1
33238176,-1,1
33240172,-1,1
33242176,-1,1
33244180,-1,1
33246176,-1,1
33248172,-1,1
33250172,-1,1
33252176,-1,1
33254176,-1,1
33256176,-1,1
33258176,-1,1
33260172,-1,1
33262176,-1,1
33264176,-1,1
33266172,-1,1
33268176,-1,1
33270176,-1,1
33272172,-1,1
33274176,-1,1
33276172,-1,1
33278176,-1,1
33280176,-1,1
33282172,-1,1
33284176,-1,1
33286176,-1,1
33288176,-1,1
33290172,-1,1
33292176,-1,1
33294172,-1,1
33296176,-1,1
33298172,-1,1
33300172,-1,1
33302176,-1,1
33304176,-1,1
33306176,-1,1
33308176,-1,1
33310176,-1,1
33312172,-1,1
33314172,-1,1
33316172,-1,1
33318176,-1,1
33320176,-1,1
33322176,-1,1
33324172,-1,1
33326172,-1,1
33328172,-1,1
33330172,-1,1
33332176,-1,1
33334176,-1,1
33336176,-1,1
33338172,-1,1
33340172,-1,1
33342176,-1,1
33344176,-1,1
33346176,-1,1
33348172,-1,1
33350172,-1,1
33352176,-1,1
33354176,-1,1
33356176,-1,1
33358172,-1,1
33360172,-1,1
33362176,-1,1
33364176,-1,1
33366176,-1,1
33368172,-1,1
33370176,-1,1
33372180,-1,1
33374176,-1,1
33376176,-1,1
33378172,-1,1
33380172,-1,1
33382176,-1,1
33384172,-1,1
33386172,-1,1
33388176,-1,1
33390176,-1,1
33392176,-1,1
33394172,-1,1
33396172,-1,1
33398176,-1,1
33400176,-1,1
33402172,-1,1
33404176,-1,1
33406176,-1,1
33408172,-1,1
33410172,-1,1
33412176,-1,1
33414176,-1,1
33416176,-1,1
33418172,-1,1
33420172,-1,1
33422176,-1,1
33424172,-1,1
33426172,-1,1
33428172,-1,1
33430172,-1,1
33432176,-1,1
33434172,-1,1
33436172,-1,1
33438172,-1,1
33440176,-1,1
33442172,-1,1
33444176,-1,1
33446176,-1,1
33448176,-1,1
33450176,-1,1
33452172,-1,1
33454172,-1,1
33456172,-1,1
33458172,-1,1
33460172,-1,1
33462172,-1,1
33464176,-1,1
33466172,-1,1
33468172,-1,1
33470172,-1,1
33472176,-1,1
33474176,-1,1
33476172,-1,1
33478172,-1,1
33480176,-1,1
33482176,-1,1
33484172,-1,1
33486176,-1,1
33488176,-1,1
33490176,-1,1
33492172,-1,1
33494172,-1,1
33496176,-1,1
33498172,-1,1
33500180,-1,1
33502172,-1,1
33504176,-1,1
33506176,-1,1
33508172,-1,1
33510172,-1,1
33512176,-1,1
33514172,-1,1
33516176,-1,1
33518176,-1,1
33520172,-1,1
33522176,-1,1
33524176,-1,1
33526172,-1,1
33528176,-1,1
33530172,-1,1
33532176,-1,1
33534176,-1,1
33536176,-1,1
33538176,-1,1
33540176,-1,1
33542172,-1,1
33544172,-1,1
33546172,-1,1
33548176,-1,1
33550172,-1,1
33552172,-1,1
33554176,-1,1
33556176,-1,1
33558172,-1,1
33560176,-1,1
33562172,-1,1
33564176,-1,1
33566176,-1,1
33568172,-1,1
33570176,-1,1
33572172,-1,1
33574172,-1,1
33576172,-1,1
33578176,-1,1
33580172,-1,1
33582176,-1,1
33584172,-1,1
33586172,-1,1
33588176,-1,1
33590172,-1,1
33592172,-1,1
33594176,-1,1
33596176,-1,1
33598172,-1,1
33600172,-1,1
33602172,-1,1
33604172,-1,1
33606172,-1,1
33608172,-1,1
33610172,-1,1
33612172,-1,1
33614172,-1,1
33616172,-1,1
33618172,-1,1
33620172,-1,1
33622172,-1,1
33624176,-1,1
33626176,-1,1
33628180,-1,1
33630172,-1,1
33632176,-1,1
33634176,-1,1
33636176,-1,1
33638176,-1,1
33640172,-1,1
33642172,-1,1
33644172,-1,1
33646176,-1,1
33648176,-1,1
33650176,-1,1
33652172,-1,1
33654172,-1,1
33656172,-1,1
33658176,-1,1
33660176,-1,1
33662172,-1,1
33664176,-1,1
33666176,-1,1
33668176,-1,1
33670176,-1,1
33672176,-1,1
33674176,-1,1
33676172,-1,1
33678172,-1,1
33680176,-1,1
33682176,-1,1
33684176,-1,1
33686176,-1,1
33688172,-1,1
33690172,-1,1
33692172,-1,1
33694176,-1,1
33696176,-1,1
33698176,-1,1
33700176,-1,1
33702172,-1,1
33704172,-1,1
33706176,-1,1
33708172,-1,1
33710172,-1,1
33712176,-1,1
33714172,-1,1
33716176,-1,1
33718172,-1,1
33720172,-1,1
33722176,-1,1
33724172,-1,1
33726172,-1,1
33728176,-1,1
33730176,-1,1
33732172,-1,1
33734176,-1,1
33736172,-1,1
33738172,-1,1
33740176,-1,1
33742172,-1,1
33744176,-1,1
33746172,-1,1
33748172,-1,1
33750176,-1,1
33752172,-1,1
33754176,-1,1
33756180,-1,1
33758176,-1,1
33760172,-1,1
33762172,-1,1
33764176,-1,1
33766176,-1,1
33768172,-1,1
33770172,-1,1
33772176,-1,1
33774176,-1,1
33776172,-1,1
33778176,-1,1
33780176,-1,1
33782172,-1,1
33784176,-1,1
33786172,-1,1
33788176,-1,1
33790176,-1,1
33792176,-1,1
33794172,-1,1
33796172,-1,1
33798172,-1,1
33800172,-1,1
33802172,-1,1
33804172,-1,1
33806172,-1,1
33808176,-1,1
33810172,-1,1
33812176,-1,1
33814176,-1,1
33816172,-1,1
33818172,-1,1
33820176,-1,1
33822176,-1,1
33824172,-1,1
33826172,-1,1
33828172,-1,1
33830176,-1,1
33832172,-1,1
33834172,-1,1
33836176,-1,1
33838172,-1,1
33840172,-1,1
33842172,-1,1
33844172,-1,1
33846172,-1,1
33848176,-1,1
33850176,-1,1
33852172,-1,1
33854172,-1,1
33856176,-1,1
33858176,-1,1
33860176,-1,1
33862172,-1,1
33864176,-1,1
33866176,-1,1
33868172,-1,1
33870172,-1,1
33872176,-1,1
33874172,-1,1
33876172,-1,1
33878176,-1,1
33880172,-1,1
33882172,-1,1
33884180,-1,1
33886176,-1,1
33888172,-1,1
33890172,-1,1
33892176,-1,1
33894172,-1,1
33896176,-1,1
33898176,-1,1
33900172,-1,1
33902176,-1,1
33904176,-1,1
33906172,-1,1
33908176,-1,1
33910172,-1,1
33912176,-1,1
33914172,-1,1
33916172,-1,1
33918172,-1,1
33920172,-1,1
33922176,-1,1
33924172,-1,1
33926172,-1,1
33928176,-1,1
33930176,-1,1
33932172,-1,1
33934176,-1,1
33936176,-1,1
33938176,-1,1
33940172,-1,1
33942172,-1,1
33944176,-1,1
33946172,-1,1
33948172,-1,1
33950176,-1,1
33952172,-1,1
33954172,-1,1
33956176,-1,1
33958176,-1,1
33960172,-1,1
33962176,-1,1
33964176,-1,1
33966172,-1,1
33968176,-1,1
33970172,-1,1
33972176,-1,1
33974172,-1,1
33976176,-1,1
33978172,-1,1
33980176,-1,1
33982176,-1,1
33984172,-1,1
33986176,-1,1
33988172,-1,1
33990172,-1,1
33992176,-1,1
33994172,-1,1
33996172,-1,1
33998176,-1,1
34000176,-1,1
34002176,-1,1
34004172,-1,1
34006172,-1,1
34008176,-1,1
34010176,-1,1
34012180,-1,1
34014176,-1,1
34016172,-1,1
34018172,-1,1
34020176,-1,1
34022176,-1,1
34024172,-1,1
34026172,-1,1
34028176,-1,1
34030172,-1,1
34032172,-1,1
34034176,-1,1
34036172,-1,1
34038176,-1,1
34040172,-1,1
34042172,-1,1
34044176,-1,1
34046172,-1,1
34048176,-1,1
34050176,-1,1
34052176,-1,1
34054172,-1,1
34056172,-1,1
34058172,-1,1
34060176,-1,1
34062172,-1,1
34064172,-1,1
34066176,-1,1
34068172,-1,1
34070172,-1,1
34072176,-1,1
34074172,-1,1
34076176,-1,1
34078172,-1,1
34080176,-1,1
34082176,-1,1
34084176,-1,1
34086176,-1,1
34088176,-1,1
34090176,-1,1
34092172,-1,1
34094172,-1,1
34096172,-1,1
34098172,-1,1
34100172,-1,1
34102172,-1,1
34104176,-1,1
34106176,-1,1
34108176,-1,1
34110172,-1,1
34112172,-1,1
34114172,-1,1
34116176,-1,1
34118176,-1,1
34120172,-1,1
34122172,-1,1
34124172,-1,1
34126176,-1,1
34128176,-1,1
34130176,-1,1
34132172,-1,1
34134172,-1,1
34136176,-1,1
34138172,-1,1
34140180,-1,1
34142172,-1,1
34144176,-1,1
34146176,-1,1
34148172,-1,1
34150176,-1,1
34152172,-1,1
34154172,-1,1
34156176,-1,1
34158172,-1,1
34160176,-1,1
34162176,-1,1
34164172,-1,1
34166172,-1,1
34168176,-1,1
34170176,-1,1
34172172,-1,1
34174176,-1,1
34176172,-1,1
34178172,-1,1
34180172,-1,1
34182176,-1,1
34184176,-1,1
34186176,-1,1
34188172,-1,1
34190172,-1,1
34192176,-1,1
34194172,-1,1
34196176,-1,1
34198172,-1,1
34200176,-1,1
34202172,-1,1
34204172,-1,1
34206172,-1,1
34208176,-1,1
34210176,-1,1
34212172,-1,1
34214172,-1,1
34216176,-1,1
34218172,-1,1
34220176,-1,1
34222172,-1,1
34224172,-1,1
34226172,-1,1
34228176,-1,1
34230172,-1,1
34232176,-1,1
34234172,-1,1
34236176,-1,1
34238172,-1,1
34240176,-1,1
34242176,-1,1
34244172,-1,1
34246172,-1,1
34248176,-1,1
34250176,-1,1
34252172,-1,1
34254172,-1,1
34256176,-1,1
34258176,-1,1
34260172,-1,1
34262176,-1,1
34264176,-1,1
34266172,-1,1
34268180,-1,1
34270172,-1,1
34272176,-1,1
34274172,-1,1
34276176,-1,1
34278176,-1,1
34280172,-1,1
34282176,-1,1
34284172,-1,1
34286172,-1,1
34288176,-1,1
34290172,-1,1
34292176,-1,1
34294172,-1,1
34296172,-1,1
34298172,-1,1
34300176,-1,1
34302172,-1,1
34304176,-1,1
34306176,-1,1
34308172,-1,1
34310172,-1,1
34312172,-1,1
34314176,-1,1
34316172,-1,1
34318176,-1,1
34320172,-1,1
34322172,-1,1
34324176,-1,1
34326176,-1,1
34328172,-1,1
34330176,-1,1
34332176,-1,1
34334172,-1,1
34336176,-1,1
34338176,-1,1
34340172,-1,1
34342176,-1,1
34344172,-1,1
34346176,-1,1
34348172,-1,1
34350172,-1,1
34352176,-1,1
34354180,-1,1
34356172,-1,1
34358176,-1,1
34360172,-1,1
34362176,-1,1
34364172,-1,1
34366176,-1,1
34368172,-1,1
34370172,-1,1
34372176,-1,1
34374172,-1,1
34376176,-1,1
34378172,-1,1
34380176,-1,1
34382172,-1,1
34384176,-1,1
34386172,-1,1
34388176,-1,1
34390172,-1,1
34392172,-1,1
34394176,-1,1
34396180,-1,1
34398172,-1,1
34400172,-1,1
34402172,-1,1
34404176,-1,1
34406172,-1,1
34408172,-1,1
34410176,-1,1
34412172,-1,1
34414172,-1,1
34416172,-1,1
34418176,-1,1
34420176,-1,1
34422176,-1,1
34424172,-1,1
34426172,-1,1
34428176,-1,1
34430176,-1,1
34432172,-1,1
34434176,-1,1
34436172,-1,1
34438172,-1,1
34440172,-1,1
34442172,-1,1
34444172,-1,1
34446176,-1,1
34448176,-1,1
34450176,-1,1
34452172,-1,1
34454172,-1,1
34456176,-1,1
34458172,-1,1
34460172,-1,1
34462172,-1,1
34464176,-1,1
34466176,-1,1
34468176,-1,1
34470172,-1,1
34472176,-1,1
34474176,-1,1
34476172,-1,1
34478176,-1,1
34480172,-1,1
34482180,-1,1
34484172,-1,1
34486172,-1,1
34488176,-1,1
34490172,-1,1
34492176,-1,1
34494176,-1,1
34496172,-1,1
34498172,-1,1
34500176,-1,1
34502176,-1,1
34504172,-1,1
34506176,-1,1
34508172,-1,1
34510176,-1,1
34512176,-1,1
34514172,-1,1
34516176,-1,1
34518176,-1,1
34520172,-1,1
34522176,-1,1
34524180,-1,1
34526172,-1,1
34528176,-1,1
34530176,-1,1
34532172,-1,1
34534176,-1,1
34536172,-1,1
34538172,-1,1
34540176,-1,1
34542172,-1,1
34544176,-1,1
34546172,-1,1
34548176,-1,1
34550172,-1,1
34552176,-1,1
34554172,-1,1
34556172,-1,1
34558176,-1,1
34560176,-1,1
34562176,-1,1
34564176,-1,1
34566176,-1,1
34568176,-1,1
34570176,-1,1
34572172,-1,1
34574172,-1,1
34576176,-1,1
34578176,-1,1
34580176,-1,1
34582172,-1,1
34584172,-1,1
34586176,-1,1
34588176,-1,1
34590172,-1,1
34592172,-1,1
34594176,-1,1
34596176,-1,1
34598176,-1,1
34600172,-1,1
34602176,-1,1
34604172,-1,1
34606176,-1,1
34608176,-1,1
34610180,-1,1
34612172,-1,1
34614172,-1,1
34616176,-1,1
34618176,-1,1
34620172,-1,1
34622172,-1,1
34624176,-1,1
34626176,-1,1
34628172,-1,1
34630172,-1,1
34632176,-1,1
34634176,-1,1
34636172,-1,1
34638176,-1,1
34640172,-1,1
34642172,-1,1
34644176,-1,1
34646172,-1,1
34648172,-1,1
34650176,-1,1
34652180,-1,1
34654176,-1,1
34656172,-1,1
34658176,-1,1
34660176,-1,1
34662172,-1,1
34664176,-1,1
34666176,-1,1
34668172,-1,1
34670176,-1,1
34672172,-1,1
34674176,-1,1
34676176,-1,1
34678172,-1,1
34680176,-1,1
34682172,-1,1
34684176,-1,1
34686172,-1,1
34688176,-1,1
34690176,-1,1
34692172,-1,1
34694176,-1,1
34696176,-1,1
34698172,-1,1
34700176,-1,1
34702172,-1,1
34704176,-1,1
34706176,-1,1
34708172,-1,1
34710176,-1,1
34712176,-1,1
34714172,-1,1
34716176,-1,1
34718172,-1,1
34720176,-1,1
34722172,-1,1
34724172,-1,1
34726176,-1,1
34728172,-1,1
34730176,-1,1
34732172,-1,1
34734172,-1,1
34736172,-1,1
34738172,-1,1
34740172,-1,1
34742176,-1,1
34744172,-1,1
34746172,-1,1
34748176,-1,1
34750172,-1,1
34752176,-1,1
34754176,-1,1
34756172,-1,1
34758176,-1,1
34760172,-1,1
34762176,-1,1
34764172,-1,1
34766176,-1,1
34768176,-1,1
34770172,-1,1
34772176,-1,1
34774172,-1,1
34776176,-1,1
34778172,-1,1
34780180,-1,1
34782176,-1,1
34784172,-1,1
34786176,-1,1
34788172,-1,1
34790176,-1,1
34792172,-1,1
34794176,-1,1
34796172,-1,1
34798176,-1,1
34800172,-1,1
34802176,-1,1
34804172,-1,1
34806176,-1,1
34808172,-1,1
34810176,-1,1
34812176,-1,1
34814172,-1,1
34816176,-1,1
34818176,-1,1
34820176,-1,1
34822176,-1,1
34824176,-1,1
34826176,-1,1
34828176,-1,1
34830172,-1,1
34832172,-1,1
34834172,-1,1
34836176,-1,1
34838176,-1,1
34840172,-1,1
34842172,-1,1
34844176,-1,1
34846176,-1,1
34848172,-1,1
34850172,-1,1
34852172,-1,1
34854176,-1,1
34856172,-1,1
34858176,-1,1
34860176,-1,1
34862172,-1,1
34864172,-1,1
34866172,-1,1
34868176,-1,1
34870176,-1,1
34872172,-1,1
34874176,-1,1
34876172,-1,1
34878172,-1,1
34880176,-1,1
34882176,-1,1
34884172,-1,1
34886172,-1,1
34888172,-1,1
34890176,-1,1
34892176,-1,1
34894172,-1,1
34896176,-1,1
34898176,-1,1
34900172,-1,1
34902172,-1,1
34904176,-1,1
34906176,-1,1
34908180,-1,1
34910176,-1,1
34912172,-1,1
34914176,-1,1
34916176,-1,1
34918172,-1,1
34920176,-1,1
34922172,-1,1
34924172,-1,1
34926176,-1,1
34928176,-1,1
34930172,-1,1
34932172,-1,1
34934176,-1,1
34936172,-1,1
34938176,-1,1
34940172,-1,1
34942176,-1,1
34944172,-1,1
34946172,-1,1
34948172,-1,1
34950176,-1,1
34952176,-1,1
34954176,-1,1
34956172,-1,1
34958176,-1,1
34960172,-1,1
34962176,-1,1
34964176,-1,1
34966172,-1,1
34968176,-1,1
34970172,-1,1
34972172,-1,1
34974176,-1,1
34976172,-1,1
34978172,-1,1
34980176,-1,1
34982172,-1,1
34984176,-1,1
34986176,-1,1
34988172,-1,1
34990176,-1,1
34992172,-1,1
34994172,-1,1
34996176,-1,1
34998172,-1,1
35000176,-1,1
35002172,-1,1
35004176,-1,1
35006172,-1,1
35008172,-1,1
35010172,-1,1
35012176,-1,1
35014172,-1,1
35016172,-1,1
35018176,-1,1
35020176,-1,1
35022172,-1,1
35024176,-1,1
35026176,-1,1
35028172,-1,1
35030176,-1,1
35032172,-1,1
35034176,-1,1
35036180,-1,1
35038176,-1,1
35040172,-1,1
35042176,-1,1
35044172,-1,1
35046176,-1,1
35048172,-1,1
35050176,-1,1
35052172,-1,1
35054176,-1,1
35056172,-1,1
35058176,-1,1
35060172,-1,1
35062176,-1,1
35064172,-1,1
35066176,-1,1
35068172,-1,1
35070176,-1,1
35072172,-1,1
35074176,-1,1
35076176,-1,1
35078172,-1,1
35080172,-1,1
35082176,-1,1
35084172,-1,1
35086172,-1,1
35088176,-1,1
35090172,-1,1
35092176,-1,1
35094172,-1,1
35096176,-1,1
35098172,-1,1
35100176,-1,1
35102172,-1,1
35104176,-1,1
35106172,-1,1
35108176,-1,1
35110176,-1,1
35112176,-1,1
35114172,-1,1
35116176,-1,1
35118176,-1,1
35120172,-1,1
35122172,-1,1
35124176,-1,1
35126172,-1,1
35128176,-1,1
35130172,-1,1
35132176,-1,1
35134176,-1,1
35136172,-1,1
35138176,-1,1
35140172,-1,1
35142176,-1,1
35144172,-1,1
35146176,-1,1
35148172,-1,1
35150176,-1,1
35152172,-1,1
35154176,-1,1
35156176,-1,1
35158172,-1,1
35160176,-1,1
35162176,-1,1
35164180,-1,1
35166172,-1,1
35168176,-1,1
35170176,-1,1
35172172,-1,1
35174176,-1,1
35176176,-1,1
35178172,-1,1
35180172,-1,1
35182176,-1,1
35184172,-1,1
35186172,-1,1
35188176,-1,1
35190172,-1,1
35192172,-1,1
35194172,-1,1
35196176,-1,1
35198176,-1,1
35200176,-1,1
35202176,-1,1
35204176,-1,1
35206172,-1,1
35208172,-1,1
35210172,-1,1
35212176,-1,1
35214172,-1,1
35216176,-1,1
35218172,-1,1
35220176,-1,1
35222172,-1,1
35224176,-1,1
35226172,-1,1
35228172,-1,1
35230172,-1,1
35232176,-1,1
35234176,-1,1
35236176,-1,1
35238172,-1,1
35240176,-1,1
35242176,-1,1
35244172,-1,1
35246172,-1,1
35248176,-1,1
35250172,-1,1
35252176,-1,1
35254176,-1,1
35256172,-1,1
35258176,-1,1
35260172,-1,1
35262172,-1,1
35264176,-1,1
35266172,-1,1
35268172,-1,1
35270176,-1,1
35272172,-1,1
35274172,-1,1
35276176,-1,1
35278176,-1,1
35280176,-1,1
35282172,-1,1
35284172,-1,1
35286176,-1,1
35288172,-1,1
35290176,-1,1
35292180,-1,1
35294176,-1,1
35296172,-1,1
35298176,-1,1
35300172,-1,1
35302176,-1,1
35304172,-1,1
35306176,-1,1
35308172,-1,1
35310176,-1,1
35312172,-1,1
35314176,-1,1
35316172,-1,1
35318176,-1,1
35320172,-1,1
35322176,-1,1
35324172,-1,1
35326176,-1,1
35328176,-1,1
35330176,-1,1
35332176,-1,1
35334172,-1,1
35336172,-1,1
35338172,-1,1
35340176,-1,1
35342172,-1,1
35344176,-1,1
35346172,-1,1
35348176,-1,1
35350176,-1,1
35352176,-1,1
35354172,-1,1
35356172,-1,1
35358176,-1,1
35360172,-1,1
35362176,-1,1
35364172,-1,1
35366172,-1,1
35368176,-1,1
35370172,-1,1
35372176,-1,1
35374172,-1,1
35376176,-1,1
35378180,-1,1
35380172,-1,1
35382176,-1,1
35384172,-1,1
35386176,-1,1
35388172,-1,1
35390176,-1,1
35392172,-1,1
35394172,-1,1
35396176,-1,1
35398176,-1,1
35400172,-1,1
35402172,-1,1
35404176,-1,1
35406172,-1,1
35408172,-1,1
35410176,-1,1
35412176,-1,1
35414172,-1,1
35416176,-1,1
35418172,-1,1
35420180,-1,1
35422176,-1,1
35424172,-1,1
35426172,-1,1
35428176,-1,1
35430172,-1,1
35432176,-1,1
35434172,-1,1
35436172,-1,1
35438176,-1,1
35440172,-1,1
35442172,-1,1
35444176,-1,1
35446172,-1,1
35448172,-1,1
35450176,-1,1
35452172,-1,1
35454176,-1,1
35456172,-1,1
35458172,-1,1
35460176,-1,1
35462172,-1,1
35464172,-1,1
35466172,-1,1
35468176,-1,1
35470172,-1,1
35472176,-1,1
35474172,-1,1
35476172,-1,1
35478176,-1,1
35480172,-1,1
35482176,-1,1
35484172,-1,1
35486172,-1,1
35488176,-1,1
35490172,-1,1
35492176,-1,1
35494176,-1,1
35496172,-1,1
35498176,-1,1
35500172,-1,1
35502172,-1,1
35504176,-1,1
35506176,-1,1
35508172,-1,1
35510176,-1,1
35512172,-1,1
35514172,-1,1
35516176,-1,1
35518172,-1,1
35520176,-1,1
35522172,-1,1
35524176,-1,1
35526176,-1,1
35528176,-1,1
35530176,-1,1
35532176,-1,1
35534172,-1,1
35536172,-1,1
35538176,-1,1
35540172,-1,1
35542176,-1,1
35544172,-1,1
35546176,-1,1
35548180,-1,1
35550172,-1,1
35552172,-1,1
35554176,-1,1
35556176,-1,1
35558172,-1,1
35560176,-1,1
35562172,-1,1
35564176,-1,1
35566172,-1,1
35568176,-1,1
35570172,-1,1
35572176,-1,1
35574172,-1,1
35576176,-1,1
35578176,-1,1
35580172,-1,1
35582176,-1,1
35584176,-1,1
35586176,-1,1
35588172,-1,1
35590176,-1,1
35592176,-1,1
35594172,-1,1
35596176,-1,1
35598172,-1,1
35600176,-1,1
35602172,-1,1
35604176,-1,1
35606172,-1,1
35608176,-1,1
35610172,-1,1
35612176,-1,1
35614176,-1,1
35616176,-1,1
35618176,-1,1
35620176,-1,1
35622176,-1,1
35624176,-1,1
35626172,-1,1
35628176,-1,1
35630172,-1,1
35632172,-1,1
35634172,-1,1
35636172,-1,1
35638172,-1,1
35640176,-1,1
35642172,-1,1
35644176,-1,1
35646172,-1,1
35648172,-1,1
35650176,-1,1
35652172,-1,1
35654172,-1,1
35656172,-1,1
35658172,-1,1
35660176,-1,1
35662176,-1,1
35664172,-1,1
35666172,-1,1
35668176,-1,1
35670176,-1,1
35672172,-1,1
35674176,-1,1
35676180,-1,1
35678176,-1,1
35680172,-1,1
35682176,-1,1
35684172,-1,1
35686172,-1,1
35688172,-1,1
35690172,-1,1
35692172,-1,1
35694176,-1,1
35696172,-1,1
35698176,-1,1
35700172,-1,1
35702176,-1,1
35704172,-1,1
35706172,-1,1
35708176,-1,1
35710172,-1,1
35712172,-1,1
35714176,-1,1
35716172,-1,1
35718176,-1,1
35720172,-1,1
35722172,-1,1
35724176,-1,1
35726172,-1,1
35728176,-1,1
35730172,-1,1
35732176,-1,1
35734172,-1,1
35736172,-1,1
35738176,-1,1
35740172,-1,1
35742176,-1,1
35744172,-1,1
35746172,-1,1
35748176,-1,1
35750172,-1,1
35752172,-1,1
35754176,-1,1
35756176,-1,1
35758172,-1,1
35760176,-1,1
35762180,-1,1
35764172,-1,1
35766176,-1,1
35768172,-1,1
35770176,-1,1
35772176,-1,1
35774172,-1,1
35776176,-1,1
35778172,-1,1
35780172,-1,1
35782176,-1,1
35784172,-1,1
35786176,-1,1
35788176,-1,1
35790172,-1,1
35792176,-1,1
35794176,-1,1
35796172,-1,1
35798176,-1,1
35800176,-1,1
35802172,-1,1
35804180,-1,1
35806172,-1,1
35808176,-1,1
35810176,-1,1
35812172,-1,1
35814176,-1,1
35816176,-1,1
35818172,-1,1
35820172,-1,1
35822176,-1,1
35824176,-1,1
35826172,-1,1
35828172,-1,1
35830176,-1,1
35832176,-1,1
35834176,-1,1
35836176,-1,1
35838172,-1,1
35840176,-1,1
35842176,-1,1
35844176,-1,1
35846176,-1,1
35848176,-1,1
35850176,-1,1
35852172,-1,1
35854172,-1,1
35856176,-1,1
35858176,-1,1
35860172,-1,1
35862176,-1,1
35864172,-1,1
35866172,-1,1
35868176,-1,1
35870176,-1,1
35872172,-1,1
35874176,-1,1
35876172,-1,1
35878176,-1,1
35880172,-1,1
35882176,-1,1
35884176,-1,1
35886172,-1,1
35888172,-1,1
35890172,-1,1
35892176,-1,1
35894172,-1,1
35896172,-1,1
35898176,-1,1
35900172,-1,1
35902176,-1,1
35904172,-1,1
35906172,-1,1
35908176,-1,1
35910172,-1,1
35912176,-1,1
35914172,-1,1
35916176,-1,1
35918172,-1,1
35920176,-1,1
35922172,-1,1
35924172,-1,1
35926176,-1,1
35928172,-1,1
35930176,-1,1
35932180,-1,1
35934172,-1,1
35936176,-1,1
35938172,-1,1
35940176,-1,1
35942172,-1,1
35944172,-1,1
35946172,-1,1
35948176,-1,1
35950172,-1,1
35952176,-1,1
35954172,-1,1
35956176,-1,1
35958172,-1,1
35960172,-1,1
35962176,-1,1
35964172,-1,1
35966176,-1,1
35968176,-1,1
35970176,-1,1
35972172,-1,1
35974176,-1,1
35976176,-1,1
35978172,-1,1
35980176,-1,1
35982172,-1,1
35984172,-1,1
35986172,-1,1
35988176,-1,1
35990172,-1,1
35992172,-1,1
35994176,-1,1
35996172,-1,1
35998172,-1,1
36000176,-1,1
36002172,-1,1
36004172,-1,1
36006176,-1,1
36008172,-1,1
36010172,-1,1
36012172,-1,1
36014172,-1,1
36016176,-1,1
36018180,-1,1
36020172,-1,1
36022176,-1,1
36024172,-1,1
36026176,-1,1
36028172,-1,1
36030176,-1,1
36032176,-1,1
36034176,-1,1
36036172,-1,1
36038176,-1,1
36040176,-1,1
36042172,-1,1
36044176,-1,1
36046172,-1,1
36048172,-1,1
36050172,-1,1
36052172,-1,1
36054172,-1,1
36056176,-1,1
36058176,-1,1
36060180,-1,1
36062176,-1,1
36064176,-1,1
36066172,-1,1
36068172,-1,1
36070172,-1,1
36072176,-1,1
36074176,-1,1
36076172,-1,1
36078176,-1,1
36080176,-1,1
36082176,-1,1
36084172,-1,1
36086172,-1,1
36088176,-1,1
36090176,-1,1
36092172,-1,1
36094172,-1,1
36096176,-1,1
36098176,-1,1
36100176,-1,1
36102172,-1,1
36104176,-1,1
36106172,-1,1
36108172,-1,1
36110176,-1,1
36112172,-1,1
36114172,-1,1
36116176,-1,1
36118176,-1,1
36120172,-1,1
36122176,-1,1
36124176,-1,1
36126172,-1,1
36128176,-1,1
36130176,-1,1
36132176,-1,1
36134172,-1,1
36136176,-1,1
36138176,-1,1
36140172,-1,1
36142176,-1,1
36144172,-1,1
36146172,-1,1
36148176,-1,1
36150176,-1,1
36152172,-1,1
36154176,-1,1
36156172,-1,1
36158172,-1,1
36160176,-1,1
36162176,-1,1
36164172,-1,1
36166172,-1,1
36168176,-1,1
36170176,-1,1
36172172,-1,1
36174172,-1,1
36176176,-1,1
36178176,-1,1
36180172,-1,1
36182176,-1,1
36184176,-1,1
36186172,-1,1
36188180,-1,1
36190176,-1,1
36192172,-1,1
36194172,-1,1
36196176,-1,1
36198172,-1,1
36200176,-1,1
36202172,-1,1
36204176,-1,1
36206176,-1,1
36208172,-1,1
36210176,-1,1
36212176,-1,1
36214172,-1,1
36216176,-1,1
36218172,-1,1
36220176,-1,1
36222176,-1,1
36224176,-1,1
36226176,-1,1
36228176,-1,1
36230172,-1,1
36232172,-1,1
36234176,-1,1
36236172,-1,1
36238176,-1,1
36240172,-1,1
36242172,-1,1
36244176,-1,1
36246172,-1,1
36248176,-1,1
36250172,-1,1
36252172,-1,1
36254172,-1,1
36256176,-1,1
36258176,-1,1
36260172,-1,1
36262176,-1,1
36264172,-1,1
36266172,-1,1
36268176,-1,1
36270172,-1,1
36272176,-1,1
36274180,-1,1
36276172,-1,1
36278176,-1,1
36280172,-1,1
36282176,-1,1
36284176,-1,1
36286172,-1,1
36288176,-1,1
36290172,-1,1
36292176,-1,1
36294172,-1,1
36296176,-1,1
36298176,-1,1
36300176,-1,1
36302172,-1,1
36304176,-1,1
36306176,-1,1
36308172,-1,1
36310176,-1,1
36312176,-1,1
36314172,-1,1
36316180,-1,1
36318176,-1,1
36320172,-1,1
36322176,-1,1
36324172,-1,1
36326176,-1,1
36328172,-1,1
36330176,-1,1
36332172,-1,1
36334176,-1,1
36336172,-1,1
36338176,-1,1
36340176,-1,1
36342172,-1,1
36344176,-1,1
36346172,-1,1
36348176,-1,1
36350176,-1,1
36352176,-1,1
36354176,-1,1
36356176,-1,1
36358172,-1,1
36360176,-1,1
36362176,-1,1
36364172,-1,1
36366176,-1,1
36368172,-1,1
36370176,-1,1
36372172,-1,1
36374176,-1,1
36376172,-1,1
36378176,-1,1
36380172,-1,1
36382172,-1,1
36384176,-1,1
36386172,-1,1
36388172,-1,1
36390176,-1,1
36392176,-1,1
36394172,-1,1
36396176,-1,1
36398172,-1,1
36400176,-1,1
36402176,-1,1
36404172,-1,1
36406172,-1,1
36408176,-1,1
36410172,-1,1
36412176,-1,1
36414172,-1,1
36416176,-1,1
36418176,-1,1
36420172,-1,1
36422176,-1,1
36424172,-1,1
36426176,-1,1
36428172,-1,1
36430176,-1,1
36432172,-1,1
36434176,-1,1
36436172,-1,1
36438176,-1,1
36440172,-1,1
36442176,-1,1
36444180,-1,1
36446176,-1,1
36448172,-1,1
36450176,-1,1
36452172,-1,1
36454176,-1,1
36456176,-1,1
36458172,-1,1
36460172,-1,1
36462176,-1,1
36464172,-1,1
36466176,-1,1
36468172,-1,1
36470172,-1,1
36472176,-1,1
36474176,-1,1
36476172,-1,1
36478176,-1,1
36480176,-1,1
36482176,-1,1
36484176,-1,1
36486172,-1,1
36488172,-1,1
36490172,-1,1
36492176,-1,1
36494172,-1,1
36496176,-1,1
36498176,-1,1
36500172,-1,1
36502172,-1,1
36504176,-1,1
36506172,-1,1
36508176,-1,1
36510172,-1,1
36512176,-1,1
36514176,-1,1
36516176,-1,1
36518176,-1,1
36520172,-1,1
36522176,-1,1
36524172,-1,1
36526176,-1,1
36528172,-1,1
36530172,-1,1
36532172,-1,1
36534176,-1,1
36536172,-1,1
36538176,-1,1
36540172,-1,1
36542176,-1,1
36544172,-1,1
36546176,-1,1
36548172,-1,1
36550172,-1,1
36552172,-1,1
36554176,-1,1
36556172,-1,1
36558176,-1,1
36560172,-1,1
36562176,-1,1
36564172,-1,1
36566176,-1,1
36568172,-1,1
36570172,-1,1
36572180,-1,1
36574176,-1,1
36576176,-1,1
36578172,-1,1
36580176,-1,1
36582172,-1,1
36584176,-1,1
36586172,-1,1
36588176,-1,1
36590172,-1,1
36592176,-1,1
36594172,-1,1
36596172,-1,1
36598176,-1,1
36600172,-1,1
36602172,-1,1
36604176,-1,1
36606172,-1,1
36608172,-1,1
36610172,-1,1
36612176,-1,1
36614172,-1,1
36616176,-1,1
36618172,-1,1
36620176,-1,1
36622172,-1,1
36624176,-1,1
36626172,-1,1
36628176,-1,1
36630172,-1,1
36632172,-1,1
36634176,-1,1
36636172,-1,1
36638176,-1,1
36640176,-1,1
36642172,-1,1
36644176,-1,1
36646176,-1,1
36648176,-1,1
36650172,-1,1
36652176,-1,1
36654176,-1,1
36656172,-1,1
36658172,-1,1
36660172,-1,1
36662172,-1,1
36664176,-1,1
36666172,-1,1
36668172,-1,1
36670176,-1,1
36672172,-1,1
36674176,-1,1
36676172,-1,1
36678176,-1,1
36680172,-1,1
36682176,-1,1
36684176,-1,1
36686172,-1,1
36688176,-1,1
36690172,-1,1
36692176,-1,1
36694172,-1,1
36696172,-1,1
36698176,-1,1
36700180,-1,1
36702176,-1,1
36704172,-1,1
36706172,-1,1
36708176,-1,1
36710172,-1,1
36712176,-1,1
36714172,-1,1
36716176,-1,1
36718172,-1,1
36720176,-1,1
36722176,-1,1
36724172,-1,1
36726176,-1,1
36728172,-1,1
36730176,-1,1
36732172,-1,1
36734176,-1,1
36736176,-1,1
36738176,-1,1
36740172,-1,1
36742176,-1,1
36744176,-1,1
36746172,-1,1
36748176,-1,1
36750172,-1,1
36752176,-1,1
36754172,-1,1
36756176,-1,1
36758172,-1,1
36760176,-1,1
36762172,-1,1
36764176,-1,1
36766172,-1,1
36768176,-1,1
36770172,-1,1
36772176,-1,1
36774176,-1,1
36776176,-1,1
36778172,-1,1
36780176,-1,1
36782172,-1,1
36784176,-1,1
36786184,-1,1
36788176,-1,1
36790172,-1,1
36792176,-1,1
36794172,-1,1
36796176,-1,1
36798176,-1,1
36800172,-1,1
36802172,-1,1
36804176,-1,1
36806172,-1,1
36808176,-1,1
36810176,-1,1
36812172,-1,1
36814176,-1,1
36816172,-1,1
36818172,-1,1
36820176,-1,1
36822172,-1,1
36824176,-1,1
36826172,-1,1
36828180,-1,1
36830172,-1,1
36832172,-1,1
36834172,-1,1
36836176,-1,1
36838172,-1,1
36840176,-1,1
36842172,-1,1
36844176,-1,1
36846172,-1,1
36848176,-1,1
36850172,-1,1
36852176,-1,1
36854172,-1,1
36856176,-1,1
36858176,-1,1
36860172,-1,1
36862176,-1,1
36864176,-1,1
36866176,-1,1
36868176,-1,1
36870172,-1,1
36872172,-1,1
36874172,-1,1
36876172,-1,1
36878172,-1,1
36880172,-1,1
36882172,-1,1
36884172,-1,1
36886176,-1,1
36888176,-1,1
36890176,-1,1
36892176,-1,1
36894176,-1,1
36896172,-1,1
36898172,-1,1
36900172,-1,1
36902176,-1,1
36904176,-1,1
36906172,-1,1
36908172,-1,1
36910176,-1,1
36912176,-1,1
36914176,-1,1
36916172,-1,1
36918172,-1,1
36920172,-1,1
36922176,-1,1
36924176,-1,1
36926172,-1,1
36928172,-1,1
36930172,-1,1
36932176,-1,1
36934176,-1,1
36936172,-1,1
36938176,-1,1
36940172,-1,1
36942172,-1,1
36944176,-1,1
36946172,-1,1
36948172,-1,1
36950176,-1,1
36952176,-1,1
36954172,-1,1
36956180,-1,1
36958176,-1,1
36960172,-1,1
36962172,-1,1
36964176,-1,1
36966176,-1,1
36968172,-1,1
36970172,-1,1
36972176,-1,1
36974176,-1,1
36976172,-1,1
36978176,-1,1
36980176,-1,1
36982172,-1,1
36984172,-1,1
36986176,-1,1
36988172,-1,1
36990176,-1,1
36992172,-1,1
36994172,-1,1
36996172,-1,1
36998176,-1,1
37000176,-1,1
37002172,-1,1
37004176,-1,1
37006176,-1,1
37008172,-1,1
37010176,-1,1
37012176,-1,1
37014172,-1,1
37016172,-1,1
37018176,-1,1
37020176,-1,1
37022172,-1,1
37024176,-1,1
37026172,-1,1
37028176,-1,1
37030176,-1,1
37032172,-1,1
37034176,-1,1
37036172,-1,1
37038176,-1,1
37040176,-1,1
37042180,-1,1
37044172,-1,1
37046176,-1,1
37048176,-1,1
37050172,-1,1
37052176,-1,1
37054172,-1,1
37056176,-1,1
37058176,-1,1
37060172,-1,1
37062176,-1,1
37064172,-1,1
37066176,-1,1
37068172,-1,1
37070176,-1,1
37072172,-1,1
37074172,-1,1
37076176,-1,1
37078172,-1,1
37080176,-1,1
37082172,-1,1
37084180,-1,1
37086172,-1,1
37088176,-1,1
37090172,-1,1
37092176,-1,1
37094172,-1,1
37096176,-1,1
37098172,-1,1
37100176,-1,1
37102172,-1,1
37104176,-1,1
37106172,-1,1
37108176,-1,1
37110172,-1,1
37112176,-1,1
37114176,-1,1
37116172,-1,1
37118176,-1,1
37120176,-1,1
37122176,-1,1
37124176,-1,1
37126176,-1,1
37128176,-1,1
37130176,-1,1
37132172,-1,1
37134176,-1,1
37136176,-1,1
37138172,-1,1
37140172,-1,1
37142176,-1,1
37144172,-1,1
37146176,-1,1
37148176,-1,1
37150172,-1,1
37152176,-1,1
37154172,-1,1
37156172,-1,1
37158176,-1,1
37160172,-1,1
37162176,-1,1
37164172,-1,1
37166176,-1,1
37168172,-1,1
37170172,-1,1
37172176,-1,1
37174172,-1,1
37176172,-1,1
37178176,-1,1
37180172,-1,1
37182176,-1,1
37184172,-1,1
37186176,-1,1
37188172,-1,1
37190172,-1,1
37192172,-1,1
37194172,-1,1
37196176,-1,1
37198172,-1,1
37200176,-1,1
37202176,-1,1
37204172,-1,1
37206176,-1,1
37208176,-1,1
37210172,-1,1
37212180,-1,1
37214176,-1,1
37216172,-1,1
37218172,-1,1
37220176,-1,1
37222172,-1,1
37224176,-1,1
37226172,-1,1
37228176,-1,1
37230172,-1,1
37232176,-1,1
37234172,-1,1
37236176,-1,1
37238176,-1,1
37240172,-1,1
37242176,-1,1
37244176,-1,1
37246176,-1,1
37248176,-1,1
37250176,-1,1
37252172,-1,1
37254176,-1,1
37256176,-1,1
37258172,-1,1
37260176,-1,1
37262172,-1,1
37264176,-1,1
37266172,-1,1
37268176,-1,1
37270172,-1,1
37272172,-1,1
37274176,-1,1
37276172,-1,1
37278172,-1,1
37280176,-1,1
37282176,-1,1
37284172,-1,1
37286176,-1,1
37288176,-1,1
37290172,-1,1
37292176,-1,1
37294172,-1,1
37296172,-1,1
37298172,-1,1
37300176,-1,1
37302172,-1,1
37304176,-1,1
37306172,-1,1
37308176,-1,1
37310172,-1,1
37312176,-1,1
37314172,-1,1
37316176,-1,1
37318172,-1,1
37320176,-1,1
37322172,-1,1
37324176,-1,1
37326172,-1,1
37328176,-1,1
37330172,-1,1
37332176,-1,1
37334172,-1,1
37336176,-1,1
37338172,-1,1
37340180,-1,1
37342172,-1,1
37344176,-1,1
37346172,-1,1
37348176,-1,1
37350172,-1,1
37352172,-1,1
37354176,-1,1
37356176,-1,1
37358172,-1,1
37360176,-1,1
37362176,-1,1
37364172,-1,1
37366176,-1,1
37368172,-1,1
37370176,-1,1
37372172,-1,1
37374176,-1,1
37376176,-1,1
37378176,-1,1
37380176,-1,1
37382172,-1,1
37384172,-1,1
37386172,-1,1
37388176,-1,1
37390172,-1,1
37392176,-1,1
37394176,-1,1
37396172,-1,1
37398176,-1,1
37400172,-1,1
37402176,-1,1
37404172,-1,1
37406172,-1,1
37408176,-1,1
37410172,-1,1
37412176,-1,1
37414176,-1,1
37416176,-1,1
37418172,-1,1
37420176,-1,1
37422172,-1,1
37424176,-1,1
37426180,-1,1
37428172,-1,1
37430176,-1,1
37432172,-1,1
37434176,-1,1
37436176,-1,1
37438172,-1,1
37440176,-1,1
37442176,-1,1
37444172,-1,1
37446172,-1,1
37448176,-1,1
37450172,-1,1
37452176,-1,1
37454172,-1,1
37456176,-1,1
37458176,-1,1
37460172,-1,1
37462176,-1,1
37464172,-1,1
37466176,-1,1
37468180,-1,1
37470172,-1,1
37472176,-1,1
37474172,-1,1
37476176,-1,1
37478176,-1,1
37480172,-1,1
37482176,-1,1
37484172,-1,1
37486172,-1,1
37488176,-1,1
37490172,-1,1
37492176,-1,1
37494172,-1,1
37496176,-1,1
37498172,-1,1
37500176,-1,1
37502172,-1,1
37504172,-1,1
37506176,-1,1
37508172,-1,1
37510176,-1,1
37512176,-1,1
37514172,-1,1
37516176,-1,1
37518176,-1,1
37520172,-1,1
37522176,-1,1
37524176,-1,1
37526172,-1,1
37528172,-1,1
37530176,-1,1
37532176,-1,1
37534172,-1,1
37536176,-1,1
37538172,-1,1
37540176,-1,1
37542172,-1,1
37544176,-1,1
37546172,-1,1
37548176,-1,1
37550172,-1,1
37552172,-1,1
37554172,-1,1
37556172,-1,1
37558176,-1,1
37560172,-1,1
37562176,-1,1
37564176,-1,1
37566172,-1,1
37568176,-1,1
37570172,-1,1
37572176,-1,1
37574172,-1,1
37576172,-1,1
37578176,-1,1
37580176,-1,1
37582172,-1,1
37584176,-1,1
37586172,-1,1
37588172,-1,1
37590176,-1,1
37592176,-1,1
37594172,-1,1
37596180,-1,1
37598172,-1,1
37600172,-1,1
37602176,-1,1
37604176,-1,1
37606172,-1,1
37608176,-1,1
37610172,-1,1
37612176,-1,1
37614172,-1,1
37616176,-1,1
37618176,-1,1
37620172,-1,1
37622176,-1,1
37624172,-1,1
37626172,-1,1
37628176,-1,1
37630172,-1,1
37632172,-1,1
37634176,-1,1
37636172,-1,1
37638176,-1,1
37640176,-1,1
37642172,-1,1
37644176,-1,1
37646172,-1,1
37648172,-1,1
37650172,-1,1
37652172,-1,1
37654176,-1,1
37656172,-1,1
37658176,-1,1
37660176,-1,1
37662172,-1,1
37664176,-1,1
37666172,-1,1
37668176,-1,1
37670176,-1,1
37672172,-1,1
37674172,-1,1
37676176,-1,1
37678176,-1,1
37680172,-1,1
37682176,-1,1
37684176,-1,1
37686176,-1,1
37688176,-1,1
37690172,-1,1
37692176,-1,1
37694176,-1,1
37696172,-1,1
37698176,-1,1
37700176,-1,1
37702172,-1,1
37704176,-1,1
37706172,-1,1
37708176,-1,1
37710172,-1,1
37712176,-1,1
37714176,-1,1
37716172,-1,1
37718176,-1,1
37720176,-1,1
37722172,-1,1
37724180,-1,1
37726176,-1,1
37728172,-1,1
37730176,-1,1
37732172,-1,1
37734176,-1,1
37736172,-1,1
37738176,-1,1
37740172,-1,1
37742176,-1,1
37744172,-1,1
37746172,-1,1
37748176,-1,1
37750172,-1,1
37752176,-1,1
37754176,-1,1
37756172,-1,1
37758172,-1,1
37760176,-1,1
37762172,-1,1
37764176,-1,1
37766172,-1,1
37768172,-1,1
37770172,-1,1
37772176,-1,1
37774172,-1,1
37776176,-1,1
37778176,-1,1
37780172,-1,1
37782176,-1,1
37784176,-1,1
37786172,-1,1
37788172,-1,1
37790176,-1,1
37792172,-1,1
37794176,-1,1
37796172,-1,1
37798172,-1,1
37800172,-1,1
37802176,-1,1
37804172,-1,1
37806176,-1,1
37808172,-1,1
37810172,-1,1
37812176,-1,1
37814172,-1,1
37816176,-1,1
37818176,-1,1
37820172,-1,1
37822176,-1,1
37824172,-1,1
37826176,-1,1
37828172,-1,1
37830176,-1,1
37832176,-1,1
37834172,-1,1
37836176,-1,1
37838176,-1,1
37840172,-1,1
37842176,-1,1
37844172,-1,1
37846176,-1,1
37848176,-1,1
37850172,-1,1
37852180,-1,1
37854176,-1,1
37856172,-1,1
37858176,-1,1
37860172,-1,1
37862176,-1,1
37864176,-1,1
37866172,-1,1
37868176,-1,1
37870172,-1,1
37872176,-1,1
37874176,-1,1
37876172,-1,1
37878176,-1,1
37880176,-1,1
37882172,-1,1
37884172,-1,1
37886176,-1,1
37888176,-1,1
37890176,-1,1
37892172,-1,1
37894172,-1,1
37896176,-1,1
37898176,-1,1
37900172,-1,1
37902176,-1,1
37904172,-1,1
37906176,-1,1
37908172,-1,1
37910176,-1,1
37912176,-1,1
37914172,-1,1
37916176,-1,1
37918172,-1,1
37920172,-1,1
37922172,-1,1
37924176,-1,1
37926172,-1,1
37928172,-1,1
37930176,-1,1
37932172,-1,1
37934176,-1,1
37936172,-1,1
37938176,-1,1
37940172,-1,1
37942176,-1,1
37944172,-1,1
37946176,-1,1
37948172,-1,1
37950172,-1,1
37952176,-1,1
37954172,-1,1
37956176,-1,1
37958172,-1,1
37960176,-1,1
37962172,-1,1
37964172,-1,1
37966176,-1,1
37968172,-1,1
37970176,-1,1
37972172,-1,1
37974172,-1,1
37976176,-1,1
37978176,-1,1
37980180,-1,1
37982172,-1,1
37984172,-1,1
37986176,-1,1
37988172,-1,1
37990172,-1,1
37992172,-1,1
37994176,-1,1
37996172,-1,1
37998172,-1,1
38000176,-1,1
38002172,-1,1
38004176,-1,1
38006176,-1,1
38008172,-1,1
38010176,-1,1
38012176,-1,1
38014172,-1,1
38016176,-1,1
38018176,-1,1
38020172,-1,1
38022176,-1,1
38024176,-1,1
38026176,-1,1
38028172,-1,1
38030176,-1,1
38032176,-1,1
38034176,-1,1
38036172,-1,1
38038176,-1,1
38040176,-1,1
38042172,-1,1
38044176,-1,1
38046172,-1,1
38048176,-1,1
38050172,-1,1
38052176,-1,1
38054176,-1,1
38056176,-1,1
38058172,-1,1
38060176,-1,1
38062172,-1,1
38064172,-1,1
38066172,-1,1
38068176,-1,1
38070176,-1,1
38072172,-1,1
38074176,-1,1
38076176,-1,1
38078172,-1,1
38080172,-1,1
38082172,-1,1
38084176,-1,1
38086172,-1,1
38088172,-1,1
38090172,-1,1
38092172,-1,1
38094176,-1,1
38096172,-1,1
38098172,-1,1
38100176,-1,1
38102172,-1,1
38104176,-1,1
38106172,-1,1
38108180,-1,1
38110176,-1,1
38112172,-1,1
38114176,-1,1
38116172,-1,1
38118176,-1,1
38120176,-1,1
38122172,-1,1
38124176,-1,1
38126172,-1,1
38128176,-1,1
38130172,-1,1
38132176,-1,1
38134172,-1,1
38136172,-1,1
38138176,-1,1
38140172,-1,1
38142176,-1,1
38144176,-1,1
38146176,-1,1
38148172,-1,1
38150176,-1,1
38152172,-1,1
38154176,-1,1
38156172,-1,1
38158176,-1,1
38160176,-1,1
38162176,-1,1
38164172,-1,1
38166172,-1,1
38168176,-1,1
38170172,-1,1
38172176,-1,1
38174172,-1,1
38176172,-1,1
38178172,-1,1
38180176,-1,1
38182172,-1,1
38184172,-1,1
38186176,-1,1
38188172,-1,1
38190172,-1,1
38192176,-1,1
38194180,-1,1
38196176,-1,1
38198172,-1,1
38200176,-1,1
38202172,-1,1
38204176,-1,1
38206176,-1,1
38208172,-1,1
38210176,-1,1
38212172,-1,1
38214176,-1,1
38216172,-1,1
38218176,-1,1
38220176,-1,1
38222172,-1,1
38224176,-1,1
38226172,-1,1
38228172,-1,1
38230176,-1,1
38232176,-1,1
38234172,-1,1
38236180,-1,1
38238172,-1,1
38240172,-1,1
38242176,-1,1
38244172,-1,1
38246176,-1,1
38248176,-1,1
38250172,-1,1
38252172,-1,1
38254176,-1,1
38256176,-1,1
38258172,-1,1
38260176,-1,1
38262172,-1,1
38264172,-1,1
38266176,-1,1
38268176,-1,1
38270172,-1,1
38272172,-1,1
38274176,-1,1
38276172,-1,1
38278176,-1,1
38280172,-1,1
38282176,-1,1
38284176,-1,1
38286172,-1,1
38288172,-1,1
38290176,-1,1
38292172,-1,1
38294172,-1,1
38296172,-1,1
38298176,-1,1
38300172,-1,1
38302176,-1,1
38304176,-1,1
38306172,-1,1
38308176,-1,1
38310176,-1,1
38312176,-1,1
38314172,-1,1
38316172,-1,1
38318172,-1,1
38320176,-1,1
38322172,-1,1
38324176,-1,1
38326176,-1,1
38328172,-1,1
38330172,-1,1
38332172,-1,1
38334176,-1,1
38336176,-1,1
38338172,-1,1
38340172,-1,1
38342176,-1,1
38344176,-1,1
38346172,-1,1
38348172,-1,1
38350176,-1,1
38352176,-1,1
38354172,-1,1
38356176,-1,1
38358176,-1,1
38360176,-1,1
38362172,-1,1
38364180,-1,1
38366172,-1,1
38368172,-1,1
38370176,-1,1
38372176,-1,1
38374172,-1,1
38376172,-1,1
38378172,-1,1
38380172,-1,1
38382176,-1,1
38384176,-1,1
38386176,-1,1
38388172,-1,1
38390172,-1,1
38392172,-1,1
38394172,-1,1
38396172,-1,1
38398172,-1,1
38400176,-1,1
38402176,-1,1
38404176,-1,1
38406176,-1,1
38408176,-1,1
38410176,-1,1
38412172,-1,1
38414172,-1,1
38416176,-1,1
38418176,-1,1
38420172,-1,1
38422176,-1,1
38424176,-1,1
38426172,-1,1
38428172,-1,1
38430176,-1,1
38432172,-1,1
38434172,-1,1
38436176,-1,1
38438176,-1,1
38440172,-1,1
38442176,-1,1
38444172,-1,1
38446172,-1,1
38448176,-1,1
38450180,-1,1
38452172,-1,1
38454172,-1,1
38456176,-1,1
38458172,-1,1
38460176,-1,1
38462172,-1,1
38464176,-1,1
38466176,-1,1
38468172,-1,1
38470176,-1,1
38472172,-1,1
38474176,-1,1
38476172,-1,1
38478176,-1,1
38480172,-1,1
38482172,-1,1
38484176,-1,1
38486172,-1,1
38488176,-1,1
38490172,-1,1
38492180,-1,1
38494176,-1,1
38496172,-1,1
38498176,-1,1
38500172,-1,1
38502176,-1,1
38504176,-1,1
38506176,-1,1
38508172,-1,1
38510172,-1,1
38512176,-1,1
38514176,-1,1
38516172,-1,1
38518176,-1,1
38520176,-1,1
38522172,-1,1
38524176,-1,1
38526172,-1,1
38528176,-1,1
38530176,-1,1
38532172,-1,1
38534172,-1,1
38536172,-1,1
38538176,-1,1
38540172,-1,1
38542176,-1,1
38544172,-1,1
38546172,-1,1
38548176,-1,1
38550172,-1,1
38552176,-1,1
38554172,-1,1
38556172,-1,1
38558176,-1,1
38560172,-1,1
38562176,-1,1
38564176,-1,1
38566172,-1,1
38568176,-1,1
38570176,-1,1
38572172,-1,1
38574172,-1,1
38576172,-1,1
38578172,-1,1
38580176,-1,1
38582172,-1,1
38584176,-1,1
38586172,-1,1
38588176,-1,1
38590172,-1,1
38592176,-1,1
38594172,-1,1
38596176,-1,1
38598176,-1,1
38600176,-1,1
38602176,-1,1
38604176,-1,1
38606172,-1,1
38608172,-1,1
38610176,-1,1
38612172,-1,1
38614176,-1,1
38616172,-1,1
38618176,-1,1
38620180,-1,1
38622172,-1,1
38624176,-1,1
38626172,-1,1
38628176,-1,1
38630172,-1,1
38632176,-1,1
38634172,-1,1
38636172,-1,1
38638176,-1,1
38640172,-1,1
38642176,-1,1
38644172,-1,1
38646176,-1,1
38648172,-1,1
38650172,-1,1
38652176,-1,1
38654172,-1,1
38656172,-1,1
38658176,-1,1
38660172,-1,1
38662172,-1,1
38664176,-1,1
38666172,-1,1
38668176,-1,1
38670172,-1,1
38672176,-1,1
38674176,-1,1
38676172,-1,1
38678176,-1,1
38680172,-1,1
38682176,-1,1
38684172,-1,1
38686172,-1,1
38688176,-1,1
38690172,-1,1
38692176,-1,1
38694172,-1,1
38696176,-1,1
38698172,-1,1
38700176,-1,1
38702172,-1,1
38704172,-1,1
38706172,-1,1
38708172,-1,1
38710172,-1,1
38712176,-1,1
38714172,-1,1
38716176,-1,1
38718172,-1,1
38720176,-1,1
38722172,-1,1
38724172,-1,1
38726176,-1,1
38728172,-1,1
38730176,-1,1
38732172,-1,1
38734176,-1,1
38736172,-1,1
38738172,-1,1
38740176,-1,1
38742172,-1,1
38744176,-1,1
38746172,-1,1
38748180,-1,1
38750176,-1,1
38752172,-1,1
38754176,-1,1
38756172,-1,1
38758176,-1,1
38760176,-1,1
38762176,-1,1
38764172,-1,1
38766176,-1,1
38768172,-1,1
38770176,-1,1
38772172,-1,1
38774176,-1,1
38776172,-1,1
38778172,-1,1
38780176,-1,1
38782172,-1,1
38784172,-1,1
38786176,-1,1
38788172,-1,1
38790176,-1,1
38792172,-1,1
38794172,-1,1
38796172,-1,1
38798176,-1,1
38800172,-1,1
38802176,-1,1
38804172,-1,1
38806176,-1,1
38808176,-1,1
38810172,-1,1
38812176,-1,1
38814176,-1,1
38816176,-1,1
38818176,-1,1
38820176,-1,1
38822176,-1,1
38824176,-1,1
38826172,-1,1
38828176,-1,1
38830176,-1,1
38832172,-1,1
38834172,-1,1
38836176,-1,1
38838172,-1,1
38840176,-1,1
38842172,-1,1
38844176,-1,1
38846172,-1,1
38848172,-1,1
38850172,-1,1
38852172,-1,1
38854176,-1,1
38856172,-1,1
38858176,-1,1
38860176,-1,1
38862172,-1,1
38864176,-1,1
38866172,-1,1
38868176,-1,1
38870176,-1,1
38872172,-1,1
38874172,-1,1
38876180,-1,1
38878176,-1,1
38880176,-1,1
38882172,-1,1
38884176,-1,1
38886172,-1,1
38888176,-1,1
38890172,-1,1
38892172,-1,1
38894176,-1,1
38896172,-1,1
38898172,-1,1
38900176,-1,1
38902172,-1,1
38904172,-1,1
38906172,-1,1
38908176,-1,1
38910176,-1,1
38912176,-1,1
38914176,-1,1
38916172,-1,1
38918172,-1,1
38920172,-1,1
38922176,-1,1
38924172,-1,1
38926172,-1,1
38928176,-1,1
38930172,-1,1
38932176,-1,1
38934172,-1,1
38936176,-1,1
38938172,-1,1
38940176,-1,1
38942176,-1,1
38944176,-1,1
38946176,-1,1
38948172,-1,1
38950176,-1,1
38952176,-1,1
38954172,-1,1
38956176,-1,1
38958172,-1,1
38960172,-1,1
38962172,-1,1
38964176,-1,1
38966172,-1,1
38968176,-1,1
38970172,-1,1
38972176,-1,1
38974172,-1,1
38976176,-1,1
38978172,-1,1
38980176,-1,1
38982172,-1,1
38984176,-1,1
38986172,-1,1
38988172,-1,1
38990176,-1,1
38992172,-1,1
38994176,-1,1
38996172,-1,1
38998176,-1,1
39000172,-1,1
39002176,-1,1
39004180,-1,1
39006176,-1,1
39008172,-1,1
39010176,-1,1
39012172,-1,1
39014176,-1,1
39016176,-1,1
39018172,-1,1
39020176,-1,1
39022172,-1,1
39024172,-1,1
39026176,-1,1
39028172,-1,1
39030176,-1,1
39032176,-1,1
39034172,-1,1
39036172,-1,1
39038176,-1,1
39040176,-1,1
39042176,-1,1
39044172,-1,1
39046176,-1,1
39048176,-1,1
39050176,-1,1
39052176,-1,1
39054172,-1,1
39056176,-1,1
39058176,-1,1
39060172,-1,1
39062176,-1,1
39064176,-1,1
39066172,-1,1
39068176,-1,1
39070172,-1,1
39072176,-1,1
39074172,-1,1
39076176,-1,1
39078172,-1,1
39080176,-1,1
39082172,-1,1
39084176,-1,1
39086172,-1,1
39088172,-1,1
39090172,-1,1
39092176,-1,1
39094172,-1,1
39096172,-1,1
39098176,-1,1
39100176,-1,1
39102172,-1,1
39104176,-1,1
39106172,-1,1
39108172,-1,1
39110176,-1,1
39112176,-1,1
39114172,-1,1
39116172,-1,1
39118172,-1,1
39120176,-1,1
39122172,-1,1
39124176,-1,1
39126172,-1,1
39128176,-1,1
39130176,-1,1
39132180,-1,1
39134172,-1,1
39136172,-1,1
39138176,-1,1
39140172,-1,1
39142176,-1,1
39144176,-1,1
39146172,-1,1
39148172,-1,1
39150176,-1,1
39152176,-1,1
39154172,-1,1
39156172,-1,1
39158176,-1,1
39160176,-1,1
39162172,-1,1
39164176,-1,1
39166176,-1,1
39168176,-1,1
39170176,-1,1
39172172,-1,1
39174176,-1,1
39176172,-1,1
39178176,-1,1
39180172,-1,1
39182172,-1,1
39184176,-1,1
39186172,-1,1
39188176,-1,1
39190176,-1,1
39192172,-1,1
39194172,-1,1
39196176,-1,1
39198176,-1,1
39200172,-1,1
39202176,-1,1
39204172,-1,1
39206176,-1,1
39208176,-1,1
39210172,-1,1
39212176,-1,1
39214172,-1,1
39216172,-1,1
39218172,-1,1
39220172,-1,1
39222176,-1,1
39224172,-1,1
39226176,-1,1
39228176,-1,1
39230172,-1,1
39232176,-1,1
39234172,-1,1
39236172,-1,1
39238176,-1,1
39240172,-1,1
39242176,-1,1
39244176,-1,1
39246172,-1,1
39248176,-1,1
39250172,-1,1
39252176,-1,1
39254176,-1,1
39256172,-1,1
39258172,-1,1
39260180,-1,1
39262176,-1,1
39264176,-1,1
39266172,-1,1
39268176,-1,1
39270176,-1,1
39272176,-1,1
39274172,-1,1
39276172,-1,1
39278176,-1,1
39280176,-1,1
39282172,-1,1
39284172,-1,1
39286176,-1,1
39288176,-1,1
39290172,-1,1
39292172,-1,1
39294176,-1,1
39296176,-1,1
39298172,-1,1
39300172,-1,1
39302176,-1,1
39304172,-1,1
39306176,-1,1
39308176,-1,1
39310176,-1,1
39312176,-1,1
39314172,-1,1
39316172,-1,1
39318172,-1,1
39320172,-1,1
39322172,-1,1
39324172,-1,1
39326172,-1,1
39328176,-1,1
39330176,-1,1
39332176,-1,1
39334172,-1,1
39336176,-1,1
39338176,-1,1
39340172,-1,1
39342176,-1,1
39344176,-1,1
39346180,-1,1
39348172,-1,1
39350176,-1,1
39352176,-1,1
39354172,-1,1
39356176,-1,1
39358172,-1,1
39360176,-1,1
39362176,-1,1
39364172,-1,1
39366172,-1,1
39368176,-1,1
39370176,-1,1
39372172,-1,1
39374176,-1,1
39376176,-1,1
39378172,-1,1
39380172,-1,1
39382176,-1,1
39384172,-1,1
39386176,-1,1
39388180,-1,1
39390176,-1,1
39392172,-1,1
39394176,-1,1
39396172,-1,1
39398172,-1,1
39400172,-1,1
39402172,-1,1
39404176,-1,1
39406172,-1,1
39408176,-1,1
39410176,-1,1
39412172,-1,1
39414176,-1,1
39416172,-1,1
39418176,-1,1
39420172,-1,1
39422176,-1,1
39424176,-1,1
39426176,-1,1
39428176,-1,1
39430176,-1,1
39432176,-1,1
39434172,-1,1
39436176,-1,1
39438172,-1,1
39440172,-1,1
39442176,-1,1
39444176,-1,1
39446172,-1,1
39448176,-1,1
39450176,-1,1
39452172,-1,1
39454172,-1,1
39456176,-1,1
39458172,-1,1
39460172,-1,1
39462176,-1,1
39464172,-1,1
39466176,-1,1
39468172,-1,1
39470176,-1,1
39472172,-1,1
39474172,-1,1
39476176,-1,1
39478172,-1,1
39480176,-1,1
39482172,-1,1
39484176,-1,1
39486172,-1,1
39488176,-1,1
39490176,-1,1
39492172,-1,1
39494172,-1,1
39496176,-1,1
39498172,-1,1
39500176,-1,1
39502172,-1,1
39504176,-1,1
39506176,-1,1
39508172,-1,1
39510176,-1,1
39512176,-1,1
39514172,-1,1
39516180,-1,1
39518176,-1,1
39520172,-1,1
39522176,-1,1
39524172,-1,1
39526176,-1,1
39528172,-1,1
39530176,-1,1
39532172,-1,1
39534176,-1,1
39536176,-1,1
39538172,-1,1
39540176,-1,1
39542172,-1,1
39544176,-1,1
39546172,-1,1
39548176,-1,1
39550172,-1,1
39552172,-1,1
39554172,-1,1
39556176,-1,1
39558172,-1,1
39560172,-1,1
39562176,-1,1
39564172,-1,1
39566176,-1,1
39568172,-1,1
39570176,-1,1
39572172,-1,1
39574176,-1,1
39576172,-1,1
39578176,-1,1
39580172,-1,1
39582176,-1,1
39584172,-1,1
39586176,-1,1
39588172,-1,1
39590176,-1,1
39592172,-1,1
39594176,-1,1
39596172,-1,1
39598172,-1,1
39600176,-1,1
39602180,-1,1
39604172,-1,1
39606176,-1,1
39608172,-1,1
39610176,-1,1
39612176,-1,1
39614172,-1,1
39616176,-1,1
39618172,-1,1
39620176,-1,1
39622172,-1,1
39624176,-1,1
39626172,-1,1
39628172,-1,1
39630176,-1,1
39632172,-1,1
39634176,-1,1
39636172,-1,1
39638176,-1,1
39640176,-1,1
39642172,-1,1
39644180,-1,1
39646176,-1,1
39648176,-1,1
39650172,-1,1
39652176,-1,1
39654172,-1,1
39656176,-1,1
39658172,-1,1
39660176,-1,1
39662172,-1,1
39664176,-1,1
39666172,-1,1
39668172,-1,1
39670176,-1,1
39672172,-1,1
39674176,-1,1
39676176,-1,1
39678172,-1,1
39680172,-1,1
39682172,-1,1
39684172,-1,1
39686176,-1,1
39688176,-1,1
39690176,-1,1
39692172,-1,1
39694176,-1,1
39696172,-1,1
39698172,-1,1
39700176,-1,1
39702172,-1,1
39704176,-1,1
39706172,-1,1
39708172,-1,1
39710176,-1,1
39712176,-1,1
39714176,-1,1
39716172,-1,1
39718176,-1,1
39720176,-1,1
39722172,-1,1
39724176,-1,1
39726172,-1,1
39728176,-1,1
39730180,-1,1
39732176,-1,1
39734176,-1,1
39736172,-1,1
39738176,-1,1
39740172,-1,1
39742172,-1,1
39744176,-1,1
39746172,-1,1
39748172,-1,1
39750176,-1,1
39752172,-1,1
39754176,-1,1
39756172,-1,1
39758176,-1,1
39760172,-1,1
39762176,-1,1
39764172,-1,1
39766172,-1,1
39768172,-1,1
39770172,-1,1
39772180,-1,1
39774176,-1,1
39776176,-1,1
39778176,-1,1
39780172,-1,1
39782176,-1,1
39784176,-1,1
39786176,-1,1
39788176,-1,1
39790172,-1,1
39792176,-1,1
39794172,-1,1
39796176,-1,1
39798172,-1,1
39800176,-1,1
39802176,-1,1
39804172,-1,1
39806176,-1,1
39808176,-1,1
39810176,-1,1
39812176,-1,1
39814172,-1,1
39816172,-1,1
39818176,-1,1
39820172,-1,1
39822176,-1,1
39824172,-1,1
39826176,-1,1
39828172,-1,1
39830176,-1,1
39832176,-1,1
39834172,-1,1
39836176,-1,1
39838172,-1,1
39840176,-1,1
39842172,-1,1
39844176,-1,1
39846172,-1,1
39848176,-1,1
39850172,-1,1
39852176,-1,1
39854172,-1,1
39856176,-1,1
39858180,-1,1
39860172,-1,1
39862176,-1,1
39864176,-1,1
39866172,-1,1
39868176,-1,1
39870172,-1,1
39872176,-1,1
39874172,-1,1
39876172,-1,1
39878176,-1,1
39880172,-1,1
39882176,-1,1
39884176,-1,1
39886172,-1,1
39888176,-1,1
39890172,-1,1
39892176,-1,1
39894176,-1,1
39896172,-1,1
39898172,-1,1
39900180,-1,1
39902176,-1,1
39904176,-1,1
39906172,-1,1
39908176,-1,1
39910172,-1,1
39912172,-1,1
39914172,-1,1
39916176,-1,1
39918176,-1,1
39920172,-1,1
39922172,-1,1
39924176,-1,1
39926176,-1,1
39928172,-1,1
39930172,-1,1
39932172,-1,1
39934176,-1,1
39936176,-1,1
39938172,-1,1
39940176,-1,1
39942172,-1,1
39944172,-1,1
39946176,-1,1
39948172,-1,1
39950176,-1,1
39952176,-1,1
39954176,-1,1
39956176,-1,1
39958172,-1,1
39960176,-1,1
39962176,-1,1
39964172,-1,1
39966176,-1,1
39968172,-1,1
39970176,-1,1
39972172,-1,1
39974176,-1,1
39976176,-1,1
39978176,-1,1
39980172,-1,1
39982176,-1,1
39984172,-1,1
39986172,-1,1
39988176,-1,1
39990172,-1,1
39992176,-1,1
39994172,-1,1
39996172,-1,1
39998176,-1,1
40000172,-1,1
40002172,-1,1
40004172,-1,1
40006172,-1,1
40008176,-1,1
40010176,-1,1
40012172,-1,1
40014176,-1,1
40016176,-1,1
40018172,-1,1
40020172,-1,1
40022172,-1,1
40024176,-1,1
40026172,-1,1
40028184,-1,1
40030172,-1,1
40032176,-1,1
40034176,-1,1
40036172,-1,1
40038176,-1,1
40040172,-1,1
40042172,-1,1
40044176,-1,1
40046176,-1,1
40048172,-1,1
40050172,-1,1
40052176,-1,1
40054172,-1,1
40056172,-1,1
40058176,-1,1
40060172,-1,1
40062176,-1,1
40064172,-1,1
40066172,-1,1
40068172,-1,1
40070176,-1,1
40072176,-1,1
40074176,-1,1
40076172,-1,1
40078176,-1,1
40080172,-1,1
40082172,-1,1
40084176,-1,1
40086176,-1,1
40088172,-1,1
40090176,-1,1
40092176,-1,1
40094172,-1,1
40096176,-1,1
40098176,-1,1
40100172,-1,1
40102176,-1,1
40104172,-1,1
40106172,-1,1
40108172,-1,1
40110172,-1,1
40112176,-1,1
40114180,-1,1
40116176,-1,1
40118176,-1,1
40120176,-1,1
40122172,-1,1
40124176,-1,1
40126172,-1,1
40128176,-1,1
40130172,-1,1
40132176,-1,1
40134172,-1,1
40136176,-1,1
40138172,-1,1
40140172,-1,1
40142176,-1,1
40144172,-1,1
40146172,-1,1
40148172,-1,1
40150176,-1,1
40152172,-1,1
40154176,-1,1
40156180,-1,1
40158176,-1,1
40160172,-1,1
40162176,-1,1
40164176,-1,1
40166172,-1,1
40168172,-1,1
40170176,-1,1
40172172,-1,1
40174172,-1,1
40176176,-1,1
40178172,-1,1
40180176,-1,1
40182172,-1,1
40184172,-1,1
40186176,-1,1
40188172,-1,1
40190176,-1,1
40192172,-1,1
40194176,-1,1
40196176,-1,1
40198172,-1,1
40200172,-1,1
40202172,-1,1
40204176,-1,1
40206172,-1,1
40208176,-1,1
40210176,-1,1
40212172,-1,1
40214176,-1,1
40216172,-1,1
40218176,-1,1
40220176,-1,1
40222172,-1,1
40224176,-1,1
40226172,-1,1
40228176,-1,1
40230176,-1,1
40232172,-1,1
40234176,-1,1
40236172,-1,1
40238172,-1,1
40240176,-1,1
40242176,-1,1
40244172,-1,1
40246172,-1,1
40248176,-1,1
40250172,-1,1
40252176,-1,1
40254176,-1,1
40256172,-1,1
40258176,-1,1
40260172,-1,1
40262176,-1,1
40264172,-1,1
40266172,-1,1
40268176,-1,1
40270172,-1,1
40272176,-1,1
40274172,-1,1
40276176,-1,1
40278172,-1,1
40280176,-1,1
40282172,-1,1
40284180,-1,1
40286176,-1,1
40288176,-1,1
40290176,-1,1
40292176,-1,1
40294172,-1,1
40296176,-1,1
40298172,-1,1
40300172,-1,1
40302176,-1,1
40304172,-1,1
40306172,-1,1
40308176,-1,1
40310172,-1,1
40312176,-1,1
40314172,-1,1
40316176,-1,1
40318172,-1,1
40320172,-1,1
40322172,-1,1
40324176,-1,1
40326172,-1,1
40328172,-1,1
40330172,-1,1
40332176,-1,1
40334172,-1,1
40336176,-1,1
40338172,-1,1
40340176,-1,1
40342176,-1,1
40344176,-1,1
40346172,-1,1
40348172,-1,1
40350176,-1,1
40352172,-1,1
40354172,-1,1
40356176,-1,1
40358172,-1,1
40360176,-1,1
40362176,-1,1
40364176,-1,1
40366172,-1,1
40368172,-1,1
40370172,-1,1
40372176,-1,1
40374172,-1,1
40376176,-1,1
40378172,-1,1
40380176,-1,1
40382176,-1,1
40384172,-1,1
40386176,-1,1
40388172,-1,1
40390172,-1,1
40392172,-1,1
40394172,-1,1
40396172,-1,1
40398176,-1,1
40400172,-1,1
40402172,-1,1
40404176,-1,1
40406172,-1,1
40408176,-1,1
40410172,-1,1
40412180,-1,1
40414176,-1,1
40416172,-1,1
40418176,-1,1
40420172,-1,1
40422176,-1,1
40424176,-1,1
40426172,-1,1
40428176,-1,1
40430172,-1,1
40432176,-1,1
40434172,-1,1
40436176,-1,1
40438172,-1,1
40440176,-1,1
40442176,-1,1
40444172,-1,1
40446176,-1,1
40448176,-1,1
40450176,-1,1
40452172,-1,1
40454172,-1,1
40456176,-1,1
40458176,-1,1
40460176,-1,1
40462172,-1,1
40464176,-1,1
40466176,-1,1
40468172,-1,1
40470176,-1,1
40472176,-1,1
40474172,-1,1
40476172,-1,1
40478176,-1,1
40480176,-1,1
40482176,-1,1
40484172,-1,1
40486172,-1,1
40488176,-1,1
40490172,-1,1
40492176,-1,1
40494172,-1,1
40496176,-1,1
40498180,-1,1
40500172,-1,1
40502176,-1,1
40504172,-1,1
40506176,-1,1
40508176,-1,1
40510172,-1,1
40512176,-1,1
40514172,-1,1
40516176,-1,1
40518172,-1,1
40520176,-1,1
40522172,-1,1
40524176,-1,1
40526176,-1,1
40528172,-1,1
40530176,-1,1
40532172,-1,1
40534176,-1,1
40536176,-1,1
40538172,-1,1
40540180,-1,1
40542172,-1,1
40544176,-1,1
40546172,-1,1
40548172,-1,1
40550176,-1,1
40552176,-1,1
40554172,-1,1
40556176,-1,1
40558172,-1,1
40560176,-1,1
40562172,-1,1
40564176,-1,1
40566172,-1,1
40568176,-1,1
40570172,-1,1
40572172,-1,1
40574176,-1,1
40576176,-1,1
40578176,-1,1
40580172,-1,1
40582176,-1,1
40584172,-1,1
40586176,-1,1
40588172,-1,1
40590176,-1,1
40592176,-1,1
40594176,-1,1
40596176,-1,1
40598172,-1,1
40600176,-1,1
40602176,-1,1
40604172,-1,1
40606176,-1,1
40608172,-1,1
40610176,-1,1
40612172,-1,1
40614176,-1,1
40616176,-1,1
40618172,-1,1
40620172,-1,1
40622176,-1,1
40624172,-1,1
40626176,-1,1
40628176,-1,1
40630172,-1,1
40632176,-1,1
40634176,-1,1
40636172,-1,1
40638176,-1,1
40640176,-1,1
40642176,-1,1
40644172,-1,1
40646176,-1,1
40648172,-1,1
40650176,-1,1
40652172,-1,1
40654176,-1,1
40656172,-1,1
40658172,-1,1
40660176,-1,1
40662172,-1,1
40664176,-1,1
40666172,-1,1
40668180,-1,1
40670176,-1,1
40672172,-1,1
40674176,-1,1
40676172,-1,1
40678176,-1,1
40680172,-1,1
40682176,-1,1
40684172,-1,1
40686176,-1,1
40688172,-1,1
40690176,-1,1
40692172,-1,1
40694176,-1,1
40696176,-1,1
40698172,-1,1
40700176,-1,1
40702176,-1,1
40704176,-1,1
40706176,-1,1
40708172,-1,1
40710176,-1,1
40712172,-1,1
40714176,-1,1
40716172,-1,1
40718176,-1,1
40720176,-1,1
40722176,-1,1
40724172,-1,1
40726176,-1,1
40728176,-1,1
40730172,-1,1
40732176,-1,1
40734172,-1,1
40736176,-1,1
40738172,-1,1
40740176,-1,1
40742172,-1,1
40744172,-1,1
40746176,-1,1
40748176,-1,1
40750172,-1,1
40752176,-1,1
40754172,-1,1
40756172,-1,1
40758172,-1,1
40760172,-1,1
40762176,-1,1
40764172,-1,1
40766176,-1,1
40768172,-1,1
40770176,-1,1
40772176,-1,1
40774172,-1,1
40776176,-1,1
40778172,-1,1
40780172,-1,1
40782176,-1,1
40784176,-1,1
40786172,-1,1
40788176,-1,1
40790176,-1,1
40792172,-1,1
40794172,-1,1
40796180,-1,1
40798172,-1,1
40800176,-1,1
40802172,-1,1
40804176,-1,1
40806172,-1,1
40808176,-1,1
40810172,-1,1
40812176,-1,1
40814172,-1,1
40816176,-1,1
40818172,-1,1
40820176,-1,1
40822172,-1,1
40824176,-1,1
40826176,-1,1
40828172,-1,1
40830176,-1,1
40832176,-1,1
40834176,-1,1
40836176,-1,1
40838172,-1,1
40840176,-1,1
40842176,-1,1
40844176,-1,1
40846172,-1,1
40848176,-1,1
40850172,-1,1
40852176,-1,1
40854176,-1,1
40856172,-1,1
40858172,-1,1
40860176,-1,1
40862176,-1,1
40864176,-1,1
40866172,-1,1
40868176,-1,1
40870172,-1,1
40872172,-1,1
40874176,-1,1
40876176,-1,1
40878172,-1,1
40880172,-1,1
40882172,-1,1
40884176,-1,1
40886172,-1,1
40888176,-1,1
40890176,-1,1
40892172,-1,1
40894176,-1,1
40896176,-1,1
40898172,-1,1
40900172,-1,1
40902176,-1,1
40904172,-1,1
40906172,-1,1
40908176,-1,1
40910176,-1,1
40912172,-1,1
40914172,-1,1
40916176,-1,1
40918176,-1,1
40920176,-1,1
40922172,-1,1
40924180,-1,1
40926172,-1,1
40928172,-1,1
40930176,-1,1
40932176,-1,1
40934176,-1,1
40936176,-1,1
40938172,-1,1
40940172,-1,1
40942172,-1,1
40944176,-1,1
40946176,-1,1
40948176,-1,1
40950176,-1,1
40952176,-1,1
40954176,-1,1
40956176,-1,1
40958176,-1,1
40960176,-1,1
40962172,-1,1
40964176,-1,1
40966176,-1,1
40968172,-1,1
40970176,-1,1
40972176,-1,1
40974176,-1,1
40976176,-1,1
40978176,-1,1
40980176,-1,1
40982172,-1,1
40984176,-1,1
40986172,-1,1
40988172,-1,1
40990172,-1,1
40992172,-1,1
40994172,-1,1
40996172,-1,1
40998172,-1,1
41000172,-1,1
41002172,-1,1
41004176,-1,1
41006176,-1,1
41008176,-1,1
41010172,-1,1
41012172,-1,1
41014172,-1,1
41016172,-1,1
41018176,-1,1
41020176,-1,1
41022176,-1,1
41024176,-1,1
41026176,-1,1
41028172,-1,1
41030172,-1,1
41032172,-1,1
41034172,-1,1
41036176,-1,1
41038172,-1,1
41040172,-1,1
41042172,-1,1
41044172,-1,1
41046172,-1,1
41048172,-1,1
41050176,-1,1
41052180,-1,1
41054172,-1,1
41056176,-1,1
41058176,-1,1
41060176,-1,1
41062176,-1,1
41064172,-1,1
41066172,-1,1
41068176,-1,1
41070176,-1,1
41072176,-1,1
41074176,-1,1
41076172,-1,1
41078172,-1,1
41080176,-1,1
41082176,-1,1
41084172,-1,1
41086172,-1,1
41088176,-1,1
41090176,-1,1
41092176,-1,1
41094176,-1,1
41096176,-1,1
41098176,-1,1
41100172,-1,1
41102172,-1,1
41104176,-1,1
41106176,-1,1
41108172,-1,1
41110176,-1,1
41112172,-1,1
41114172,-1,1
41116176,-1,1
41118172,-1,1
41120176,-1,1
41122176,-1,1
41124176,-1,1
41126176,-1,1
41128172,-1,1
41130172,-1,1
41132176,-1,1
41134176,-1,1
41136176,-1,1
41138180,-1,1
41140172,-1,1
41142172,-1,1
41144176,-1,1
41146176,-1,1
41148172,-1,1
41150176,-1,1
41152176,-1,1
41154172,-1,1
41156172,-1,1
41158176,-1,1
41160172,-1,1
41162176,-1,1
41164176,-1,1
41166172,-1,1
41168176,-1,1
41170176,-1,1
41172176,-1,1
41174172,-1,1
41176176,-1,1
41178176,-1,1
41180180,-1,1
41182176,-1,1
41184172,-1,1
41186176,-1,1
41188176,-1,1
41190172,-1,1
41192176,-1,1
41194172,-1,1
41196176,-1,1
41198176,-1,1
41200172,-1,1
41202176,-1,1
41204176,-1,1
41206172,-1,1
41208176,-1,1
41210176,-1,1
41212172,-1,1
41214176,-1,1
41216172,-1,1
41218176,-1,1
41220172,-1,1
41222172,-1,1
41224172,-1,1
41226172,-1,1
41228176,-1,1
41230176,-1,1
41232172,-1,1
41234172,-1,1
41236176,-1,1
41238172,-1,1
41240176,-1,1
41242176,-1,1
41244172,-1,1
41246172,-1,1
41248176,-1,1
41250172,-1,1
41252172,-1,1
41254176,-1,1
41256172,-1,1
41258176,-1,1
41260172,-1,1
41262172,-1,1
41264176,-1,1
41266180,-1,1
41268172,-1,1
41270176,-1,1
41272172,-1,1
41274172,-1,1
41276176,-1,1
41278172,-1,1
41280176,-1,1
41282176,-1,1
41284172,-1,1
41286172,-1,1
41288176,-1,1
41290176,-1,1
41292176,-1,1
41294172,-1,1
41296172,-1,1
41298172,-1,1
41300172,-1,1
41302176,-1,1
41304176,-1,1
41306172,-1,1
41308180,-1,1
41310172,-1,1
41312176,-1,1
41314176,-1,1
41316172,-1,1
41318172,-1,1
41320172,-1,1
41322172,-1,1
41324176,-1,1
41326176,-1,1
41328172,-1,1
41330172,-1,1
41332176,-1,1
41334176,-1,1
41336172,-1,1
41338176,-1,1
41340172,-1,1
41342176,-1,1
41344172,-1,1
41346172,-1,1
41348176,-1,1
41350176,-1,1
41352176,-1,1
41354172,-1,1
41356176,-1,1
41358172,-1,1
41360176,-1,1
41362176,-1,1
41364172,-1,1
41366176,-1,1
41368172,-1,1
41370176,-1,1
41372176,-1,1
41374176,-1,1
41376172,-1,1
41378172,-1,1
41380176,-1,1
41382176,-1,1
41384172,-1,1
41386172,-1,1
41388176,-1,1
41390172,-1,1
41392172,-1,1
41394172,-1,1
41396176,-1,1
41398172,-1,1
41400172,-1,1
41402176,-1,1
41404172,-1,1
41406176,-1,1
41408172,-1,1
41410172,-1,1
41412176,-1,1
41414176,-1,1
41416172,-1,1
41418176,-1,1
41420172,-1,1
41422176,-1,1
41424172,-1,1
41426172,-1,1
41428176,-1,1
41430172,-1,1
41432176,-1,1
41434172,-1,1
41436180,-1,1
41438176,-1,1
41440172,-1,1
41442176,-1,1
41444172,-1,1
41446172,-1,1
41448172,-1,1
41450172,-1,1
41452176,-1,1
41454172,-1,1
41456176,-1,1
41458176,-1,1
41460172,-1,1
41462176,-1,1
41464172,-1,1
41466172,-1,1
41468176,-1,1
41470172,-1,1
41472172,-1,1
41474172,-1,1
41476172,-1,1
41478172,-1,1
41480172,-1,1
41482172,-1,1
41484176,-1,1
41486172,-1,1
41488172,-1,1
41490176,-1,1
41492176,-1,1
41494172,-1,1
41496176,-1,1
41498172,-1,1
41500172,-1,1
41502176,-1,1
41504172,-1,1
41506172,-1,1
41508176,-1,1
41510172,-1,1
41512176,-1,1
41514172,-1,1
41516176,-1,1
41518172,-1,1
41520176,-1,1
41522180,-1,1
41524172,-1,1
41526176,-1,1
41528172,-1,1
41530176,-1,1
41532172,-1,1
41534176,-1,1
41536172,-1,1
41538172,-1,1
41540176,-1,1
41542172,-1,1
41544176,-1,1
41546172,-1,1
41548176,-1,1
41550172,-1,1
41552176,-1,1
41554172,-1,1
41556176,-1,1
41558172,-1,1
41560176,-1,1
41562172,-1,1
41564180,-1,1
41566172,-1,1
41568176,-1,1
41570172,-1,1
41572176,-1,1
41574172,-1,1
41576172,-1,1
41578172,-1,1
41580172,-1,1
41582172,-1,1
41584176,-1,1
41586172,-1,1
41588172,-1,1
41590176,-1,1
41592172,-1,1
41594176,-1,1
41596176,-1,1
41598172,-1,1
41600176,-1,1
41602176,-1,1
41604176,-1,1
41606172,-1,1
41608176,-1,1
41610172,-1,1
41612172,-1,1
41614176,-1,1
41616172,-1,1
41618176,-1,1
41620172,-1,1
41622172,-1,1
41624176,-1,1
41626176,-1,1
41628176,-1,1
41630176,-1,1
41632172,-1,1
41634172,-1,1
41636176,-1,1
41638176,-1,1
41640176,-1,1
41642172,-1,1
41644172,-1,1
41646176,-1,1
41648176,-1,1
41650176,-1,1
41652172,-1,1
41654172,-1,1
41656176,-1,1
41658176,-1,1
41660172,-1,1
41662176,-1,1
41664176,-1,1
41666172,-1,1
41668172,-1,1
41670176,-1,1
41672172,-1,1
41674172,-1,1
41676176,-1,1
41678172,-1,1
41680176,-1,1
41682176,-1,1
41684176,-1,1
41686172,-1,1
41688176,-1,1
41690176,-1,1
41692180,-1,1
41694172,-1,1
41696176,-1,1
41698176,-1,1
41700172,-1,1
41702172,-1,1
41704176,-1,1
41706172,-1,1
41708176,-1,1
41710176,-1,1
41712172,-1,1
41714176,-1,1
41716172,-1,1
41718176,-1,1
41720176,-1,1
41722172,-1,1
41724176,-1,1
41726172,-1,1
41728176,-1,1
41730172,-1,1
41732172,-1,1
41734176,-1,1
41736176,-1,1
41738172,-1,1
41740176,-1,1
41742176,-1,1
41744172,-1,1
41746176,-1,1
41748176,-1,1
41750172,-1,1
41752172,-1,1
41754176,-1,1
41756172,-1,1
41758172,-1,1
41760172,-1,1
41762172,-1,1
41764176,-1,1
41766176,-1,1
41768176,-1,1
41770176,-1,1
41772176,-1,1
41774172,-1,1
41776176,-1,1
41778176,-1,1
41780172,-1,1
41782172,-1,1
41784176,-1,1
41786176,-1,1
41788176,-1,1
41790172,-1,1
41792176,-1,1
41794176,-1,1
41796176,-1,1
41798172,-1,1
41800176,-1,1
41802176,-1,1
41804176,-1,1
41806172,-1,1
41808176,-1,1
41810176,-1,1
41812172,-1,1
41814172,-1,1
41816176,-1,1
41818172,-1,1
41820180,-1,1
41822176,-1,1
41824172,-1,1
41826172,-1,1
41828176,-1,1
41830172,-1,1
41832176,-1,1
41834172,-1,1
41836172,-1,1
41838176,-1,1
41840172,-1,1
41842176,-1,1
41844172,-1,1
41846172,-1,1
41848176,-1,1
41850172,-1,1
41852176,-1,1
41854172,-1,1
41856172,-1,1
41858172,-1,1
41860176,-1,1
41862172,-1,1
41864172,-1,1
41866172,-1,1
41868176,-1,1
41870172,-1,1
41872176,-1,1
41874176,-1,1
41876172,-1,1
41878176,-1,1
41880176,-1,1
41882172,-1,1
41884172,-1,1
41886176,-1,1
41888172,-1,1
41890172,-1,1
41892176,-1,1
41894172,-1,1
41896176,-1,1
41898172,-1,1
41900176,-1,1
41902172,-1,1
41904176,-1,1
41906180,-1,1
41908176,-1,1
41910172,-1,1
41912176,-1,1
41914172,-1,1
41916176,-1,1
41918176,-1,1
41920172,-1,1
41922176,-1,1
41924172,-1,1
41926172,-1,1
41928172,-1,1
41930172,-1,1
41932172,-1,1
41934176,-1,1
41936172,-1,1
41938176,-1,1
41940172,-1,1
41942176,-1,1
41944172,-1,1
41946172,-1,1
41948180,-1,1
41950172,-1,1
41952172,-1,1
41954176,-1,1
41956176,-1,1
41958176,-1,1
41960172,-1,1
41962172,-1,1
41964176,-1,1
41966176,-1,1
41968176,-1,1
41970176,-1,1
41972172,-1,1
41974172,-1,1
41976176,-1,1
41978172,-1,1
41980172,-1,1
41982176,-1,1
41984172,-1,1
41986172,-1,1
41988176,-1,1
41990176,-1,1
41992176,-1,1
41994172,-1,1
41996176,-1,1
41998176,-1,1
42000176,-1,1
42002176,-1,1
42004176,-1,1
42006176,-1,1
42008176,-1,1
42010176,-1,1
42012176,-1,1
42014176,-1,1
42016176,-1,1
42018176,-1,1
42020176,-1,1
42022176,-1,1
42024176,-1,1
42026176,-1,1
42028172,-1,1
42030172,-1,1
42032172,-1,1
42034180,-1,1
42036172,-1,1
42038172,-1,1
42040172,-1,1
42042172,-1,1
42044172,-1,1
42046176,-1,1
42048176,-1,1
42050176,-1,1
42052176,-1,1
42054176,-1,1
42056176,-1,1
42058176,-1,1
42060172,-1,1
42062176,-1,1
42064176,-1,1
42066176,-1,1
42068172,-1,1
42070172,-1,1
42072176,-1,1
42074176,-1,1
42076180,-1,1
42078176,-1,1
42080172,-1,1
42082172,-1,1
42084172,-1,1
42086172,-1,1
42088176,-1,1
42090176,-1,1
42092176,-1,1
42094176,-1,1
42096172,-1,1
42098172,-1,1
42100172,-1,1
42102176,-1,1
42104176,-1,1
42106172,-1,1
42108176,-1,1
42110176,-1,1
42112172,-1,1
42114176,-1,1
42116172,-1,1
42118172,-1,1
42120176,-1,1
42122172,-1,1
42124172,-1,1
42126172,-1,1
42128176,-1,1
42130176,-1,1
42132176,-1,1
42134172,-1,1
42136172,-1,1
42138176,-1,1
42140176,-1,1
42142176,-1,1
42144172,-1,1
42146172,-1,1
42148176,-1,1
42150176,-1,1
42152172,-1,1
42154172,-1,1
42156176,-1,1
42158172,-1,1
42160172,-1,1
42162172,-1,1
42164176,-1,1
42166176,-1,1
42168172,-1,1
42170172,-1,1
42172176,-1,1
42174176,-1,1
42176172,-1,1
42178176,-1,1
42180176,-1,1
42182172,-1,1
42184176,-1,1
42186176,-1,1
42188176,-1,1
42190172,-1,1
42192172,-1,1
42194172,-1,1
42196172,-1,1
42198176,-1,1
42200176,-1,1
42202172,-1,1
42204180,-1,1
42206176,-1,1
42208172,-1,1
42210176,-1,1
42212176,-1,1
42214172,-1,1
42216172,-1,1
42218176,-1,1
42220172,-1,1
42222172,-1,1
42224176,-1,1
42226176,-1,1
42228172,-1,1
42230176,-1,1
42232172,-1,1
42234176,-1,1
42236172,-1,1
42238172,-1,1
42240172,-1,1
42242176,-1,1
42244176,-1,1
42246176,-1,1
42248176,-1,1
42250176,-1,1
42252176,-1,1
42254176,-1,1
42256172,-1,1
42258172,-1,1
42260172,-1,1
42262176,-1,1
42264176,-1,1
42266176,-1,1
42268172,-1,1
42270172,-1,1
42272176,-1,1
42274172,-1,1
42276176,-1,1
42278176,-1,1
42280176,-1,1
42282176,-1,1
42284176,-1,1
42286172,-1,1
42288172,-1,1
42290180,-1,1
42292172,-1,1
42294172,-1,1
42296172,-1,1
42298172,-1,1
42300176,-1,1
42302176,-1,1
42304176,-1,1
42306176,-1,1
42308172,-1,1
42310172,-1,1
42312176,-1,1
42314176,-1,1
42316176,-1,1
42318172,-1,1
42320172,-1,1
42322172,-1,1
42324176,-1,1
42326176,-1,1
42328172,-1,1
42330172,-1,1
42332180,-1,1
42334172,-1,1
42336176,-1,1
42338176,-1,1
42340172,-1,1
42342172,-1,1
42344176,-1,1
42346172,-1,1
42348172,-1,1
42350176,-1,1
42352172,-1,1
42354172,-1,1
42356176,-1,1
42358176,-1,1
42360172,-1,1
42362176,-1,1
42364176,-1,1
42366172,-1,1
42368176,-1,1
42370176,-1,1
42372176,-1,1
42374172,-1,1
42376172,-1,1
42378172,-1,1
42380176,-1,1
42382172,-1,1
42384176,-1,1
42386176,-1,1
42388172,-1,1
42390172,-1,1
42392172,-1,1
42394176,-1,1
42396176,-1,1
42398172,-1,1
42400172,-1,1
42402172,-1,1
42404172,-1,1
42406172,-1,1
42408176,-1,1
42410176,-1,1
42412172,-1,1
42414172,-1,1
42416172,-1,1
42418172,-1,1
42420172,-1,1
42422176,-1,1
42424176,-1,1
42426172,-1,1
42428176,-1,1
42430176,-1,1
42432172,-1,1
42434172,-1,1
42436176,-1,1
42438176,-1,1
42440172,-1,1
42442172,-1,1
42444172,-1,1
42446176,-1,1
42448176,-1,1
42450176,-1,1
42452172,-1,1
42454172,-1,1
42456176,-1,1
42458172,-1,1
42460180,-1,1
42462172,-1,1
42464172,-1,1
42466176,-1,1
42468176,-1,1
42470172,-1,1
42472176,-1,1
42474176,-1,1
42476172,-1,1
42478176,-1,1
42480172,-1,1
42482172,-1,1
42484176,-1,1
42486176,-1,1
42488172,-1,1
42490176,-1,1
42492172,-1,1
42494172,-1,1
42496172,-1,1
42498176,-1,1
42500176,-1,1
42502172,-1,1
42504176,-1,1
42506172,-1,1
42508176,-1,1
42510176,-1,1
42512172,-1,1
42514172,-1,1
42516176,-1,1
42518172,-1,1
42520176,-1,1
42522176,-1,1
42524176,-1,1
42526172,-1,1
42528176,-1,1
42530176,-1,1
42532176,-1,1
42534172,-1,1
42536176,-1,1
42538172,-1,1
42540172,-1,1
42542176,-1,1
42544172,-1,1
42546172,-1,1
42548176,-1,1
42550176,-1,1
42552172,-1,1
42554176,-1,1
42556172,-1,1
42558176,-1,1
42560172,-1,1
42562172,-1,1
42564176,-1,1
42566176,-1,1
42568172,-1,1
42570172,-1,1
42572176,-1,1
42574172,-1,1
42576172,-1,1
42578176,-1,1
42580172,-1,1
42582172,-1,1
42584176,-1,1
42586172,-1,1
42588180,-1,1
42590176,-1,1
42592172,-1,1
42594176,-1,1
42596172,-1,1
42598176,-1,1
42600172,-1,1
42602172,-1,1
42604172,-1,1
42606172,-1,1
42608172,-1,1
42610172,-1,1
42612172,-1,1
42614172,-1,1
42616172,-1,1
42618172,-1,1
42620176,-1,1
42622176,-1,1
42624176,-1,1
42626176,-1,1
42628176,-1,1
42630176,-1,1
42632176,-1,1
42634176,-1,1
42636176,-1,1
42638172,-1,1
42640172,-1,1
42642172,-1,1
42644172,-1,1
42646172,-1,1
42648176,-1,1
42650176,-1,1
42652176,-1,1
42654176,-1,1
42656172,-1,1
42658172,-1,1
42660172,-1,1
42662172,-1,1
42664176,-1,1
42666176,-1,1
42668172,-1,1
42670172,-1,1
42672172,-1,1
42674172,-1,1
42676172,-1,1
42678176,-1,1
42680176,-1,1
42682172,-1,1
42684172,-1,1
42686176,-1,1
42688176,-1,1
42690176,-1,1
42692172,-1,1
42694172,-1,1
42696176,-1,1
42698176,-1,1
42700172,-1,1
42702176,-1,1
42704176,-1,1
42706176,-1,1
42708172,-1,1
42710172,-1,1
42712176,-1,1
42714172,-1,1
42716180,-1,1
42718172,-1,1
42720176,-1,1
42722176,-1,1
42724172,-1,1
42726172,-1,1
42728176,-1,1
42730176,-1,1
42732172,-1,1
42734172,-1,1
42736176,-1,1
42738176,-1,1
42740172,-1,1
42742176,-1,1
42744176,-1,1
42746172,-1,1
42748176,-1,1
42750172,-1,1
42752176,-1,1
42754176,-1,1
42756176,-1,1
42758172,-1,1
42760172,-1,1
42762172,-1,1
42764176,-1,1
42766176,-1,1
42768172,-1,1
42770172,-1,1
42772172,-1,1
42774176,-1,1
42776172,-1,1
42778172,-1,1
42780176,-1,1
42782176,-1,1
42784172,-1,1
42786172,-1,1
42788176,-1,1
42790176,-1,1
42792172,-1,1
42794176,-1,1
42796172,-1,1
42798176,-1,1
42800172,-1,1
42802172,-1,1
42804172,-1,1
42806172,-1,1
42808176,-1,1
42810176,-1,1
42812176,-1,1
42814172,-1,1
42816172,-1,1
42818172,-1,1
42820176,-1,1
42822176,-1,1
42824172,-1,1
42826172,-1,1
42828176,-1,1
42830172,-1,1
42832172,-1,1
42834176,-1,1
42836176,-1,1
42838172,-1,1
42840176,-1,1
42842172,-1,1
42844180,-1,1
42846172,-1,1
42848176,-1,1
42850176,-1,1
42852172,-1,1
42854172,-1,1
42856176,-1,1
42858172,-1,1
42860176,-1,1
42862176,-1,1
42864172,-1,1
42866176,-1,1
42868176,-1,1
42870172,-1,1
42872176,-1,1
42874172,-1,1
42876176,-1,1
42878172,-1,1
42880176,-1,1
42882176,-1,1
42884172,-1,1
42886172,-1,1
42888172,-1,1
42890172,-1,1
42892172,-1,1
42894176,-1,1
42896172,-1,1
42898172,-1,1
42900172,-1,1
42902176,-1,1
42904172,-1,1
42906176,-1,1
42908176,-1,1
42910172,-1,1
42912176,-1,1
42914176,-1,1
42916172,-1,1
42918172,-1,1
42920176,-1,1
42922172,-1,1
42924176,-1,1
42926172,-1,1
42928172,-1,1
42930180,-1,1
42932172,-1,1
42934172,-1,1
42936176,-1,1
42938172,-1,1
42940172,-1,1
42942176,-1,1
42944172,-1,1
42946172,-1,1
42948176,-1,1
42950176,-1,1
42952172,-1,1
42954176,-1,1
42956172,-1,1
42958176,-1,1
42960172,-1,1
42962172,-1,1
42964172,-1,1
42966176,-1,1
42968172,-1,1
42970176,-1,1
42972180,-1,1
42974176,-1,1
42976172,-1,1
42978176,-1,1
42980176,-1,1
42982172,-1,1
42984176,-1,1
42986172,-1,1
42988176,-1,1
42990172,-1,1
42992176,-1,1
42994176,-1,1
42996172,-1,1
42998176,-1,1
43000176,-1,1
43002172,-1,1
43004176,-1,1
43006172,-1,1
43008172,-1,1
43010176,-1,1
43012176,-1,1
43014172,-1,1
43016176,-1,1
43018176,-1,1
43020172,-1,1
43022172,-1,1
43024176,-1,1
43026176,-1,1
43028176,-1,1
43030172,-1,1
43032176,-1,1
43034176,-1,1
43036172,-1,1
43038172,-1,1
43040176,-1,1
43042176,-1,1
43044176,-1,1
43046176,-1,1
43048172,-1,1
43050176,-1,1
43052176,-1,1
43054172,-1,1
43056172,-1,1
43058172,-1,1
43060176,-1,1
43062176,-1,1
43064176,-1,1
43066172,-1,1
43068176,-1,1
43070176,-1,1
43072172,-1,1
43074172,-1,1
43076176,-1,1
43078172,-1,1
43080176,-1,1
43082176,-1,1
43084172,-1,1
43086176,-1,1
43088176,-1,1
43090172,-1,1
43092172,-1,1
43094176,-1,1
43096172,-1,1
43098172,-1,1
43100180,-1,1
43102176,-1,1
43104172,-1,1
43106172,-1,1
43108176,-1,1
43110172,-1,1
43112176,-1,1
43114172,-1,1
43116176,-1,1
43118176,-1,1
43120172,-1,1
43122176,-1,1
43124172,-1,1
43126172,-1,1
43128176,-1,1
43130172,-1,1
43132176,-1,1
43134172,-1,1
43136176,-1,1
43138176,-1,1
43140172,-1,1
43142176,-1,1
43144176,-1,1
43146176,-1,1
43148172,-1,1
43150176,-1,1
43152172,-1,1
43154176,-1,1
43156172,-1,1
43158176,-1,1
43160172,-1,1
43162176,-1,1
43164172,-1,1
43166172,-1,1
43168172,-1,1
43170172,-1,1
43172176,-1,1
43174172,-1,1
43176176,-1,1
43178172,-1,1
43180176,-1,1
43182172,-1,1
43184176,-1,1
43186180,-1,1
43188172,-1,1
43190176,-1,1
43192176,-1,1
43194172,-1,1
43196176,-1,1
43198172,-1,1
43200176,-1,1
43202172,-1,1
43204172,-1,1
43206176,-1,1
43208172,-1,1
43210172,-1,1
43212176,-1,1
43214172,-1,1
43216172,-1,1
43218176,-1,1
43220176,-1,1
43222172,-1,1
43224176,-1,1
43226176,-1,1
43228180,-1,1
43230176,-1,1
43232172,-1,1
43234176,-1,1
43236176,-1,1
43238172,-1,1
43240176,-1,1
43242172,-1,1
43244176,-1,1
43246176,-1,1
43248172,-1,1
43250176,-1,1
43252172,-1,1
43254176,-1,1
43256176,-1,1
43258176,-1,1
43260172,-1,1
43262172,-1,1
43264176,-1,1
43266176,-1,1
43268176,-1,1
43270176,-1,1
43272176,-1,1
43274176,-1,1
43276172,-1,1
43278172,-1,1
43280176,-1,1
43282176,-1,1
43284176,-1,1
43286176,-1,1
43288172,-1,1
43290172,-1,1
43292172,-1,1
43294176,-1,1
43296172,-1,1
43298172,-1,1
43300172,-1,1
43302176,-1,1
43304176,-1,1
43306172,-1,1
43308176,-1,1
43310172,-1,1
43312172,-1,1
43314172,-1,1
43316176,-1,1
43318172,-1,1
43320172,-1,1
43322176,-1,1
43324172,-1,1
43326172,-1,1
43328176,-1,1
43330176,-1,1
43332172,-1,1
43334176,-1,1
43336172,-1,1
43338172,-1,1
43340176,-1,1
43342172,-1,1
43344172,-1,1
43346176,-1,1
43348176,-1,1
43350172,-1,1
43352176,-1,1
43354172,-1,1
43356180,-1,1
43358176,-1,1
43360172,-1,1
43362172,-1,1
43364176,-1,1
43366176,-1,1
43368172,-1,1
43370176,-1,1
43372172,-1,1
43374176,-1,1
43376176,-1,1
43378172,-1,1
43380176,-1,1
43382176,-1,1
43384172,-1,1
43386176,-1,1
43388172,-1,1
43390176,-1,1
43392172,-1,1
43394176,-1,1
43396172,-1,1
43398172,-1,1
43400176,-1,1
43402176,-1,1
43404172,-1,1
43406176,-1,1
43408172,-1,1
43410176,-1,1
43412172,-1,1
43414176,-1,1
43416172,-1,1
43418176,-1,1
43420176,-1,1
43422176,-1,1
43424172,-1,1
43426172,-1,1
43428176,-1,1
43430176,-1,1
43432172,-1,1
43434176,-1,1
43436176,-1,1
43438172,-1,1
43440176,-1,1
43442172,-1,1
43444176,-1,1
43446176,-1,1
43448172,-1,1
43450176,-1,1
43452176,-1,1
43454172,-1,1
43456176,-1,1
43458176,-1,1
43460172,-1,1
43462176,-1,1
43464176,-1,1
43466172,-1,1
43468176,-1,1
43470172,-1,1
43472172,-1,1
43474176,-1,1
43476172,-1,1
43478176,-1,1
43480172,-1,1
43482172,-1,1
43484180,-1,1
43486176,-1,1
43488172,-1,1
43490176,-1,1
43492172,-1,1
43494172,-1,1
43496172,-1,1
43498176,-1,1
43500172,-1,1
43502176,-1,1
43504172,-1,1
43506176,-1,1
43508172,-1,1
43510176,-1,1
43512172,-1,1
43514176,-1,1
43516172,-1,1
43518172,-1,1
43520176,-1,1
43522176,-1,1
43524176,-1,1
43526176,-1,1
43528176,-1,1
43530176,-1,1
43532176,-1,1
43534172,-1,1
43536172,-1,1
43538172,-1,1
43540176,-1,1
43542176,-1,1
43544172,-1,1
43546172,-1,1
43548176,-1,1
43550176,-1,1
43552172,-1,1
43554172,-1,1
43556176,-1,1
43558176,-1,1
43560172,-1,1
43562172,-1,1
43564176,-1,1
43566172,-1,1
43568172,-1,1
43570172,-1,1
43572176,-1,1
43574172,-1,1
43576172,-1,1
43578176,-1,1
43580172,-1,1
43582176,-1,1
43584176,-1,1
43586176,-1,1
43588172,-1,1
43590172,-1,1
43592176,-1,1
43594176,-1,1
43596172,-1,1
43598176,-1,1
43600176,-1,1
43602172,-1,1
43604172,-1,1
43606172,-1,1
43608176,-1,1
43610176,-1,1
43612180,-1,1
43614176,-1,1
43616172,-1,1
43618176,-1,1
43620176,-1,1
43622172,-1,1
43624176,-1,1
43626176,-1,1
43628176,-1,1
43630172,-1,1
43632172,-1,1
43634176,-1,1
43636176,-1,1
43638172,-1,1
43640172,-1,1
43642176,-1,1
43644172,-1,1
43646172,-1,1
43648176,-1,1
43650176,-1,1
43652176,-1,1
43654172,-1,1
43656172,-1,1
43658172,-1,1
43660176,-1,1
43662172,-1,1
43664176,-1,1
43666176,-1,1
43668176,-1,1
43670172,-1,1
43672176,-1,1
43674176,-1,1
43676172,-1,1
43678172,-1,1
43680176,-1,1
43682176,-1,1
43684172,-1,1
43686172,-1,1
43688176,-1,1
43690176,-1,1
43692172,-1,1
43694172,-1,1
43696176,-1,1
43698176,-1,1
43700172,-1,1
43702172,-1,1
43704176,-1,1
43706172,-1,1
43708176,-1,1
43710172,-1,1
43712176,-1,1
43714176,-1,1
43716172,-1,1
43718176,-1,1
43720172,-1,1
43722176,-1,1
43724172,-1,1
43726176,-1,1
43728172,-1,1
43730172,-1,1
43732176,-1,1
43734172,-1,1
43736176,-1,1
43738172,-1,1
43740180,-1,1
43742176,-1,1
43744172,-1,1
43746176,-1,1
43748172,-1,1
43750172,-1,1
43752176,-1,1
43754172,-1,1
43756176,-1,1
43758172,-1,1
43760176,-1,1
43762176,-1,1
43764172,-1,1
43766176,-1,1
43768172,-1,1
43770176,-1,1
43772172,-1,1
43774176,-1,1
43776172,-1,1
43778176,-1,1
43780176,-1,1
43782172,-1,1
43784172,-1,1
43786176,-1,1
43788172,-1,1
43790176,-1,1
43792172,-1,1
43794172,-1,1
43796176,-1,1
43798172,-1,1
43800176,-1,1
43802172,-1,1
43804176,-1,1
43806172,-1,1
43808176,-1,1
43810172,-1,1
43812176,-1,1
43814176,-1,1
43816176,-1,1
43818172,-1,1
43820176,-1,1
43822172,-1,1
43824172,-1,1
43826172,-1,1
43828172,-1,1
43830172,-1,1
43832176,-1,1
43834172,-1,1
43836176,-1,1
43838176,-1,1
43840172,-1,1
43842176,-1,1
43844176,-1,1
43846172,-1,1
43848176,-1,1
43850176,-1,1
43852172,-1,1
43854176,-1,1
43856176,-1,1
43858172,-1,1
43860176,-1,1
43862176,-1,1
43864172,-1,1
43866176,-1,1
43868180,-1,1
43870172,-1,1
43872176,-1,1
43874172,-1,1
43876176,-1,1
43878176,-1,1
43880176,-1,1
43882172,-1,1
43884172,-1,1
43886176,-1,1
43888172,-1,1
43890176,-1,1
43892172,-1,1
43894176,-1,1
43896172,-1,1
43898176,-1,1
43900176,-1,1
43902172,-1,1
43904172,-1,1
43906172,-1,1
43908176,-1,1
43910172,-1,1
43912172,-1,1
43914176,-1,1
43916172,-1,1
43918176,-1,1
43920172,-1,1
43922172,-1,1
43924176,-1,1
43926172,-1,1
43928176,-1,1
43930172,-1,1
43932172,-1,1
43934176,-1,1
43936172,-1,1
43938172,-1,1
43940176,-1,1
43942172,-1,1
43944176,-1,1
43946172,-1,1
43948176,-1,1
43950172,-1,1
43952172,-1,1
43954172,-1,1
43956176,-1,1
43958172,-1,1
43960176,-1,1
43962172,-1,1
43964176,-1,1
43966172,-1,1
43968176,-1,1
43970172,-1,1
43972176,-1,1
43974172,-1,1
43976172,-1,1
43978172,-1,1
43980172,-1,1
43982176,-1,1
43984172,-1,1
43986176,-1,1
43988172,-1,1
43990172,-1,1
43992176,-1,1
43994172,-1,1
43996180,-1,1
43998172,-1,1
44000176,-1,1
44002176,-1,1
44004172,-1,1
44006176,-1,1
44008172,-1,1
44010172,-1,1
44012176,-1,1
44014172,-1,1
44016176,-1,1
44018172,-1,1
44020176,-1,1
44022172,-1,1
44024176,-1,1
44026172,-1,1
44028176,-1,1
44030172,-1,1
44032172,-1,1
44034172,-1,1
44036172,-1,1
44038172,-1,1
44040172,-1,1
44042172,-1,1
44044176,-1,1
44046176,-1,1
44048172,-1,1
44050172,-1,1
44052176,-1,1
44054176,-1,1
44056172,-1,1
44058176,-1,1
44060176,-1,1
44062172,-1,1
44064176,-1,1
44066176,-1,1
44068172,-1,1
44070176,-1,1
44072172,-1,1
44074176,-1,1
44076172,-1,1
44078172,-1,1
44080176,-1,1
44082176,-1,1
44084172,-1,1
44086172,-1,1
44088172,-1,1
44090176,-1,1
44092172,-1,1
44094172,-1,1
44096176,-1,1
44098176,-1,1
44100172,-1,1
44102176,-1,1
44104172,-1,1
44106172,-1,1
44108176,-1,1
44110172,-1,1
44112176,-1,1
44114172,-1,1
44116176,-1,1
44118172,-1,1
44120176,-1,1
44122172,-1,1
44124180,-1,1
44126176,-1,1
44128172,-1,1
44130176,-1,1
44132172,-1,1
44134176,-1,1
44136176,-1,1
44138176,-1,1
44140172,-1,1
44142176,-1,1
44144172,-1,1
44146176,-1,1
44148172,-1,1
44150176,-1,1
44152176,-1,1
44154172,-1,1
44156176,-1,1
44158172,-1,1
44160172,-1,1
44162172,-1,1
44164172,-1,1
44166176,-1,1
44168176,-1,1
44170176,-1,1
44172172,-1,1
44174176,-1,1
44176172,-1,1
44178172,-1,1
44180176,-1,1
44182172,-1,1
44184176,-1,1
44186172,-1,1
44188172,-1,1
44190176,-1,1
44192172,-1,1
44194176,-1,1
44196172,-1,1
44198172,-1,1
44200172,-1,1
44202172,-1,1
44204176,-1,1
44206172,-1,1
44208176,-1,1
44210180,-1,1
44212172,-1,1
44214176,-1,1
44216172,-1,1
44218172,-1,1
44220176,-1,1
44222172,-1,1
44224176,-1,1
44226172,-1,1
44228176,-1,1
44230172,-1,1
44232176,-1,1
44234172,-1,1
44236172,-1,1
44238176,-1,1
44240172,-1,1
44242172,-1,1
44244172,-1,1
44246172,-1,1
44248176,-1,1
44250176,-1,1
44252180,-1,1
44254176,-1,1
44256172,-1,1
44258176,-1,1
44260176,-1,1
44262176,-1,1
44264172,-1,1
44266176,-1,1
44268172,-1,1
44270172,-1,1
44272176,-1,1
44274172,-1,1
44276176,-1,1
44278176,-1,1
44280172,-1,1
44282176,-1,1
44284172,-1,1
44286176,-1,1
44288172,-1,1
44290172,-1,1
44292172,-1,1
44294172,-1,1
44296176,-1,1
44298176,-1,1
44300172,-1,1
44302176,-1,1
44304172,-1,1
44306172,-1,1
44308176,-1,1
44310172,-1,1
44312176,-1,1
44314172,-1,1
44316176,-1,1
44318172,-1,1
44320176,-1,1
44322176,-1,1
44324172,-1,1
44326172,-1,1
44328176,-1,1
44330172,-1,1
44332176,-1,1
44334172,-1,1
44336172,-1,1
44338172,-1,1
44340176,-1,1
44342172,-1,1
44344176,-1,1
44346176,-1,1
44348172,-1,1
44350176,-1,1
44352172,-1,1
44354176,-1,1
44356172,-1,1
44358172,-1,1
44360172,-1,1
44362172,-1,1
44364176,-1,1
44366172,-1,1
44368176,-1,1
44370176,-1,1
44372172,-1,1
44374176,-1,1
44376280,0,0
44378280,0,0
44380288,0,0
44382288,0,0
44384288,0,0
44386288,0,0
44388280,0,0
44390280,0,0
44392280,0,0
44394280,0,0
44396280,0,0
44398280,0,0
44400280,0,0
44402280,0,0
44404280,0,0
44406280,0,0
44408280,0,0
44410280,0,0
44412280,0,0
44414280,0,0
44416280,0,0
44418288,0,0
44420176,-1,1
44422172,-1,1
44424172,-1,1
44426176,-1,1
44428172,-1,1
44430176,-1,1
44432172,-1,1
44434176,-1,1
44436172,-1,1
44438176,-1,1
44440176,-1,1
44442172,-1,1
44444172,-1,1
44446176,-1,1
44448172,-1,1
44450172,-1,1
44452176,-1,1
44454172,-1,1
44456176,-1,1
44458172,-1,1
44460176,-1,1
44462172,-1,1
44464176,-1,1
44466180,-1,1
44468172,-1,1
44470176,-1,1
44472176,-1,1
44474172,-1,1
44476176,-1,1
44478172,-1,1
44480172,-1,1
44482172,-1,1
44484172,-1,1
44486172,-1,1
44488176,-1,1
44490172,-1,1
44492176,-1,1
44494172,-1,1
44496172,-1,1
44498176,-1,1
44500172,-1,1
44502176,-1,1
44504172,-1,1
44506176,-1,1
44508180,-1,1
44510172,-1,1
44512172,-1,1
44514176,-1,1
44516172,-1,1
44518176,-1,1
44520176,-1,1
44522172,-1,1
44524176,-1,1
44526172,-1,1
44528176,-1,1
44530172,-1,1
44532176,-1,1
44534176,-1,1
44536172,-1,1
44538172,-1,1
44540176,-1,1
44542172,-1,1
44544172,-1,1
44546176,-1,1
44548172,-1,1
44550172,-1,1
44552176,-1,1
44554172,-1,1
44556176,-1,1
44558172,-1,1
44560172,-1,1
44562172,-1,1
44564176,-1,1
44566176,-1,1
44568176,-1,1
44570172,-1,1
44572172,-1,1
44574176,-1,1
44576176,-1,1
44578172,-1,1
44580172,-1,1
44582176,-1,1
44584172,-1,1
44586176,-1,1
44588172,-1,1
44590176,-1,1
44592176,-1,1
44594180,-1,1
44596172,-1,1
44598176,-1,1
44600172,-1,1
44602176,-1,1
44604172,-1,1
44606176,-1,1
44608172,-1,1
44610172,-1,1
44612176,-1,1
44614176,-1,1
44616172,-1,1
44618176,-1,1
44620172,-1,1
44622176,-1,1
44624172,-1,1
44626176,-1,1
44628172,-1,1
44630176,-1,1
44632172,-1,1
44634176,-1,1
44636180,-1,1
44638176,-1,1
44640172,-1,1
44642176,-1,1
44644172,-1,1
44646176,-1,1
44648172,-1,1
44650176,-1,1
44652176,-1,1
44654172,-1,1
44656176,-1,1
44658176,-1,1
44660172,-1,1
44662176,-1,1
44664176,-1,1
44666172,-1,1
44668176,-1,1
44670172,-1,1
44672176,-1,1
44674172,-1,1
44676172,-1,1
44678176,-1,1
44680176,-1,1
44682172,-1,1
44684176,-1,1
44686172,-1,1
44688176,-1,1
44690176,-1,1
44692172,-1,1
44694176,-1,1
44696172,-1,1
44698176,-1,1
44700172,-1,1
44702176,-1,1
44704172,-1,1
44706172,-1,1
44708172,-1,1
44710172,-1,1
44712172,-1,1
44714176,-1,1
44716172,-1,1
44718172,-1,1
44720176,-1,1
44722180,-1,1
44724172,-1,1
44726176,-1,1
44728176,-1,1
44730172,-1,1
44732176,-1,1
44734172,-1,1
44736176,-1,1
44738172,-1,1
44740176,-1,1
44742172,-1,1
44744176,-1,1
44746172,-1,1
44748176,-1,1
44750176,-1,1
44752172,-1,1
44754176,-1,1
44756172,-1,1
44758176,-1,1
44760172,-1,1
44762176,-1,1
44764180,-1,1
44766176,-1,1
44768172,-1,1
44770176,-1,1
44772172,-1,1
44774176,-1,1
44776176,-1,1
44778172,-1,1
44780176,-1,1
44782172,-1,1
44784172,-1,1
44786176,-1,1
44788172,-1,1
44790176,-1,1
44792176,-1,1
44794172,-1,1
44796172,-1,1
44798176,-1,1
44800176,-1,1
44802176,-1,1
44804176,-1,1
44806176,-1,1
44808176,-1,1
44810176,-1,1
44812172,-1,1
44814172,-1,1
44816176,-1,1
44818176,-1,1
44820176,-1,1
44822172,-1,1
44824172,-1,1
44826176,-1,1
44828176,-1,1
44830172,-1,1
44832172,-1,1
44834176,-1,1
44836176,-1,1
44838176,-1,1
44840172,-1,1
44842176,-1,1
44844172,-1,1
44846176,-1,1
44848176,-1,1
44850180,-1,1
44852172,-1,1
44854172,-1,1
44856176,-1,1
44858176,-1,1
44860172,-1,1
44862172,-1,1
44864176,-1,1
44866176,-1,1
44868172,-1,1
44870172,-1,1
44872176,-1,1
44874176,-1,1
44876172,-1,1
44878176,-1,1
44880172,-1,1
44882172,-1,1
44884176,-1,1
44886172,-1,1
44888172,-1,1
44890176,-1,1
44892180,-1,1
44894176,-1,1
44896172,-1,1
44898172,-1,1
44900176,-1,1
44902176,-1,1
44904172,-1,1
44906176,-1,1
44908176,-1,1
44910172,-1,1
44912172,-1,1
44914176,-1,1
44916172,-1,1
44918172,-1,1
44920176,-1,1
44922172,-1,1
44924176,-1,1
44926172,-1,1
44928176,-1,1
44930176,-1,1
44932172,-1,1
44934172,-1,1
44936176,-1,1
44938176,-1,1
44940172,-1,1
44942176,-1,1
44944172,-1,1
44946172,-1,1
44948176,-1,1
44950172,-1,1
44952176,-1,1
44954172,-1,1
44956176,-1,1
44958176,-1,1
44960176,-1,1
44962176,-1,1
44964176,-1,1
44966172,-1,1
44968176,-1,1
44970176,-1,1
44972172,-1,1
44974172,-1,1
44976172,-1,1
44978172,-1,1
44980176,-1,1
44982176,-1,1
44984172,-1,1
44986176,-1,1
44988172,-1,1
44990172,-1,1
44992172,-1,1
44994172,-1,1
44996176,-1,1
44998172,-1,1
45000176,-1,1
45002172,-1,1
45004176,-1,1
45006172,-1,1
45008176,-1,1
45010172,-1,1
45012176,-1,1
45014172,-1,1
45016176,-1,1
45018172,-1,1
45020180,-1,1
45022172,-1,1
45024176,-1,1
45026172,-1,1
45028176,-1,1
45030172,-1,1
45032172,-1,1
45034176,-1,1
45036172,-1,1
45038176,-1,1
45040172,-1,1
45042176,-1,1
45044176,-1,1
45046172,-1,1
45048176,-1,1
45050176,-1,1
45052172,-1,1
45054172,-1,1
45056176,-1,1
45058176,-1,1
45060176,-1,1
45062176,-1,1
45064176,-1,1
45066176,-1,1
45068176,-1,1
45070172,-1,1
45072172,-1,1
45074172,-1,1
45076176,-1,1
45078176,-1,1
45080172,-1,1
45082172,-1,1
45084172,-1,1
45086176,-1,1
45088176,-1,1
45090172,-1,1
45092172,-1,1
45094176,-1,1
45096172,-1,1
45098172,-1,1
45100176,-1,1
45102172,-1,1
45104176,-1,1
45106172,-1,1
45108176,-1,1
45110172,-1,1
45112176,-1,1
45114176,-1,1
45116176,-1,1
45118176,-1,1
45120172,-1,1
45122172,-1,1
45124176,-1,1
45126176,-1,1
45128172,-1,1
45130172,-1,1
45132176,-1,1
45134172,-1,1
45136176,-1,1
45138176,-1,1
45140172,-1,1
45142172,-1,1
45144176,-1,1
45146172,-1,1
45148180,-1,1
45150172,-1,1
45152176,-1,1
45154176,-1,1
45156172,-1,1
45158176,-1,1
45160172,-1,1
45162176,-1,1
45164176,-1,1
45166172,-1,1
45168176,-1,1
45170176,-1,1
45172172,-1,1
45174176,-1,1
45176172,-1,1
45178176,-1,1
45180172,-1,1
45182176,-1,1
45184172,-1,1
45186172,-1,1
45188172,-1,1
45190176,-1,1
45192176,-1,1
45194172,-1,1
45196176,-1,1
45198172,-1,1
45200176,-1,1
45202176,-1,1
45204172,-1,1
45206176,-1,1
45208172,-1,1
45210176,-1,1
45212176,-1,1
45214172,-1,1
45216176,-1,1
45218172,-1,1
45220172,-1,1
45222176,-1,1
45224176,-1,1
45226172,-1,1
45228172,-1,1
45230176,-1,1
45232172,-1,1
45234180,-1,1
45236172,-1,1
45238176,-1,1
45240172,-1,1
45242172,-1,1
45244176,-1,1
45246172,-1,1
45248172,-1,1
45250176,-1,1
45252172,-1,1
45254172,-1,1
45256176,-1,1
45258172,-1,1
45260176,-1,1
45262172,-1,1
45264172,-1,1
45266176,-1,1
45268176,-1,1
45270172,-1,1
45272176,-1,1
45274172,-1,1
45276180,-1,1
45278172,-1,1
45280176,-1,1
45282172,-1,1
45284172,-1,1
45286176,-1,1
45288172,-1,1
45290172,-1,1
45292176,-1,1
45294176,-1,1
45296172,-1,1
45298176,-1,1
45300172,-1,1
45302176,-1,1
45304172,-1,1
45306172,-1,1
45308176,-1,1
45310172,-1,1
45312176,-1,1
45314176,-1,1
45316172,-1,1
45318176,-1,1
45320176,-1,1
45322176,-1,1
45324172,-1,1
45326176,-1,1
45328176,-1,1
45330172,-1,1
45332176,-1,1
45334176,-1,1
45336176,-1,1
45338172,-1,1
45340172,-1,1
45342176,-1,1
45344176,-1,1
45346176,-1,1
45348172,-1,1
45350176,-1,1
45352172,-1,1
45354176,-1,1
45356172,-1,1
45358176,-1,1
45360176,-1,1
45362176,-1,1
45364172,-1,1
45366172,-1,1
45368176,-1,1
45370172,-1,1
45372176,-1,1
45374172,-1,1
45376176,-1,1
45378172,-1,1
45380176,-1,1
45382172,-1,1
45384176,-1,1
45386172,-1,1
45388176,-1,1
45390176,-1,1
45392172,-1,1
45394176,-1,1
45396172,-1,1
45398176,-1,1
45400172,-1,1
45402176,-1,1
45404180,-1,1
45406172,-1,1
45408176,-1,1
45410172,-1,1
45412176,-1,1
45414172,-1,1
45416176,-1,1
45418172,-1,1
45420172,-1,1
45422176,-1,1
45424172,-1,1
45426176,-1,1
45428172,-1,1
45430176,-1,1
45432172,-1,1
45434172,-1,1
45436176,-1,1
45438172,-1,1
45440172,-1,1
45442176,-1,1
45444176,-1,1
45446172,-1,1
45448172,-1,1
45450176,-1,1
45452172,-1,1
45454176,-1,1
45456172,-1,1
45458176,-1,1
45460172,-1,1
45462176,-1,1
45464172,-1,1
45466176,-1,1
45468176,-1,1
45470172,-1,1
45472176,-1,1
45474176,-1,1
45476172,-1,1
45478172,-1,1
45480176,-1,1
45482172,-1,1
45484176,-1,1
45486172,-1,1
45488176,-1,1
45490172,-1,1
45492176,-1,1
45494172,-1,1
45496176,-1,1
45498172,-1,1
45500176,-1,1
45502172,-1,1
45504172,-1,1
45506172,-1,1
45508172,-1,1
45510172,-1,1
45512172,-1,1
45514176,-1,1
45516172,-1,1
45518176,-1,1
45520172,-1,1
45522176,-1,1
45524172,-1,1
45526176,-1,1
45528172,-1,1
45530176,-1,1
45532180,-1,1
45534176,-1,1
45536172,-1,1
45538176,-1,1
45540172,-1,1
45542176,-1,1
45544176,-1,1
45546172,-1,1
45548172,-1,1
45550176,-1,1
45552172,-1,1
45554176,-1,1
45556172,-1,1
45558176,-1,1
45560172,-1,1
45562176,-1,1
45564176,-1,1
45566172,-1,1
45568172,-1,1
45570172,-1,1
45572172,-1,1
45574176,-1,1
45576176,-1,1
45578172,-1,1
45580176,-1,1
45582172,-1,1
45584176,-1,1
45586172,-1,1
45588176,-1,1
45590172,-1,1
45592176,-1,1
45594172,-1,1
45596176,-1,1
45598176,-1,1
45600176,-1,1
45602176,-1,1
45604172,-1,1
45606172,-1,1
45608176,-1,1
45610172,-1,1
45612176,-1,1
45614172,-1,1
45616172,-1,1
45618172,-1,1
45620176,-1,1
45622172,-1,1
45624176,-1,1
45626172,-1,1
45628176,-1,1
45630172,-1,1
45632176,-1,1
45634176,-1,1
45636172,-1,1
45638176,-1,1
45640172,-1,1
45642176,-1,1
45644172,-1,1
45646176,-1,1
45648172,-1,1
45650172,-1,1
45652176,-1,1
45654172,-1,1
45656176,-1,1
45658172,-1,1
45660180,-1,1
45662172,-1,1
45664176,-1,1
45666172,-1,1
45668176,-1,1
45670172,-1,1
45672172,-1,1
45674172,-1,1
45676176,-1,1
45678172,-1,1
45680176,-1,1
45682172,-1,1
45684176,-1,1
45686172,-1,1
45688176,-1,1
45690172,-1,1
45692176,-1,1
45694172,-1,1
45696172,-1,1
45698172,-1,1
45700176,-1,1
45702172,-1,1
45704176,-1,1
45706176,-1,1
45708176,-1,1
45710172,-1,1
45712172,-1,1
45714172,-1,1
45716176,-1,1
45718172,-1,1
45720172,-1,1
45722176,-1,1
45724172,-1,1
45726176,-1,1
45728172,-1,1
45730172,-1,1
45732172,-1,1
45734172,-1,1
45736172,-1,1
45738176,-1,1
45740172,-1,1
45742172,-1,1
45744176,-1,1
45746180,-1,1
45748176,-1,1
45750172,-1,1
45752176,-1,1
45754176,-1,1
45756172,-1,1
45758172,-1,1
45760176,-1,1
45762172,-1,1
45764176,-1,1
45766172,-1,1
45768176,-1,1
45770172,-1,1
45772172,-1,1
45774176,-1,1
45776172,-1,1
45778176,-1,1
45780172,-1,1
45782176,-1,1
45784172,-1,1
45786176,-1,1
45788180,-1,1
45790176,-1,1
45792172,-1,1
45794176,-1,1
45796176,-1,1
45798172,-1,1
45800176,-1,1
45802172,-1,1
45804172,-1,1
45806176,-1,1
45808172,-1,1
45810176,-1,1
45812172,-1,1
45814172,-1,1
45816176,-1,1
45818172,-1,1
45820172,-1,1
45822176,-1,1
45824176,-1,1
45826172,-1,1
45828176,-1,1
45830172,-1,1
45832176,-1,1
45834172,-1,1
45836176,-1,1
45838176,-1,1
45840172,-1,1
45842176,-1,1
45844172,-1,1
45846176,-1,1
45848176,-1,1
45850172,-1,1
45852176,-1,1
45854172,-1,1
45856172,-1,1
45858176,-1,1
45860172,-1,1
45862172,-1,1
45864176,-1,1
45866176,-1,1
45868172,-1,1
45870172,-1,1
45872176,-1,1
45874172,-1,1
45876172,-1,1
45878172,-1,1
45880176,-1,1
45882176,-1,1
45884176,-1,1
45886172,-1,1
45888172,-1,1
45890172,-1,1
45892176,-1,1
45894176,-1,1
45896172,-1,1
45898176,-1,1
45900176,-1,1
45902172,-1,1
45904176,-1,1
45906176,-1,1
45908172,-1,1
45910176,-1,1
45912172,-1,1
45914176,-1,1
45916180,-1,1
45918172,-1,1
45920176,-1,1
45922176,-1,1
45924172,-1,1
45926176,-1,1
45928172,-1,1
45930172,-1,1
45932176,-1,1
45934172,-1,1
45936172,-1,1
45938176,-1,1
45940172,-1,1
45942176,-1,1
45944172,-1,1
45946176,-1,1
45948172,-1,1
45950176,-1,1
45952172,-1,1
45954176,-1,1
45956172,-1,1
45958176,-1,1
45960176,-1,1
45962176,-1,1
45964172,-1,1
45966176,-1,1
45968172,-1,1
45970172,-1,1
45972176,-1,1
45974172,-1,1
45976176,-1,1
45978172,-1,1
45980176,-1,1
45982172,-1,1
45984176,-1,1
45986176,-1,1
45988172,-1,1
45990176,-1,1
45992172,-1,1
45994176,-1,1
45996176,-1,1
45998172,-1,1
46000176,-1,1
46002172,-1,1
46004176,-1,1
46006172,-1,1
46008176,-1,1
46010172,-1,1
46012176,-1,1
46014172,-1,1
46016176,-1,1
46018172,-1,1
46020176,-1,1
46022172,-1,1
46024176,-1,1
46026172,-1,1
46028176,-1,1
46030172,-1,1
46032176,-1,1
46034172,-1,1
46036176,-1,1
46038172,-1,1
46040172,-1,1
46042176,-1,1
46044180,-1,1
46046172,-1,1
46048176,-1,1
46050176,-1,1
46052176,-1,1
46054172,-1,1
46056176,-1,1
46058172,-1,1
46060176,-1,1
46062172,-1,1
46064176,-1,1
46066176,-1,1
46068172,-1,1
46070176,-1,1
46072172,-1,1
46074172,-1,1
46076176,-1,1
46078176,-1,1
46080176,-1,1
46082172,-1,1
46084172,-1,1
46086172,-1,1
46088176,-1,1
46090176,-1,1
46092176,-1,1
46094172,-1,1
46096172,-1,1
46098172,-1,1
46100172,-1,1
46102176,-1,1
46104176,-1,1
46106176,-1,1
46108172,-1,1
46110172,-1,1
46112176,-1,1
46114176,-1,1
46116172,-1,1
46118172,-1,1
46120176,-1,1
46122176,-1,1
46124172,-1,1
46126172,-1,1
46128176,-1,1
46130172,-1,1
46132176,-1,1
46134176,-1,1
46136172,-1,1
46138172,-1,1
46140176,-1,1
46142172,-1,1
46144172,-1,1
46146172,-1,1
46148176,-1,1
46150176,-1,1
46152172,-1,1
46154176,-1,1
46156172,-1,1
46158176,-1,1
46160172,-1,1
46162172,-1,1
46164172,-1,1
46166176,-1,1
46168172,-1,1
46170176,-1,1
46172180,-1,1
46174176,-1,1
46176172,-1,1
46178176,-1,1
46180176,-1,1
46182172,-1,1
46184176,-1,1
46186172,-1,1
46188176,-1,1
46190176,-1,1
46192172,-1,1
46194176,-1,1
46196172,-1,1
46198176,-1,1
46200172,-1,1
46202176,-1,1
46204172,-1,1
46206172,-1,1
46208176,-1,1
46210176,-1,1
46212176,-1,1
46214172,-1,1
46216172,-1,1
46218172,-1,1
46220176,-1,1
46222172,-1,1
46224176,-1,1
46226176,-1,1
46228172,-1,1
46230172,-1,1
46232176,-1,1
46234172,-1,1
46236176,-1,1
46238172,-1,1
46240176,-1,1
46242176,-1,1
46244172,-1,1
46246172,-1,1
46248176,-1,1
46250176,-1,1
46252172,-1,1
46254176,-1,1
46256176,-1,1
46258180,-1,1
46260172,-1,1
46262176,-1,1
46264172,-1,1
46266176,-1,1
46268172,-1,1
46270172,-1,1
46272176,-1,1
46274172,-1,1
46276176,-1,1
46278172,-1,1
46280176,-1,1
46282172,-1,1
46284176,-1,1
46286172,-1,1
46288172,-1,1
46290176,-1,1
46292176,-1,1
46294172,-1,1
46296176,-1,1
46298176,-1,1
46300180,-1,1
46302172,-1,1
46304176,-1,1
46306172,-1,1
46308172,-1,1
46310176,-1,1
46312172,-1,1
46314176,-1,1
46316172,-1,1
46318176,-1,1
46320172,-1,1
46322176,-1,1
46324172,-1,1
46326176,-1,1
46328172,-1,1
46330176,-1,1
46332172,-1,1
46334176,-1,1
46336172,-1,1
46338176,-1,1
46340176,-1,1
46342172,-1,1
46344172,-1,1
46346176,-1,1
46348172,-1,1
46350176,-1,1
46352172,-1,1
46354172,-1,1
46356176,-1,1
46358172,-1,1
46360172,-1,1
46362176,-1,1
46364172,-1,1
46366172,-1,1
46368172,-1,1
46370172,-1,1
46372176,-1,1
46374172,-1,1
46376176,-1,1
46378172,-1,1
46380176,-1,1
46382172,-1,1
46384176,-1,1
46386180,-1,1
46388172,-1,1
46390176,-1,1
46392172,-1,1
46394176,-1,1
46396172,-1,1
46398176,-1,1
46400172,-1,1
46402172,-1,1
46404176,-1,1
46406176,-1,1
46408172,-1,1
46410172,-1,1
46412176,-1,1
46414176,-1,1
46416172,-1,1
46418172,-1,1
46420176,-1,1
46422172,-1,1
46424176,-1,1
46426176,-1,1
46428180,-1,1
46430172,-1,1
46432176,-1,1
46434176,-1,1
46436172,-1,1
46438176,-1,1
46440172,-1,1
46442176,-1,1
46444172,-1,1
46446172,-1,1
46448176,-1,1
46450172,-1,1
46452176,-1,1
46454176,-1,1
46456172,-1,1
46458176,-1,1
46460172,-1,1
46462176,-1,1
46464172,-1,1
46466176,-1,1
46468176,-1,1
46470172,-1,1
46472172,-1,1
46474176,-1,1
46476172,-1,1
46478176,-1,1
46480172,-1,1
46482176,-1,1
46484176,-1,1
46486172,-1,1
46488176,-1,1
46490172,-1,1
46492176,-1,1
46494176,-1,1
46496172,-1,1
46498176,-1,1
46500176,-1,1
46502172,-1,1
46504176,-1,1
46506172,-1,1
46508176,-1,1
46510172,-1,1
46512176,-1,1
46514180,-1,1
46516172,-1,1
46518176,-1,1
46520172,-1,1
46522176,-1,1
46524176,-1,1
46526172,-1,1
46528176,-1,1
46530172,-1,1
46532176,-1,1
46534172,-1,1
46536176,-1,1
46538176,-1,1
46540172,-1,1
46542176,-1,1
46544172,-1,1
46546172,-1,1
46548176,-1,1
46550172,-1,1
46552176,-1,1
46554172,-1,1
46556180,-1,1
46558176,-1,1
46560172,-1,1
46562176,-1,1
46564172,-1,1
46566172,-1,1
46568176,-1,1
46570172,-1,1
46572176,-1,1
46574172,-1,1
46576176,-1,1
46578172,-1,1
46580176,-1,1
46582172,-1,1
46584176,-1,1
46586172,-1,1
46588176,-1,1
46590172,-1,1
46592172,-1,1
46594172,-1,1
46596172,-1,1
46598176,-1,1
46600176,-1,1
46602172,-1,1
46604176,-1,1
46606176,-1,1
46608172,-1,1
46610176,-1,1
46612172,-1,1
46614176,-1,1
46616176,-1,1
46618172,-1,1
46620176,-1,1
46622172,-1,1
46624176,-1,1
46626176,-1,1
46628172,-1,1
46630172,-1,1
46632172,-1,1
46634176,-1,1
46636172,-1,1
46638176,-1,1
46640172,-1,1
46642172,-1,1
46644176,-1,1
46646172,-1,1
46648176,-1,1
46650172,-1,1
46652176,-1,1
46654172,-1,1
46656176,-1,1
46658176,-1,1
46660172,-1,1
46662176,-1,1
46664172,-1,1
46666176,-1,1
46668172,-1,1
46670176,-1,1
46672172,-1,1
46674176,-1,1
46676172,-1,1
46678172,-1,1
46680176,-1,1
46682172,-1,1
46684180,-1,1
46686172,-1,1
46688176,-1,1
46690172,-1,1
46692176,-1,1
46694176,-1,1
46696176,-1,1
46698176,-1,1
46700172,-1,1
46702176,-1,1
46704176,-1,1
46706172,-1,1
46708176,-1,1
46710172,-1,1
46712176,-1,1
46714172,-1,1
46716176,-1,1
46718172,-1,1
46720172,-1,1
46722172,-1,1
46724172,-1,1
46726176,-1,1
46728176,-1,1
46730176,-1,1
46732172,-1,1
46734176,-1,1
46736172,-1,1
46738172,-1,1
46740176,-1,1
46742176,-1,1
46744172,-1,1
46746176,-1,1
46748172,-1,1
46750172,-1,1
46752176,-1,1
46754172,-1,1
46756176,-1,1
46758176,-1,1
46760172,-1,1
46762176,-1,1
46764172,-1,1
46766176,-1,1
46768172,-1,1
46770172,-1,1
46772176,-1,1
46774172,-1,1
46776176,-1,1
46778172,-1,1
46780176,-1,1
46782172,-1,1
46784176,-1,1
46786172,-1,1
46788176,-1,1
46790176,-1,1
46792176,-1,1
46794172,-1,1
46796176,-1,1
46798172,-1,1
46800176,-1,1
46802172,-1,1
46804172,-1,1
46806176,-1,1
46808172,-1,1
46810176,-1,1
46812180,-1,1
46814172,-1,1
46816176,-1,1
46818172,-1,1
46820176,-1,1
46822172,-1,1
46824176,-1,1
46826172,-1,1
46828176,-1,1
46830172,-1,1
46832176,-1,1
46834172,-1,1
46836176,-1,1
46838172,-1,1
46840176,-1,1
46842176,-1,1
46844172,-1,1
46846176,-1,1
46848176,-1,1
46850176,-1,1
46852172,-1,1
46854176,-1,1
46856172,-1,1
46858176,-1,1
46860172,-1,1
46862176,-1,1
46864172,-1,1
46866172,-1,1
46868176,-1,1
46870172,-1,1
46872176,-1,1
46874172,-1,1
46876176,-1,1
46878172,-1,1
46880176,-1,1
46882176,-1,1
46884172,-1,1
46886176,-1,1
46888172,-1,1
46890176,-1,1
46892172,-1,1
46894176,-1,1
46896172,-1,1
46898172,-1,1
46900172,-1,1
46902172,-1,1
46904176,-1,1
46906172,-1,1
46908176,-1,1
46910172,-1,1
46912176,-1,1
46914176,-1,1
46916172,-1,1
46918176,-1,1
46920172,-1,1
46922176,-1,1
46924172,-1,1
46926176,-1,1
46928172,-1,1
46930176,-1,1
46932172,-1,1
46934176,-1,1
46936172,-1,1
46938172,-1,1
46940180,-1,1
46942176,-1,1
46944172,-1,1
46946176,-1,1
46948172,-1,1
46950176,-1,1
46952176,-1,1
46954172,-1,1
46956176,-1,1
46958172,-1,1
46960176,-1,1
46962176,-1,1
46964172,-1,1
46966176,-1,1
46968172,-1,1
46970176,-1,1
46972176,-1,1
46974172,-1,1
46976176,-1,1
46978172,-1,1
46980176,-1,1
46982172,-1,1
46984176,-1,1
46986172,-1,1
46988176,-1,1
46990172,-1,1
46992172,-1,1
46994176,-1,1
46996172,-1,1
46998172,-1,1
47000176,-1,1
47002176,-1,1
47004172,-1,1
47006176,-1,1
47008172,-1,1
47010172,-1,1
47012176,-1,1
47014172,-1,1
47016172,-1,1
47018176,-1,1
47020176,-1,1
47022176,-1,1
47024172,-1,1
47026172,-1,1
47028172,-1,1
47030176,-1,1
47032172,-1,1
47034172,-1,1
47036172,-1,1
47038176,-1,1
47040176,-1,1
47042172,-1,1
47044176,-1,1
47046172,-1,1
47048176,-1,1
47050172,-1,1
47052172,-1,1
47054176,-1,1
47056176,-1,1
47058172,-1,1
47060176,-1,1
47062172,-1,1
47064172,-1,1
47066176,-1,1
47068180,-1,1
47070176,-1,1
47072176,-1,1
47074172,-1,1
47076176,-1,1
47078176,-1,1
47080176,-1,1
47082172,-1,1
47084176,-1,1
47086176,-1,1
47088172,-1,1
47090172,-1,1
47092176,-1,1
47094176,-1,1
47096176,-1,1
47098172,-1,1
47100172,-1,1
47102172,-1,1
47104176,-1,1
47106176,-1,1
47108172,-1,1
47110172,-1,1
47112176,-1,1
47114176,-1,1
47116176,-1,1
47118172,-1,1
47120176,-1,1
47122172,-1,1
47124176,-1,1
47126172,-1,1
47128176,-1,1
47130172,-1,1
47132176,-1,1
47134172,-1,1
47136176,-1,1
47138172,-1,1
47140176,-1,1
47142172,-1,1
47144172,-1,1
47146176,-1,1
47148176,-1,1
47150172,-1,1
47152176,-1,1
47154180,-1,1
47156176,-1,1
47158172,-1,1
47160176,-1,1
47162172,-1,1
47164172,-1,1
47166176,-1,1
47168172,-1,1
47170176,-1,1
47172176,-1,1
47174172,-1,1
47176172,-1,1
47178176,-1,1
47180172,-1,1
47182172,-1,1
47184176,-1,1
47186176,-1,1
47188172,-1,1
47190172,-1,1
47192176,-1,1
47194172,-1,1
47196180,-1,1
47198176,-1,1
47200176,-1,1
47202176,-1,1
47204172,-1,1
47206172,-1,1
47208176,-1,1
47210172,-1,1
47212172,-1,1
47214176,-1,1
47216176,-1,1
47218172,-1,1
47220176,-1,1
47222176,-1,1
47224172,-1,1
47226176,-1,1
47228172,-1,1
47230176,-1,1
47232172,-1,1
47234172,-1,1
47236176,-1,1
47238172,-1,1
47240172,-1,1
47242172,-1,1
47244176,-1,1
47246172,-1,1
47248176,-1,1
47250176,-1,1
47252172,-1,1
47254176,-1,1
47256172,-1,1
47258176,-1,1
47260172,-1,1
47262176,-1,1
47264172,-1,1
47266172,-1,1
47268176,-1,1
47270172,-1,1
47272176,-1,1
47274172,-1,1
47276176,-1,1
47278172,-1,1
47280176,-1,1
47282176,-1,1
47284172,-1,1
47286176,-1,1
47288172,-1,1
47290176,-1,1
47292172,-1,1
47294176,-1,1
47296172,-1,1
47298172,-1,1
47300172,-1,1
47302172,-1,1
47304172,-1,1
47306176,-1,1
47308176,-1,1
47310172,-1,1
47312176,-1,1
47314172,-1,1
47316176,-1,1
47318172,-1,1
47320176,-1,1
47322172,-1,1
47324180,-1,1
47326176,-1,1
47328176,-1,1
47330172,-1,1
47332176,-1,1
47334172,-1,1
47336176,-1,1
47338172,-1,1
47340172,-1,1
47342176,-1,1
47344172,-1,1
47346172,-1,1
47348176,-1,1
47350172,-1,1
47352176,-1,1
47354176,-1,1
47356172,-1,1
47358176,-1,1
47360176,-1,1
47362176,-1,1
47364176,-1,1
47366176,-1,1
47368176,-1,1
47370172,-1,1
47372176,-1,1
47374176,-1,1
47376172,-1,1
47378172,-1,1
47380176,-1,1
47382172,-1,1
47384176,-1,1
47386172,-1,1
47388176,-1,1
47390176,-1,1
47392176,-1,1
47394176,-1,1
47396172,-1,1
47398176,-1,1
47400172,-1,1
47402176,-1,1
47404172,-1,1
47406176,-1,1
47408172,-1,1
47410172,-1,1
47412176,-1,1
47414172,-1,1
47416176,-1,1
47418172,-1,1
47420176,-1,1
47422172,-1,1
47424176,-1,1
47426176,-1,1
47428172,-1,1
47430176,-1,1
47432172,-1,1
47434176,-1,1
47436172,-1,1
47438176,-1,1
47440172,-1,1
47442176,-1,1
47444172,-1,1
47446176,-1,1
47448172,-1,1
47450176,-1,1
47452180,-1,1
47454172,-1,1
47456176,-1,1
47458172,-1,1
47460176,-1,1
47462172,-1,1
47464176,-1,1
47466172,-1,1
47468176,-1,1
47470172,-1,1
47472172,-1,1
47474176,-1,1
47476172,-1,1
47478176,-1,1
47480176,-1,1
47482172,-1,1
47484176,-1,1
47486172,-1,1
47488172,-1,1
47490176,-1,1
47492172,-1,1
47494176,-1,1
47496172,-1,1
47498176,-1,1
47500172,-1,1
47502172,-1,1
47504176,-1,1
47506172,-1,1
47508172,-1,1
47510176,-1,1
47512176,-1,1
47514176,-1,1
47516176,-1,1
47518172,-1,1
47520176,-1,1
47522176,-1,1
47524176,-1,1
47526172,-1,1
47528176,-1,1
47530176,-1,1
47532172,-1,1
47534176,-1,1
47536172,-1,1
47538172,-1,1
47540176,-1,1
47542176,-1,1
47544172,-1,1
47546176,-1,1
47548172,-1,1
47550176,-1,1
47552172,-1,1
47554176,-1,1
47556172,-1,1
47558172,-1,1
47560176,-1,1
47562172,-1,1
47564176,-1,1
47566172,-1,1
47568176,-1,1
47570172,-1,1
47572176,-1,1
47574172,-1,1
47576176,-1,1
47578172,-1,1
47580180,-1,1
47582176,-1,1
47584176,-1,1
47586172,-1,1
47588176,-1,1
47590172,-1,1
47592176,-1,1
47594176,-1,1
47596172,-1,1
47598176,-1,1
47600172,-1,1
47602176,-1,1
47604172,-1,1
47606176,-1,1
47608172,-1,1
47610176,-1,1
47612172,-1,1
47614172,-1,1
47616176,-1,1
47618176,-1,1
47620172,-1,1
47622172,-1,1
47624172,-1,1
47626176,-1,1
47628172,-1,1
47630176,-1,1
47632172,-1,1
47634172,-1,1
47636176,-1,1
47638172,-1,1
47640176,-1,1
47642172,-1,1
47644176,-1,1
47646172,-1,1
47648176,-1,1
47650172,-1,1
47652176,-1,1
47654176,-1,1
47656176,-1,1
47658172,-1,1
47660176,-1,1
47662172,-1,1
47664172,-1,1
47666172,-1,1
47668176,-1,1
47670172,-1,1
47672172,-1,1
47674176,-1,1
47676172,-1,1
47678172,-1,1
47680176,-1,1
47682176,-1,1
47684172,-1,1
47686172,-1,1
47688176,-1,1
47690172,-1,1
47692176,-1,1
47694172,-1,1
47696176,-1,1
47698176,-1,1
47700172,-1,1
47702176,-1,1
47704172,-1,1
47706176,-1,1
47708180,-1,1
47710176,-1,1
47712172,-1,1
47714176,-1,1
47716172,-1,1
47718172,-1,1
47720176,-1,1
47722172,-1,1
47724176,-1,1
47726172,-1,1
47728172,-1,1
47730176,-1,1
47732172,-1,1
47734176,-1,1
47736176,-1,1
47738172,-1,1
47740176,-1,1
47742172,-1,1
47744172,-1,1
47746172,-1,1
47748176,-1,1
47750172,-1,1
47752176,-1,1
47754172,-1,1
47756176,-1,1
47758172,-1,1
47760172,-1,1
47762172,-1,1
47764176,-1,1
47766172,-1,1
47768172,-1,1
47770176,-1,1
47772172,-1,1
47774176,-1,1
47776172,-1,1
47778176,-1,1
47780172,-1,1
47782176,-1,1
47784172,-1,1
47786176,-1,1
47788176,-1,1
47790172,-1,1
47792176,-1,1
47794180,-1,1
47796176,-1,1
47798172,-1,1
47800172,-1,1
47802176,-1,1
47804176,-1,1
47806172,-1,1
47808176,-1,1
47810172,-1,1
47812172,-1,1
47814176,-1,1
47816172,-1,1
47818172,-1,1
47820176,-1,1
47822176,-1,1
47824172,-1,1
47826176,-1,1
47828176,-1,1
47830172,-1,1
47832172,-1,1
47834176,-1,1
47836180,-1,1
47838172,-1,1
47840176,-1,1
47842176,-1,1
47844176,-1,1
47846172,-1,1
47848176,-1,1
47850172,-1,1
47852176,-1,1
47854172,-1,1
47856176,-1,1
47858176,-1,1
47860172,-1,1
47862176,-1,1
47864172,-1,1
47866172,-1,1
47868176,-1,1
47870172,-1,1
47872172,-1,1
47874176,-1,1
47876172,-1,1
47878176,-1,1
47880176,-1,1
47882172,-1,1
47884176,-1,1
47886172,-1,1
47888172,-1,1
47890172,-1,1
47892176,-1,1
47894176,-1,1
47896172,-1,1
47898176,-1,1
47900176,-1,1
47902172,-1,1
47904176,-1,1
47906172,-1,1
47908172,-1,1
47910176,-1,1
47912176,-1,1
47914172,-1,1
47916172,-1,1
47918172,-1,1
47920176,-1,1
47922172,-1,1
47924172,-1,1
47926172,-1,1
47928176,-1,1
47930172,-1,1
47932176,-1,1
47934176,-1,1
47936172,-1,1
47938176,-1,1
47940172,-1,1
47942176,-1,1
47944172,-1,1
47946176,-1,1
47948176,-1,1
47950172,-1,1
47952176,-1,1
47954172,-1,1
47956172,-1,1
47958176,-1,1
47960176,-1,1
47962172,-1,1
47964180,-1,1
47966172,-1,1
47968172,-1,1
47970176,-1,1
47972172,-1,1
47974176,-1,1
47976176,-1,1
47978176,-1,1
47980172,-1,1
47982176,-1,1
47984176,-1,1
47986176,-1,1
47988172,-1,1
47990172,-1,1
47992176,-1,1
47994176,-1,1
47996176,-1,1
47998176,-1,1
48000176,-1,1
48002176,-1,1
48004176,-1,1
48006172,-1,1
48008176,-1,1
48010172,-1,1
48012172,-1,1
48014176,-1,1
48016176,-1,1
48018172,-1,1
48020172,-1,1
48022176,-1,1
48024172,-1,1
48026176,-1,1
48028176,-1,1
48030176,-1,1
48032172,-1,1
48034172,-1,1
48036176,-1,1
48038172,-1,1
48040176,-1,1
48042176,-1,1
48044172,-1,1
48046176,-1,1
48048176,-1,1
48050176,-1,1
48052172,-1,1
48054172,-1,1
48056176,-1,1
48058172,-1,1
48060176,-1,1
48062172,-1,1
48064176,-1,1
48066176,-1,1
48068172,-1,1
48070176,-1,1
48072172,-1,1
48074176,-1,1
48076172,-1,1
48078176,-1,1
48080172,-1,1
48082176,-1,1
48084176,-1,1
48086172,-1,1
48088176,-1,1
48090172,-1,1
48092180,-1,1
48094172,-1,1
48096176,-1,1
48098172,-1,1
48100176,-1,1
48102172,-1,1
48104176,-1,1
48106172,-1,1
48108176,-1,1
48110172,-1,1
48112176,-1,1
48114172,-1,1
48116176,-1,1
48118176,-1,1
48120172,-1,1
48122176,-1,1
48124176,-1,1
48126172,-1,1
48128176,-1,1
48130176,-1,1
48132172,-1,1
48134172,-1,1
48136172,-1,1
48138176,-1,1
48140172,-1,1
48142172,-1,1
48144176,-1,1
48146172,-1,1
48148176,-1,1
48150176,-1,1
48152176,-1,1
48154172,-1,1
48156172,-1,1
48158176,-1,1
48160172,-1,1
48162176,-1,1
48164176,-1,1
48166172,-1,1
48168176,-1,1
48170172,-1,1
48172176,-1,1
48174176,-1,1
48176172,-1,1
48178184,-1,1
48180172,-1,1
48182176,-1,1
48184176,-1,1
48186172,-1,1
48188176,-1,1
48190172,-1,1
48192172,-1,1
48194176,-1,1
48196172,-1,1
48198172,-1,1
48200176,-1,1
48202172,-1,1
48204176,-1,1
48206176,-1,1
48208172,-1,1
48210176,-1,1
48212172,-1,1
48214172,-1,1
48216176,-1,1
48218172,-1,1
48220180,-1,1
48222176,-1,1
48224172,-1,1
48226176,-1,1
48228172,-1,1
48230176,-1,1
48232176,-1,1
48234176,-1,1
48236172,-1,1
48238176,-1,1
48240172,-1,1
48242176,-1,1
48244172,-1,1
48246176,-1,1
48248172,-1,1
48250176,-1,1
48252172,-1,1
48254176,-1,1
48256172,-1,1
48258176,-1,1
48260176,-1,1
48262172,-1,1
48264172,-1,1
48266176,-1,1
48268172,-1,1
48270176,-1,1
48272172,-1,1
48274176,-1,1
48276172,-1,1
48278176,-1,1
48280172,-1,1
48282176,-1,1
48284172,-1,1
48286176,-1,1
48288172,-1,1
48290176,-1,1
48292172,-1,1
48294176,-1,1
48296172,-1,1
48298176,-1,1
48300172,-1,1
48302172,-1,1
48304176,-1,1
48306180,-1,1
48308176,-1,1
48310172,-1,1
48312176,-1,1
48314176,-1,1
48316172,-1,1
48318172,-1,1
48320176,-1,1
48322172,-1,1
48324176,-1,1
48326172,-1,1
48328172,-1,1
48330176,-1,1
48332172,-1,1
48334172,-1,1
48336172,-1,1
48338176,-1,1
48340176,-1,1
48342172,-1,1
48344176,-1,1
48346172,-1,1
48348180,-1,1
48350172,-1,1
48352176,-1,1
48354172,-1,1
48356176,-1,1
48358172,-1,1
48360176,-1,1
48362172,-1,1
48364176,-1,1
48366172,-1,1
48368176,-1,1
48370176,-1,1
48372176,-1,1
48374172,-1,1
48376176,-1,1
48378172,-1,1
48380176,-1,1
48382172,-1,1
48384172,-1,1
48386172,-1,1
48388176,-1,1
48390172,-1,1
48392172,-1,1
48394176,-1,1
48396172,-1,1
48398176,-1,1
48400172,-1,1
48402176,-1,1
48404176,-1,1
48406172,-1,1
48408176,-1,1
48410172,-1,1
48412176,-1,1
48414172,-1,1
48416172,-1,1
48418172,-1,1
48420176,-1,1
48422176,-1,1
48424176,-1,1
48426172,-1,1
48428176,-1,1
48430172,-1,1
48432176,-1,1
48434180,-1,1
48436176,-1,1
48438176,-1,1
48440172,-1,1
48442176,-1,1
48444172,-1,1
48446176,-1,1
48448172,-1,1
48450176,-1,1
48452172,-1,1
48454176,-1,1
48456172,-1,1
48458176,-1,1
48460172,-1,1
48462176,-1,1
48464172,-1,1
48466176,-1,1
48468172,-1,1
48470176,-1,1
48472176,-1,1
48474172,-1,1
48476180,-1,1
48478172,-1,1
48480176,-1,1
48482172,-1,1
48484176,-1,1
48486172,-1,1
48488172,-1,1
48490176,-1,1
48492172,-1,1
48494176,-1,1
48496176,-1,1
48498172,-1,1
48500172,-1,1
48502176,-1,1
48504172,-1,1
48506176,-1,1
48508172,-1,1
48510176,-1,1
48512176,-1,1
48514176,-1,1
48516172,-1,1
48518176,-1,1
48520176,-1,1
48522172,-1,1
48524176,-1,1
48526172,-1,1
48528176,-1,1
48530172,-1,1
48532176,-1,1
48534172,-1,1
48536176,-1,1
48538176,-1,1
48540176,-1,1
48542172,-1,1
48544176,-1,1
48546176,-1,1
48548172,-1,1
48550176,-1,1
48552176,-1,1
48554172,-1,1
48556176,-1,1
48558172,-1,1
48560176,-1,1
48562180,-1,1
48564172,-1,1
48566176,-1,1
48568172,-1,1
48570176,-1,1
48572172,-1,1
48574172,-1,1
48576176,-1,1
48578172,-1,1
48580176,-1,1
48582172,-1,1
48584176,-1,1
48586172,-1,1
48588176,-1,1
48590172,-1,1
48592176,-1,1
48594172,-1,1
48596176,-1,1
48598176,-1,1
48600172,-1,1
48602176,-1,1
48604180,-1,1
48606176,-1,1
48608172,-1,1
48610176,-1,1
48612172,-1,1
48614172,-1,1
48616176,-1,1
48618176,-1,1
48620172,-1,1
48622176,-1,1
48624176,-1,1
48626172,-1,1
48628176,-1,1
48630172,-1,1
48632172,-1,1
48634172,-1,1
48636176,-1,1
48638176,-1,1
48640176,-1,1
48642176,-1,1
48644176,-1,1
48646172,-1,1
48648176,-1,1
48650172,-1,1
48652176,-1,1
48654176,-1,1
48656172,-1,1
48658176,-1,1
48660172,-1,1
48662172,-1,1
48664176,-1,1
48666172,-1,1
48668172,-1,1
48670176,-1,1
48672172,-1,1
48674172,-1,1
48676176,-1,1
48678176,-1,1
48680172,-1,1
48682176,-1,1
48684172,-1,1
48686176,-1,1
48688176,-1,1
48690180,-1,1
48692172,-1,1
48694176,-1,1
48696172,-1,1
48698176,-1,1
48700172,-1,1
48702176,-1,1
48704172,-1,1
48706172,-1,1
48708176,-1,1
48710172,-1,1
48712172,-1,1
48714172,-1,1
48716172,-1,1
48718176,-1,1
48720172,-1,1
48722176,-1,1
48724172,-1,1
48726176,-1,1
48728172,-1,1
48730176,-1,1
48732180,-1,1
48734176,-1,1
48736172,-1,1
48738176,-1,1
48740176,-1,1
48742172,-1,1
48744176,-1,1
48746172,-1,1
48748176,-1,1
48750176,-1,1
48752172,-1,1
48754176,-1,1
48756172,-1,1
48758176,-1,1
48760172,-1,1
48762176,-1,1
48764176,-1,1
48766176,-1,1
48768176,-1,1
48770176,-1,1
48772172,-1,1
48774176,-1,1
48776176,-1,1
48778172,-1,1
48780172,-1,1
48782176,-1,1
48784172,-1,1
48786176,-1,1
48788172,-1,1
48790176,-1,1
48792172,-1,1
48794176,-1,1
48796172,-1,1
48798176,-1,1
48800176,-1,1
48802176,-1,1
48804172,-1,1
48806176,-1,1
48808172,-1,1
48810172,-1,1
48812172,-1,1
48814176,-1,1
48816172,-1,1
48818172,-1,1
48820176,-1,1
48822172,-1,1
48824176,-1,1
48826172,-1,1
48828176,-1,1
48830172,-1,1
48832176,-1,1
48834176,-1,1
48836172,-1,1
48838176,-1,1
48840172,-1,1
48842176,-1,1
48844172,-1,1
48846176,-1,1
48848172,-1,1
48850172,-1,1
48852176,-1,1
48854172,-1,1
48856176,-1,1
48858172,-1,1
48860180,-1,1
48862176,-1,1
48864172,-1,1
48866176,-1,1
48868172,-1,1
48870172,-1,1
48872172,-1,1
48874176,-1,1
48876172,-1,1
48878176,-1,1
48880172,-1,1
48882176,-1,1
48884172,-1,1
48886176,-1,1
48888172,-1,1
48890176,-1,1
48892172,-1,1
48894176,-1,1
48896176,-1,1
48898176,-1,1
48900172,-1,1
48902176,-1,1
48904172,-1,1
48906176,-1,1
48908172,-1,1
48910176,-1,1
48912172,-1,1
48914176,-1,1
48916172,-1,1
48918176,-1,1
48920172,-1,1
48922176,-1,1
48924172,-1,1
48926176,-1,1
48928172,-1,1
48930176,-1,1
48932172,-1,1
48934176,-1,1
48936176,-1,1
48938172,-1,1
48940172,-1,1
48942176,-1,1
48944172,-1,1
48946176,-1,1
48948172,-1,1
48950176,-1,1
48952172,-1,1
48954172,-1,1
48956176,-1,1
48958172,-1,1
48960176,-1,1
48962172,-1,1
48964176,-1,1
48966176,-1,1
48968176,-1,1
48970176,-1,1
48972176,-1,1
48974172,-1,1
48976176,-1,1
48978176,-1,1
48980176,-1,1
48982172,-1,1
48984176,-1,1
48986176,-1,1
48988180,-1,1
48990172,-1,1
48992176,-1,1
48994172,-1,1
48996176,-1,1
48998172,-1,1
49000176,-1,1
49002172,-1,1
49004176,-1,1
49006172,-1,1
49008172,-1,1
49010176,-1,1
49012172,-1,1
49014176,-1,1
49016176,-1,1
49018172,-1,1
49020176,-1,1
49022176,-1,1
49024176,-1,1
49026176,-1,1
49028176,-1,1
49030172,-1,1
49032176,-1,1
49034172,-1,1
49036176,-1,1
49038176,-1,1
49040172,-1,1
49042176,-1,1
49044172,-1,1
49046172,-1,1
49048176,-1,1
49050176,-1,1
49052172,-1,1
49054176,-1,1
49056172,-1,1
49058176,-1,1
49060176,-1,1
49062172,-1,1
49064172,-1,1
49066176,-1,1
49068176,-1,1
49070172,-1,1
49072172,-1,1
49074172,-1,1
49076172,-1,1
49078176,-1,1
49080172,-1,1
49082172,-1,1
49084176,-1,1
49086176,-1,1
49088172,-1,1
49090176,-1,1
49092176,-1,1
49094172,-1,1
49096172,-1,1
49098176,-1,1
49100176,-1,1
49102176,-1,1
49104176,-1,1
49106172,-1,1
49108172,-1,1
49110176,-1,1
49112176,-1,1
49114176,-1,1
49116180,-1,1
49118176,-1,1
49120176,-1,1
49122176,-1,1
49124172,-1,1
49126172,-1,1
49128172,-1,1
49130176,-1,1
49132176,-1,1
49134176,-1,1
49136172,-1,1
49138172,-1,1
49140172,-1,1
49142172,-1,1
49144172,-1,1
49146172,-1,1
49148172,-1,1
49150172,-1,1
49152172,-1,1
49154172,-1,1
49156172,-1,1
49158172,-1,1
49160172,-1,1
49162172,-1,1
49164172,-1,1
49166172,-1,1
49168176,-1,1
49170176,-1,1
49172176,-1,1
49174172,-1,1
49176172,-1,1
49178176,-1,1
49180176,-1,1
49182172,-1,1
49184172,-1,1
49186176,-1,1
49188176,-1,1
49190176,-1,1
49192176,-1,1
49194176,-1,1
49196172,-1,1
49198176,-1,1
49200176,-1,1
49202180,-1,1
49204172,-1,1
49206172,-1,1
49208172,-1,1
49210176,-1,1
49212172,-1,1
49214172,-1,1
49216176,-1,1
49218176,-1,1
49220172,-1,1
49222172,-1,1
49224176,-1,1
49226176,-1,1
49228172,-1,1
49230176,-1,1
49232172,-1,1
49234172,-1,1
49236176,-1,1
49238172,-1,1
49240176,-1,1
49242176,-1,1
49244180,-1,1
49246172,-1,1
49248172,-1,1
49250176,-1,1
49252172,-1,1
49254172,-1,1
49256172,-1,1
49258172,-1,1
49260176,-1,1
49262176,-1,1
49264172,-1,1
49266176,-1,1
49268172,-1,1
49270176,-1,1
49272172,-1,1
49274176,-1,1
49276172,-1,1
49278176,-1,1
49280172,-1,1
49282172,-1,1
49284172,-1,1
49286172,-1,1
49288172,-1,1
49290172,-1,1
49292176,-1,1
49294172,-1,1
49296172,-1,1
49298176,-1,1
49300176,-1,1
49302172,-1,1
49304176,-1,1
49306172,-1,1
49308172,-1,1
49310176,-1,1
49312172,-1,1
49314172,-1,1
49316176,-1,1
49318172,-1,1
49320172,-1,1
49322176,-1,1
49324172,-1,1
49326172,-1,1
49328176,-1,1
49330176,-1,1
49332172,-1,1
49334172,-1,1
49336176,-1,1
49338172,-1,1
49340176,-1,1
49342172,-1,1
49344176,-1,1
49346176,-1,1
49348172,-1,1
49350176,-1,1
49352172,-1,1
49354176,-1,1
49356172,-1,1
49358172,-1,1
49360172,-1,1
49362172,-1,1
49364176,-1,1
49366172,-1,1
49368176,-1,1
49370176,-1,1
49372180,-1,1
49374172,-1,1
49376176,-1,1
49378172,-1,1
49380172,-1,1
49382176,-1,1
49384172,-1,1
49386176,-1,1
49388172,-1,1
49390176,-1,1
49392172,-1,1
49394176,-1,1
49396172,-1,1
49398176,-1,1
49400172,-1,1
49402176,-1,1
49404172,-1,1
49406176,-1,1
49408172,-1,1
49410172,-1,1
49412176,-1,1
49414172,-1,1
49416172,-1,1
49418172,-1,1
49420176,-1,1
49422172,-1,1
49424176,-1,1
49426172,-1,1
49428176,-1,1
49430172,-1,1
49432176,-1,1
49434172,-1,1
49436176,-1,1
49438172,-1,1
49440176,-1,1
49442172,-1,1
49444176,-1,1
49446176,-1,1
49448172,-1,1
49450176,-1,1
49452172,-1,1
49454176,-1,1
49456172,-1,1
49458172,-1,1
49460176,-1,1
49462172,-1,1
49464176,-1,1
49466172,-1,1
49468176,-1,1
49470172,-1,1
49472176,-1,1
49474172,-1,1
49476176,-1,1
49478172,-1,1
49480176,-1,1
49482172,-1,1
49484176,-1,1
49486176,-1,1
49488172,-1,1
49490172,-1,1
49492176,-1,1
49494172,-1,1
49496176,-1,1
49498172,-1,1
49500180,-1,1
49502176,-1,1
49504176,-1,1
49506176,-1,1
49508176,-1,1
49510172,-1,1
49512176,-1,1
49514172,-1,1
49516172,-1,1
49518176,-1,1
49520172,-1,1
49522176,-1,1
49524172,-1,1
49526176,-1,1
49528172,-1,1
49530176,-1,1
49532176,-1,1
49534172,-1,1
49536176,-1,1
49538172,-1,1
49540176,-1,1
49542172,-1,1
49544172,-1,1
49546176,-1,1
49548176,-1,1
49550172,-1,1
49552172,-1,1
49554176,-1,1
49556172,-1,1
49558176,-1,1
49560176,-1,1
49562172,-1,1
49564176,-1,1
49566172,-1,1
49568176,-1,1
49570172,-1,1
49572176,-1,1
49574176,-1,1
49576176,-1,1
49578172,-1,1
49580176,-1,1
49582172,-1,1
49584176,-1,1
49586172,-1,1
49588176,-1,1
49590172,-1,1
49592176,-1,1
49594172,-1,1
49596172,-1,1
49598176,-1,1
49600176,-1,1
49602176,-1,1
49604172,-1,1
49606172,-1,1
49608176,-1,1
49610172,-1,1
49612176,-1,1
49614172,-1,1
49616172,-1,1
49618176,-1,1
49620172,-1,1
49622176,-1,1
49624172,-1,1
49626172,-1,1
49628180,-1,1
49630176,-1,1
49632172,-1,1
49634176,-1,1
49636172,-1,1
49638176,-1,1
49640176,-1,1
49642172,-1,1
49644176,-1,1
49646176,-1,1
49648172,-1,1
49650176,-1,1
49652172,-1,1
49654176,-1,1
49656172,-1,1
49658176,-1,1
49660172,-1,1
49662176,-1,1
49664176,-1,1
49666176,-1,1
49668176,-1,1
49670172,-1,1
49672172,-1,1
49674172,-1,1
49676176,-1,1
49678172,-1,1
49680176,-1,1
49682176,-1,1
49684172,-1,1
49686176,-1,1
49688172,-1,1
49690172,-1,1
49692176,-1,1
49694172,-1,1
49696176,-1,1
49698176,-1,1
49700172,-1,1
49702176,-1,1
49704172,-1,1
49706176,-1,1
49708172,-1,1
49710172,-1,1
49712176,-1,1
49714180,-1,1
49716172,-1,1
49718176,-1,1
49720172,-1,1
49722172,-1,1
49724176,-1,1
49726172,-1,1
49728176,-1,1
49730176,-1,1
49732172,-1,1
49734176,-1,1
49736176,-1,1
49738176,-1,1
49740176,-1,1
49742172,-1,1
49744176,-1,1
49746172,-1,1
49748176,-1,1
49750172,-1,1
49752172,-1,1
49754176,-1,1
49756180,-1,1
49758176,-1,1
49760172,-1,1
49762176,-1,1
49764172,-1,1
49766176,-1,1
49768176,-1,1
49770172,-1,1
49772176,-1,1
49774172,-1,1
49776176,-1,1
49778172,-1,1
49780176,-1,1
49782172,-1,1
49784176,-1,1
49786172,-1,1
49788172,-1,1
49790176,-1,1
49792176,-1,1
49794176,-1,1
49796172,-1,1
49798176,-1,1
49800172,-1,1
49802176,-1,1
49804172,-1,1
49806176,-1,1
49808176,-1,1
49810176,-1,1
49812172,-1,1
49814172,-1,1
49816176,-1,1
49818172,-1,1
49820176,-1,1
49822176,-1,1
49824172,-1,1
49826176,-1,1
49828172,-1,1
49830172,-1,1
49832176,-1,1
49834172,-1,1
49836176,-1,1
49838172,-1,1
49840176,-1,1
49842180,-1,1
49844172,-1,1
49846176,-1,1
49848172,-1,1
49850176,-1,1
49852172,-1,1
49854176,-1,1
49856172,-1,1
49858172,-1,1
49860172,-1,1
49862172,-1,1
49864176,-1,1
49866172,-1,1
49868172,-1,1
49870176,-1,1
49872172,-1,1
49874172,-1,1
49876176,-1,1
49878172,-1,1
49880172,-1,1
49882176,-1,1
49884180,-1,1
49886172,-1,1
49888176,-1,1
49890172,-1,1
49892176,-1,1
49894172,-1,1
49896176,-1,1
49898172,-1,1
49900176,-1,1
49902172,-1,1
49904176,-1,1
49906176,-1,1
49908172,-1,1
49910176,-1,1
49912172,-1,1
49914172,-1,1
49916172,-1,1
49918176,-1,1
49920176,-1,1
49922176,-1,1
49924176,-1,1
49926172,-1,1
49928172,-1,1
49930176,-1,1
49932172,-1,1
49934172,-1,1
49936176,-1,1
49938172,-1,1
49940176,-1,1
49942172,-1,1
49944176,-1,1
49946172,-1,1
49948172,-1,1
49950176,-1,1
49952176,-1,1
49954176,-1,1
49956172,-1,1
49958176,-1,1
49960176,-1,1
49962172,-1,1
49964176,-1,1
49966172,-1,1
49968176,-1,1
49970180,-1,1
49972176,-1,1
49974176,-1,1
49976172,-1,1
49978172,-1,1
49980176,-1,1
49982172,-1,1
49984172,-1,1
49986172,-1,1
49988176,-1,1
49990172,-1,1
49992176,-1,1
49994176,-1,1
49996172,-1,1
49998176,-1,1
50000172,-1,1
50002172,-1,1
50004176,-1,1
50006172,-1,1
50008176,-1,1
50010172,-1,1
50012180,-1,1
50014172,-1,1
50016176,-1,1
50018172,-1,1
50020176,-1,1
50022172,-1,1
50024176,-1,1
50026172,-1,1
50028172,-1,1
50030176,-1,1
50032172,-1,1
50034176,-1,1
50036172,-1,1
50038176,-1,1
50040172,-1,1
50042176,-1,1
50044176,-1,1
50046172,-1,1
50048176,-1,1
50050176,-1,1
50052172,-1,1
50054176,-1,1
50056176,-1,1
50058172,-1,1
50060176,-1,1
50062172,-1,1
50064176,-1,1
50066172,-1,1
50068176,-1,1
50070172,-1,1
50072176,-1,1
50074176,-1,1
50076176,-1,1
50078172,-1,1
50080172,-1,1
50082172,-1,1
50084176,-1,1
50086176,-1,1
50088176,-1,1
50090176,-1,1
50092176,-1,1
50094172,-1,1
50096176,-1,1
50098172,-1,1
50100172,-1,1
50102172,-1,1
50104172,-1,1
50106176,-1,1
50108172,-1,1
50110176,-1,1
50112176,-1,1
50114176,-1,1
50116176,-1,1
50118172,-1,1
50120176,-1,1
50122172,-1,1
50124172,-1,1
50126176,-1,1
50128172,-1,1
50130176,-1,1
50132176,-1,1
50134172,-1,1
50136172,-1,1
50138176,-1,1
50140180,-1,1
50142172,-1,1
50144176,-1,1
50146172,-1,1
50148176,-1,1
50150172,-1,1
50152176,-1,1
50154176,-1,1
50156172,-1,1
50158176,-1,1
50160172,-1,1
50162176,-1,1
50164176,-1,1
50166172,-1,1
50168176,-1,1
50170176,-1,1
50172172,-1,1
50174172,-1,1
50176172,-1,1
50178172,-1,1
50180172,-1,1
50182176,-1,1
50184176,-1,1
50186176,-1,1
50188172,-1,1
50190176,-1,1
50192172,-1,1
50194176,-1,1
50196172,-1,1
50198176,-1,1
50200172,-1,1
50202176,-1,1
50204172,-1,1
50206176,-1,1
50208172,-1,1
50210176,-1,1
50212172,-1,1
50214176,-1,1
50216172,-1,1
50218176,-1,1
50220172,-1,1
50222176,-1,1
50224176,-1,1
50226176,-1,1
50228172,-1,1
50230176,-1,1
50232172,-1,1
50234176,-1,1
50236172,-1,1
50238172,-1,1
50240176,-1,1
50242176,-1,1
50244172,-1,1
50246176,-1,1
50248172,-1,1
50250176,-1,1
50252172,-1,1
50254176,-1,1
50256172,-1,1
50258176,-1,1
50260172,-1,1
50262176,-1,1
50264172,-1,1
50266176,-1,1
50268180,-1,1
50270176,-1,1
50272172,-1,1
50274176,-1,1
50276172,-1,1
50278172,-1,1
50280176,-1,1
50282172,-1,1
50284176,-1,1
50286172,-1,1
50288176,-1,1
50290172,-1,1
50292176,-1,1
50294176,-1,1
50296172,-1,1
50298176,-1,1
50300176,-1,1
50302172,-1,1
50304176,-1,1
50306172,-1,1
50308176,-1,1
50310172,-1,1
50312176,-1,1
50314172,-1,1
50316176,-1,1
50318172,-1,1
50320172,-1,1
50322176,-1,1
50324172,-1,1
50326176,-1,1
50328172,-1,1
50330176,-1,1
50332176,-1,1
50334172,-1,1
50336176,-1,1
50338172,-1,1
50340176,-1,1
50342176,-1,1
50344172,-1,1
50346176,-1,1
50348176,-1,1
50350172,-1,1
50352176,-1,1
50354172,-1,1
50356176,-1,1
50358176,-1,1
50360172,-1,1
50362172,-1,1
50364176,-1,1
50366176,-1,1
50368172,-1,1
50370176,-1,1
50372176,-1,1
50374172,-1,1
50376172,-1,1
50378172,-1,1
50380176,-1,1
50382176,-1,1
50384172,-1,1
50386176,-1,1
50388172,-1,1
50390172,-1,1
50392176,-1,1
50394176,-1,1
50396180,-1,1
50398172,-1,1
50400172,-1,1
50402176,-1,1
50404172,-1,1
50406176,-1,1
50408172,-1,1
50410176,-1,1
50412172,-1,1
50414176,-1,1
50416176,-1,1
50418172,-1,1
50420176,-1,1
50422172,-1,1
50424176,-1,1
50426176,-1,1
50428172,-1,1
50430176,-1,1
50432176,-1,1
50434172,-1,1
50436176,-1,1
50438172,-1,1
50440172,-1,1
50442176,-1,1
50444176,-1,1
50446172,-1,1
50448176,-1,1
50450172,-1,1
50452176,-1,1
50454176,-1,1
50456172,-1,1
50458176,-1,1
50460176,-1,1
50462172,-1,1
50464172,-1,1
50466172,-1,1
50468176,-1,1
50470172,-1,1
50472176,-1,1
50474172,-1,1
50476176,-1,1
50478176,-1,1
50480172,-1,1
50482172,-1,1
50484176,-1,1
50486172,-1,1
50488176,-1,1
50490172,-1,1
50492176,-1,1
50494172,-1,1
50496176,-1,1
50498172,-1,1
50500176,-1,1
50502172,-1,1
50504176,-1,1
50506172,-1,1
50508176,-1,1
50510176,-1,1
50512172,-1,1
50514176,-1,1
50516172,-1,1
50518172,-1,1
50520176,-1,1
50522176,-1,1
50524180,-1,1
50526172,-1,1
50528172,-1,1
50530176,-1,1
50532172,-1,1
50534172,-1,1
50536176,-1,1
50538176,-1,1
50540172,-1,1
50542176,-1,1
50544176,-1,1
50546176,-1,1
50548172,-1,1
50550176,-1,1
50552176,-1,1
50554172,-1,1
50556172,-1,1
50558176,-1,1
50560176,-1,1
50562172,-1,1
50564176,-1,1
50566172,-1,1
50568172,-1,1
50570176,-1,1
50572172,-1,1
50574172,-1,1
50576176,-1,1
50578172,-1,1
50580176,-1,1
50582176,-1,1
50584172,-1,1
50586176,-1,1
50588172,-1,1
50590176,-1,1
50592172,-1,1
50594176,-1,1
50596172,-1,1
50598176,-1,1
50600176,-1,1
50602172,-1,1
50604176,-1,1
50606172,-1,1
50608172,-1,1
50610172,-1,1
50612176,-1,1
50614176,-1,1
50616172,-1,1
50618176,-1,1
50620176,-1,1
50622172,-1,1
50624172,-1,1
50626176,-1,1
50628176,-1,1
50630172,-1,1
50632176,-1,1
50634172,-1,1
50636172,-1,1
50638172,-1,1
50640176,-1,1
50642172,-1,1
50644176,-1,1
50646172,-1,1
50648176,-1,1
50650176,-1,1
50652180,-1,1
50654172,-1,1
50656172,-1,1
50658176,-1,1
50660172,-1,1
50662176,-1,1
50664176,-1,1
50666176,-1,1
50668172,-1,1
50670176,-1,1
50672176,-1,1
50674172,-1,1
50676172,-1,1
50678176,-1,1
50680176,-1,1
50682176,-1,1
50684172,-1,1
50686172,-1,1
50688172,-1,1
50690176,-1,1
50692172,-1,1
50694176,-1,1
50696172,-1,1
50698176,-1,1
50700172,-1,1
50702172,-1,1
50704176,-1,1
50706172,-1,1
50708172,-1,1
50710172,-1,1
50712176,-1,1
50714176,-1,1
50716172,-1,1
50718176,-1,1
50720176,-1,1
50722172,-1,1
50724176,-1,1
50726176,-1,1
50728172,-1,1
50730176,-1,1
50732176,-1,1
50734176,-1,1
50736172,-1,1
50738176,-1,1
50740176,-1,1
50742172,-1,1
50744176,-1,1
50746176,-1,1
50748172,-1,1
50750172,-1,1
50752172,-1,1
50754176,-1,1
50756172,-1,1
50758172,-1,1
50760176,-1,1
50762176,-1,1
50764176,-1,1
50766172,-1,1
50768172,-1,1
50770176,-1,1
50772176,-1,1
50774172,-1,1
50776172,-1,1
50778172,-1,1
50780180,-1,1
50782176,-1,1
50784176,-1,1
50786176,-1,1
50788172,-1,1
50790172,-1,1
50792176,-1,1
50794172,-1,1
50796176,-1,1
50798172,-1,1
50800176,-1,1
50802172,-1,1
50804176,-1,1
50806172,-1,1
50808176,-1,1
50810172,-1,1
50812176,-1,1
50814172,-1,1
50816172,-1,1
50818176,-1,1
50820172,-1,1
50822176,-1,1
50824176,-1,1
50826172,-1,1
50828176,-1,1
50830176,-1,1
50832172,-1,1
50834176,-1,1
50836172,-1,1
50838176,-1,1
50840176,-1,1
50842172,-1,1
50844176,-1,1
50846172,-1,1
50848172,-1,1
50850172,-1,1
50852172,-1,1
50854176,-1,1
50856172,-1,1
50858176,-1,1
50860176,-1,1
50862176,-1,1
50864172,-1,1
50866176,-1,1
50868172,-1,1
50870172,-1,1
50872176,-1,1
50874176,-1,1
50876176,-1,1
50878172,-1,1
50880172,-1,1
50882172,-1,1
50884172,-1,1
50886176,-1,1
50888172,-1,1
50890176,-1,1
50892176,-1,1
50894172,-1,1
50896176,-1,1
50898172,-1,1
50900176,-1,1
50902172,-1,1
50904172,-1,1
50906176,-1,1
50908180,-1,1
50910176,-1,1
50912176,-1,1
50914172,-1,1
50916172,-1,1
50918176,-1,1
50920176,-1,1
50922172,-1,1
50924176,-1,1
50926176,-1,1
50928172,-1,1
50930172,-1,1
50932176,-1,1
50934176,-1,1
50936176,-1,1
50938172,-1,1
50940172,-1,1
50942172,-1,1
50944172,-1,1
50946176,-1,1
50948172,-1,1
50950176,-1,1
50952172,-1,1
50954172,-1,1
50956172,-1,1
50958176,-1,1
50960172,-1,1
50962176,-1,1
50964172,-1,1
50966172,-1,1
50968176,-1,1
50970176,-1,1
50972172,-1,1
50974176,-1,1
50976176,-1,1
50978172,-1,1
50980172,-1,1
50982176,-1,1
50984176,-1,1
50986172,-1,1
50988172,-1,1
50990172,-1,1
50992176,-1,1
50994172,-1,1
50996172,-1,1
50998176,-1,1
51000176,-1,1
51002172,-1,1
51004172,-1,1
51006176,-1,1
51008176,-1,1
51010172,-1,1
51012172,-1,1
51014176,-1,1
51016176,-1,1
51018172,-1,1
51020172,-1,1
51022172,-1,1
51024176,-1,1
51026176,-1,1
51028176,-1,1
51030172,-1,1
51032172,-1,1
51034172,-1,1
51036180,-1,1
51038176,-1,1
51040176,-1,1
51042176,-1,1
51044172,-1,1
51046172,-1,1
51048176,-1,1
51050176,-1,1
51052172,-1,1
51054172,-1,1
51056172,-1,1
51058176,-1,1
51060176,-1,1
51062176,-1,1
51064176,-1,1
51066172,-1,1
51068172,-1,1
51070172,-1,1
51072176,-1,1
51074172,-1,1
51076172,-1,1
51078176,-1,1
51080176,-1,1
51082172,-1,1
51084172,-1,1
51086172,-1,1
51088176,-1,1
51090176,-1,1
51092176,-1,1
51094176,-1,1
51096176,-1,1
51098176,-1,1
51100176,-1,1
51102172,-1,1
51104172,-1,1
51106172,-1,1
51108172,-1,1
51110172,-1,1
51112172,-1,1
51114172,-1,1
51116172,-1,1
51118172,-1,1
51120172,-1,1
51122172,-1,1
51124172,-1,1
51126176,-1,1
51128176,-1,1
51130176,-1,1
51132172,-1,1
51134172,-1,1
51136172,-1,1
51138176,-1,1
51140176,-1,1
51142176,-1,1
51144172,-1,1
51146172,-1,1
51148172,-1,1
51150172,-1,1
51152172,-1,1
51154176,-1,1
51156176,-1,1
51158176,-1,1
51160176,-1,1
51162176,-1,1
51164180,-1,1
51166176,-1,1
51168176,-1,1
51170176,-1,1
51172176,-1,1
51174176,-1,1
51176176,-1,1
51178176,-1,1
51180176,-1,1
51182176,-1,1
51184176,-1,1
51186176,-1,1
51188176,-1,1
51190176,-1,1
51192176,-1,1
51194172,-1,1
51196172,-1,1
51198172,-1,1
51200176,-1,1
51202176,-1,1
51204172,-1,1
51206172,-1,1
51208176,-1,1
51210176,-1,1
51212176,-1,1
51214176,-1,1
51216172,-1,1
51218176,-1,1
51220176,-1,1
51222172,-1,1
51224172,-1,1
51226172,-1,1
51228172,-1,1
51230172,-1,1
51232176,-1,1
51234172,-1,1
51236176,-1,1
51238176,-1,1
51240172,-1,1
51242172,-1,1
51244172,-1,1
51246176,-1,1
51248176,-1,1
51250172,-1,1
51252176,-1,1
51254176,-1,1
51256176,-1,1
51258172,-1,1
51260172,-1,1
51262176,-1,1
51264176,-1,1
51266176,-1,1
51268172,-1,1
51270172,-1,1
51272176,-1,1
51274176,-1,1
51276172,-1,1
51278172,-1,1
51280176,-1,1
51282176,-1,1
51284172,-1,1
51286172,-1,1
51288172,-1,1
51290176,-1,1
51292180,-1,1
51294172,-1,1
51296176,-1,1
51298176,-1,1
51300172,-1,1
51302172,-1,1
51304176,-1,1
51306176,-1,1
51308172,-1,1
51310172,-1,1
51312176,-1,1
51314176,-1,1
51316172,-1,1
51318176,-1,1
51320176,-1,1
51322172,-1,1
51324176,-1,1
51326176,-1,1
51328172,-1,1
51330172,-1,1
51332176,-1,1
51334176,-1,1
51336176,-1,1
51338172,-1,1
51340172,-1,1
51342176,-1,1
51344172,-1,1
51346172,-1,1
51348176,-1,1
51350172,-1,1
51352176,-1,1
51354172,-1,1
51356172,-1,1
51358176,-1,1
51360172,-1,1
51362172,-1,1
51364176,-1,1
51366176,-1,1
51368172,-1,1
51370172,-1,1
51372176,-1,1
51374172,-1,1
51376176,-1,1
51378172,-1,1
51380176,-1,1
51382172,-1,1
51384176,-1,1
51386176,-1,1
51388172,-1,1
51390176,-1,1
51392172,-1,1
51394172,-1,1
51396176,-1,1
51398172,-1,1
51400176,-1,1
51402172,-1,1
51404176,-1,1
51406172,-1,1
51408172,-1,1
51410176,-1,1
51412176,-1,1
51414172,-1,1
51416176,-1,1
51418172,-1,1
51420180,-1,1
51422172,-1,1
51424176,-1,1
51426172,-1,1
51428176,-1,1
51430172,-1,1
51432176,-1,1
51434172,-1,1
51436176,-1,1
51438172,-1,1
51440176,-1,1
51442176,-1,1
51444172,-1,1
51446176,-1,1
51448172,-1,1
51450172,-1,1
51452176,-1,1
51454172,-1,1
51456176,-1,1
51458176,-1,1
51460176,-1,1
51462172,-1,1
51464176,-1,1
51466172,-1,1
51468176,-1,1
51470176,-1,1
51472172,-1,1
51474172,-1,1
51476176,-1,1
51478172,-1,1
51480176,-1,1
51482172,-1,1
51484172,-1,1
51486176,-1,1
51488172,-1,1
51490172,-1,1
51492176,-1,1
51494176,-1,1
51496176,-1,1
51498176,-1,1
51500172,-1,1
51502172,-1,1
51504176,-1,1
51506176,-1,1
51508172,-1,1
51510176,-1,1
51512172,-1,1
51514176,-1,1
51516172,-1,1
51518176,-1,1
51520172,-1,1
51522172,-1,1
51524176,-1,1
51526172,-1,1
51528176,-1,1
51530176,-1,1
51532172,-1,1
51534176,-1,1
51536172,-1,1
51538172,-1,1
51540176,-1,1
51542172,-1,1
51544176,-1,1
51546172,-1,1
51548180,-1,1
51550176,-1,1
51552172,-1,1
51554172,-1,1
51556176,-1,1
51558172,-1,1
51560172,-1,1
51562176,-1,1
51564172,-1,1
51566176,-1,1
51568172,-1,1
51570176,-1,1
51572172,-1,1
51574172,-1,1
51576172,-1,1
51578176,-1,1
51580172,-1,1
51582176,-1,1
51584176,-1,1
51586176,-1,1
51588172,-1,1
51590176,-1,1
51592172,-1,1
51594176,-1,1
51596172,-1,1
51598176,-1,1
51600176,-1,1
51602176,-1,1
51604172,-1,1
51606176,-1,1
51608176,-1,1
51610172,-1,1
51612172,-1,1
51614172,-1,1
51616176,-1,1
51618176,-1,1
51620172,-1,1
51622176,-1,1
51624176,-1,1
51626172,-1,1
51628176,-1,1
51630172,-1,1
51632172,-1,1
51634172,-1,1
51636176,-1,1
51638172,-1,1
51640176,-1,1
51642176,-1,1
51644172,-1,1
51646176,-1,1
51648172,-1,1
51650176,-1,1
51652172,-1,1
51654172,-1,1
51656176,-1,1
51658172,-1,1
51660176,-1,1
51662172,-1,1
51664176,-1,1
51666176,-1,1
51668172,-1,1
51670176,-1,1
51672172,-1,1
51674176,-1,1
51676180,-1,1
51678176,-1,1
51680172,-1,1
51682176,-1,1
51684172,-1,1
51686172,-1,1
51688172,-1,1
51690172,-1,1
51692172,-1,1
51694172,-1,1
51696176,-1,1
51698172,-1,1
51700176,-1,1
51702172,-1,1
51704176,-1,1
51706172,-1,1
51708172,-1,1
51710176,-1,1
51712176,-1,1
51714176,-1,1
51716172,-1,1
51718172,-1,1
51720172,-1,1
51722176,-1,1
51724172,-1,1
51726176,-1,1
51728172,-1,1
51730172,-1,1
51732176,-1,1
51734172,-1,1
51736176,-1,1
51738172,-1,1
51740176,-1,1
51742172,-1,1
51744176,-1,1
51746172,-1,1
51748176,-1,1
51750172,-1,1
51752176,-1,1
51754172,-1,1
51756172,-1,1
51758176,-1,1
51760172,-1,1
51762172,-1,1
51764176,-1,1
51766172,-1,1
51768176,-1,1
51770172,-1,1
51772172,-1,1
51774176,-1,1
51776172,-1,1
51778172,-1,1
51780176,-1,1
51782176,-1,1
51784172,-1,1
51786176,-1,1
51788172,-1,1
51790176,-1,1
51792172,-1,1
51794176,-1,1
51796172,-1,1
51798176,-1,1
51800172,-1,1
51802176,-1,1
51804180,-1,1
51806172,-1,1
51808176,-1,1
51810172,-1,1
51812176,-1,1
51814172,-1,1
51816172,-1,1
51818176,-1,1
51820176,-1,1
51822172,-1,1
51824176,-1,1
51826172,-1,1
51828176,-1,1
51830172,-1,1
51832176,-1,1
51834172,-1,1
51836172,-1,1
51838176,-1,1
51840176,-1,1
51842176,-1,1
51844176,-1,1
51846172,-1,1
51848172,-1,1
51850172,-1,1
51852176,-1,1
51854172,-1,1
51856176,-1,1
51858176,-1,1
51860172,-1,1
51862176,-1,1
51864172,-1,1
51866176,-1,1
51868176,-1,1
51870172,-1,1
51872176,-1,1
51874176,-1,1
51876172,-1,1
51878176,-1,1
51880172,-1,1
51882176,-1,1
51884172,-1,1
51886176,-1,1
51888172,-1,1
51890172,-1,1
51892176,-1,1
51894172,-1,1
51896176,-1,1
51898172,-1,1
51900176,-1,1
51902172,-1,1
51904172,-1,1
51906172,-1,1
51908172,-1,1
51910172,-1,1
51912172,-1,1
51914176,-1,1
51916176,-1,1
51918172,-1,1
51920176,-1,1
51922172,-1,1
51924176,-1,1
51926172,-1,1
51928176,-1,1
51930172,-1,1
51932180,-1,1
51934172,-1,1
51936176,-1,1
51938176,-1,1
51940176,-1,1
51942172,-1,1
51944172,-1,1
51946176,-1,1
51948172,-1,1
51950176,-1,1
51952172,-1,1
51954176,-1,1
51956172,-1,1
51958172,-1,1
51960176,-1,1
51962172,-1,1
51964176,-1,1
51966176,-1,1
51968172,-1,1
51970176,-1,1
51972172,-1,1
51974176,-1,1
51976172,-1,1
51978176,-1,1
51980172,-1,1
51982176,-1,1
51984172,-1,1
51986176,-1,1
51988172,-1,1
51990172,-1,1
51992176,-1,1
51994172,-1,1
51996172,-1,1
51998176,-1,1
52000176,-1,1
52002176,-1,1
52004172,-1,1
52006172,-1,1
52008172,-1,1
52010176,-1,1
52012172,-1,1
52014176,-1,1
52016172,-1,1
52018172,-1,1
52020172,-1,1
52022172,-1,1
52024176,-1,1
52026176,-1,1
52028172,-1,1
52030176,-1,1
52032172,-1,1
52034172,-1,1
52036176,-1,1
52038172,-1,1
52040176,-1,1
52042176,-1,1
52044172,-1,1
52046176,-1,1
52048172,-1,1
52050172,-1,1
52052176,-1,1
52054172,-1,1
52056172,-1,1
52058176,-1,1
52060180,-1,1
52062172,-1,1
52064176,-1,1
52066176,-1,1
52068172,-1,1
52070176,-1,1
52072176,-1,1
52074172,-1,1
52076176,-1,1
52078172,-1,1
52080176,-1,1
52082172,-1,1
52084176,-1,1
52086172,-1,1
52088176,-1,1
52090172,-1,1
52092172,-1,1
52094176,-1,1
52096176,-1,1
52098176,-1,1
52100176,-1,1
52102172,-1,1
52104172,-1,1
52106172,-1,1
52108176,-1,1
52110172,-1,1
52112172,-1,1
52114172,-1,1
52116172,-1,1
52118176,-1,1
52120172,-1,1
52122176,-1,1
52124172,-1,1
52126176,-1,1
52128172,-1,1
52130172,-1,1
52132176,-1,1
52134172,-1,1
52136172,-1,1
52138176,-1,1
52140172,-1,1
52142172,-1,1
52144176,-1,1
52146176,-1,1
52148172,-1,1
52150176,-1,1
52152172,-1,1
52154172,-1,1
52156176,-1,1
52158176,-1,1
52160172,-1,1
52162176,-1,1
52164172,-1,1
52166176,-1,1
52168172,-1,1
52170176,-1,1
52172172,-1,1
52174176,-1,1
52176172,-1,1
52178176,-1,1
52180176,-1,1
52182172,-1,1
52184176,-1,1
52186172,-1,1
52188180,-1,1
52190176,-1,1
52192176,-1,1
52194172,-1,1
52196176,-1,1
52198172,-1,1
52200172,-1,1
52202176,-1,1
52204172,-1,1
52206176,-1,1
52208172,-1,1
52210176,-1,1
52212176,-1,1
52214172,-1,1
52216172,-1,1
52218176,-1,1
52220176,-1,1
52222172,-1,1
52224172,-1,1
52226172,-1,1
52228176,-1,1
52230172,-1,1
52232172,-1,1
52234176,-1,1
52236172,-1,1
52238176,-1,1
52240172,-1,1
52242172,-1,1
52244176,-1,1
52246172,-1,1
52248176,-1,1
52250172,-1,1
52252176,-1,1
52254172,-1,1
52256176,-1,1
52258172,-1,1
52260176,-1,1
52262172,-1,1
52264172,-1,1
52266176,-1,1
52268172,-1,1
52270176,-1,1
52272172,-1,1
52274172,-1,1
52276176,-1,1
52278172,-1,1
52280176,-1,1
52282172,-1,1
52284176,-1,1
52286176,-1,1
52288172,-1,1
52290172,-1,1
52292176,-1,1
52294172,-1,1
52296172,-1,1
52298176,-1,1
52300172,-1,1
52302172,-1,1
52304176,-1,1
52306172,-1,1
52308176,-1,1
52310172,-1,1
52312172,-1,1
52314176,-1,1
52316180,-1,1
52318176,-1,1
52320176,-1,1
52322172,-1,1
52324176,-1,1
52326172,-1,1
52328172,-1,1
52330176,-1,1
52332172,-1,1
52334176,-1,1
52336176,-1,1
52338172,-1,1
52340176,-1,1
52342172,-1,1
52344172,-1,1
52346176,-1,1
52348176,-1,1
52350172,-1,1
52352172,-1,1
52354176,-1,1
52356172,-1,1
52358176,-1,1
52360172,-1,1
52362176,-1,1
52364172,-1,1
52366172,-1,1
52368176,-1,1
52370172,-1,1
52372176,-1,1
52374176,-1,1
52376172,-1,1
52378172,-1,1
52380176,-1,1
52382172,-1,1
52384172,-1,1
52386176,-1,1
52388176,-1,1
52390172,-1,1
52392172,-1,1
52394176,-1,1
52396176,-1,1
52398172,-1,1
52400172,-1,1
52402172,-1,1
52404172,-1,1
52406176,-1,1
52408176,-1,1
52410172,-1,1
52412172,-1,1
52414176,-1,1
52416176,-1,1
52418172,-1,1
52420172,-1,1
52422176,-1,1
52424176,-1,1
52426172,-1,1
52428172,-1,1
52430172,-1,1
52432172,-1,1
52434172,-1,1
52436172,-1,1
52438172,-1,1
52440172,-1,1
52442172,-1,1
52444180,-1,1
52446172,-1,1
52448172,-1,1
52450172,-1,1
52452172,-1,1
52454172,-1,1
52456176,-1,1
52458176,-1,1
52460176,-1,1
52462172,-1,1
52464172,-1,1
52466172,-1,1
52468176,-1,1
52470176,-1,1
52472172,-1,1
52474172,-1,1
52476176,-1,1
52478176,-1,1
52480172,-1,1
52482176,-1,1
52484176,-1,1
52486176,-1,1
52488172,-1,1
52490176,-1,1
52492176,-1,1
52494176,-1,1
52496176,-1,1
52498176,-1,1
52500176,-1,1
52502176,-1,1
52504176,-1,1
52506176,-1,1
52508176,-1,1
52510176,-1,1
52512172,-1,1
52514172,-1,1
52516172,-1,1
52518176,-1,1
52520172,-1,1
52522172,-1,1
52524172,-1,1
52526172,-1,1
52528172,-1,1
52530172,-1,1
52532172,-1,1
52534172,-1,1
52536172,-1,1
52538172,-1,1
52540176,-1,1
52542176,-1,1
52544176,-1,1
52546176,-1,1
52548176,-1,1
52550176,-1,1
52552172,-1,1
52554172,-1,1
52556172,-1,1
52558176,-1,1
52560176,-1,1
52562176,-1,1
52564176,-1,1
52566176,-1,1
52568172,-1,1
52570172,-1,1
52572180,-1,1
52574172,-1,1
52576176,-1,1
52578176,-1,1
52580176,-1,1
52582176,-1,1
52584172,-1,1
52586172,-1,1
52588176,-1,1
52590176,-1,1
52592172,-1,1
52594172,-1,1
52596176,-1,1
52598176,-1,1
52600176,-1,1
52602172,-1,1
52604172,-1,1
52606176,-1,1
52608176,-1,1
52610176,-1,1
52612176,-1,1
52614172,-1,1
52616176,-1,1
52618176,-1,1
52620172,-1,1
52622172,-1,1
52624176,-1,1
52626176,-1,1
52628172,-1,1
52630172,-1,1
52632176,-1,1
52634172,-1,1
52636172,-1,1
52638172,-1,1
52640172,-1,1
52642172,-1,1
52644172,-1,1
52646172,-1,1
52648176,-1,1
52650176,-1,1
52652176,-1,1
52654172,-1,1
52656172,-1,1
52658180,-1,1
52660172,-1,1
52662172,-1,1
52664176,-1,1
52666176,-1,1
52668176,-1,1
52670172,-1,1
52672176,-1,1
52674176,-1,1
52676172,-1,1
52678172,-1,1
52680172,-1,1
52682176,-1,1
52684176,-1,1
52686172,-1,1
52688172,-1,1
52690172,-1,1
52692172,-1,1
52694176,-1,1
52696172,-1,1
52698172,-1,1
52700180,-1,1
52702172,-1,1
52704176,-1,1
52706172,-1,1
52708172,-1,1
52710176,-1,1
52712172,-1,1
52714176,-1,1
52716172,-1,1
52718172,-1,1
52720176,-1,1
52722172,-1,1
52724172,-1,1
52726176,-1,1
52728172,-1,1
52730176,-1,1
52732172,-1,1
52734176,-1,1
52736172,-1,1
52738172,-1,1
52740172,-1,1
52742172,-1,1
52744172,-1,1
52746172,-1,1
52748176,-1,1
52750172,-1,1
52752172,-1,1
52754176,-1,1
52756172,-1,1
52758172,-1,1
52760176,-1,1
52762176,-1,1
52764176,-1,1
52766172,-1,1
52768172,-1,1
52770172,-1,1
52772176,-1,1
52774176,-1,1
52776172,-1,1
52778172,-1,1
52780176,-1,1
52782172,-1,1
52784172,-1,1
52786172,-1,1
52788176,-1,1
52790176,-1,1
52792172,-1,1
52794176,-1,1
52796172,-1,1
52798172,-1,1
52800176,-1,1
52802176,-1,1
52804176,-1,1
52806176,-1,1
52808176,-1,1
52810176,-1,1
52812176,-1,1
52814172,-1,1
52816172,-1,1
52818172,-1,1
52820172,-1,1
52822172,-1,1
52824176,-1,1
52826176,-1,1
52828180,-1,1
52830176,-1,1
52832176,-1,1
52834172,-1,1
52836172,-1,1
52838176,-1,1
52840172,-1,1
52842172,-1,1
52844172,-1,1
52846172,-1,1
52848172,-1,1
52850172,-1,1
52852172,-1,1
52854172,-1,1
52856172,-1,1
52858176,-1,1
52860176,-1,1
52862176,-1,1
52864172,-1,1
52866172,-1,1
52868172,-1,1
52870172,-1,1
52872176,-1,1
52874172,-1,1
52876172,-1,1
52878176,-1,1
52880176,-1,1
52882176,-1,1
52884176,-1,1
52886176,-1,1
52888176,-1,1
52890172,-1,1
52892172,-1,1
52894172,-1,1
52896176,-1,1
52898172,-1,1
52900176,-1,1
52902176,-1,1
52904172,-1,1
52906172,-1,1
52908176,-1,1
52910172,-1,1
52912172,-1,1
52914172,-1,1
52916176,-1,1
52918172,-1,1
52920172,-1,1
52922176,-1,1
52924172,-1,1
52926172,-1,1
52928172,-1,1
52930172,-1,1
52932176,-1,1
52934176,-1,1
52936172,-1,1
52938172,-1,1
52940176,-1,1
52942172,-1,1
52944172,-1,1
52946176,-1,1
52948176,-1,1
52950172,-1,1
52952176,-1,1
52954176,-1,1
52956180,-1,1
52958172,-1,1
52960176,-1,1
52962176,-1,1
52964176,-1,1
52966172,-1,1
52968172,-1,1
52970176,-1,1
52972176,-1,1
52974172,-1,1
52976172,-1,1
52978176,-1,1
52980172,-1,1
52982172,-1,1
52984176,-1,1
52986172,-1,1
52988176,-1,1
52990176,-1,1
52992176,-1,1
52994176,-1,1
52996176,-1,1
52998172,-1,1
53000172,-1,1
53002172,-1,1
53004176,-1,1
53006172,-1,1
53008172,-1,1
53010172,-1,1
53012176,-1,1
53014172,-1,1
53016176,-1,1
53018176,-1,1
53020172,-1,1
53022176,-1,1
53024172,-1,1
53026172,-1,1
53028176,-1,1
53030176,-1,1
53032176,-1,1
53034172,-1,1
53036176,-1,1
53038172,-1,1
53040176,-1,1
53042176,-1,1
53044172,-1,1
53046172,-1,1
53048176,-1,1
53050176,-1,1
53052172,-1,1
53054176,-1,1
53056172,-1,1
53058172,-1,1
53060176,-1,1
53062176,-1,1
53064172,-1,1
53066176,-1,1
53068172,-1,1
53070176,-1,1
53072172,-1,1
53074172,-1,1
53076176,-1,1
53078172,-1,1
53080176,-1,1
53082172,-1,1
53084180,-1,1
53086176,-1,1
53088172,-1,1
53090172,-1,1
53092176,-1,1
53094176,-1,1
53096172,-1,1
53098176,-1,1
53100176,-1,1
53102172,-1,1
53104176,-1,1
53106172,-1,1
53108176,-1,1
53110176,-1,1
53112172,-1,1
53114172,-1,1
53116176,-1,1
53118172,-1,1
53120176,-1,1
53122176,-1,1
53124172,-1,1
53126172,-1,1
53128172,-1,1
53130172,-1,1
53132176,-1,1
53134176,-1,1
53136172,-1,1
53138172,-1,1
53140176,-1,1
53142172,-1,1
53144176,-1,1
53146172,-1,1
53148172,-1,1
53150172,-1,1
53152176,-1,1
53154176,-1,1
53156172,-1,1
53158176,-1,1
53160172,-1,1
53162172,-1,1
53164176,-1,1
53166172,-1,1
53168176,-1,1
53170172,-1,1
53172176,-1,1
53174172,-1,1
53176176,-1,1
53178176,-1,1
53180172,-1,1
53182176,-1,1
53184172,-1,1
53186176,-1,1
53188172,-1,1
53190172,-1,1
53192176,-1,1
53194172,-1,1
53196176,-1,1
53198176,-1,1
53200172,-1,1
53202172,-1,1
53204176,-1,1
53206176,-1,1
53208172,-1,1
53210176,-1,1
53212180,-1,1
53214172,-1,1
53216176,-1,1
53218176,-1,1
53220172,-1,1
53222176,-1,1
53224172,-1,1
53226176,-1,1
53228172,-1,1
53230176,-1,1
53232172,-1,1
53234176,-1,1
53236172,-1,1
53238176,-1,1
53240172,-1,1
53242176,-1,1
53244176,-1,1
53246172,-1,1
53248172,-1,1
53250176,-1,1
53252176,-1,1
53254176,-1,1
53256176,-1,1
53258176,-1,1
53260176,-1,1
53262176,-1,1
53264172,-1,1
53266176,-1,1
53268172,-1,1
53270172,-1,1
53272172,-1,1
53274176,-1,1
53276176,-1,1
53278176,-1,1
53280172,-1,1
53282172,-1,1
53284172,-1,1
53286172,-1,1
53288172,-1,1
53290176,-1,1
53292176,-1,1
53294176,-1,1
53296172,-1,1
53298180,-1,1
53300172,-1,1
53302172,-1,1
53304172,-1,1
53306176,-1,1
53308176,-1,1
53310176,-1,1
53312172,-1,1
53314172,-1,1
53316172,-1,1
53318176,-1,1
53320172,-1,1
53322172,-1,1
53324176,-1,1
53326176,-1,1
53328172,-1,1
53330172,-1,1
53332172,-1,1
53334176,-1,1
53336176,-1,1
53338172,-1,1
53340180,-1,1
53342172,-1,1
53344176,-1,1
53346176,-1,1
53348172,-1,1
53350172,-1,1
53352172,-1,1
53354172,-1,1
53356176,-1,1
53358176,-1,1
53360172,-1,1
53362172,-1,1
53364176,-1,1
53366176,-1,1
53368172,-1,1
53370176,-1,1
53372172,-1,1
53374172,-1,1
53376176,-1,1
53378176,-1,1
53380172,-1,1
53382172,-1,1
53384172,-1,1
53386172,-1,1
53388176,-1,1
53390172,-1,1
53392176,-1,1
53394176,-1,1
53396172,-1,1
53398176,-1,1
53400172,-1,1
53402176,-1,1
53404176,-1,1
53406172,-1,1
53408176,-1,1
53410176,-1,1
53412172,-1,1
53414176,-1,1
53416176,-1,1
53418172,-1,1
53420172,-1,1
53422176,-1,1
53424172,-1,1
53426184,-1,1
53428172,-1,1
53430176,-1,1
53432172,-1,1
53434176,-1,1
53436172,-1,1
53438172,-1,1
53440176,-1,1
53442172,-1,1
53444172,-1,1
53446172,-1,1
53448176,-1,1
53450172,-1,1
53452176,-1,1
53454176,-1,1
53456172,-1,1
53458172,-1,1
53460172,-1,1
53462176,-1,1
53464176,-1,1
53466172,-1,1
53468180,-1,1
53470172,-1,1
53472172,-1,1
53474176,-1,1
53476176,-1,1
53478172,-1,1
53480176,-1,1
53482172,-1,1
53484172,-1,1
53486176,-1,1
53488176,-1,1
53490172,-1,1
53492176,-1,1
53494172,-1,1
53496172,-1,1
53498176,-1,1
53500172,-1,1
53502176,-1,1
53504172,-1,1
53506172,-1,1
53508172,-1,1
53510176,-1,1
53512176,-1,1
53514176,-1,1
53516172,-1,1
53518176,-1,1
53520172,-1,1
53522172,-1,1
53524176,-1,1
53526172,-1,1
53528176,-1,1
53530176,-1,1
53532172,-1,1
53534176,-1,1
53536172,-1,1
53538172,-1,1
53540176,-1,1
53542172,-1,1
53544176,-1,1
53546172,-1,1
53548176,-1,1
53550172,-1,1
53552176,-1,1
53554176,-1,1
53556172,-1,1
53558176,-1,1
53560172,-1,1
53562172,-1,1
53564176,-1,1
53566172,-1,1
53568176,-1,1
53570172,-1,1
53572176,-1,1
53574172,-1,1
53576176,-1,1
53578176,-1,1
53580172,-1,1
53582176,-1,1
53584172,-1,1
53586176,-1,1
53588172,-1,1
53590172,-1,1
53592172,-1,1
53594176,-1,1
53596180,-1,1
53598172,-1,1
53600176,-1,1
53602176,-1,1
53604172,-1,1
53606172,-1,1
53608172,-1,1
53610172,-1,1
53612176,-1,1
53614176,-1,1
53616172,-1,1
53618176,-1,1
53620172,-1,1
53622172,-1,1
53624176,-1,1
53626172,-1,1
53628176,-1,1
53630172,-1,1
53632176,-1,1
53634172,-1,1
53636176,-1,1
53638172,-1,1
53640172,-1,1
53642172,-1,1
53644176,-1,1
53646172,-1,1
53648176,-1,1
53650172,-1,1
53652176,-1,1
53654172,-1,1
53656176,-1,1
53658172,-1,1
53660176,-1,1
53662176,-1,1
53664172,-1,1
53666172,-1,1
53668176,-1,1
53670176,-1,1
53672172,-1,1
53674176,-1,1
53676172,-1,1
53678176,-1,1
53680172,-1,1
53682172,-1,1
53684172,-1,1
53686176,-1,1
53688172,-1,1
53690176,-1,1
53692172,-1,1
53694176,-1,1
53696172,-1,1
53698172,-1,1
53700176,-1,1
53702172,-1,1
53704176,-1,1
53706172,-1,1
53708176,-1,1
53710172,-1,1
53712176,-1,1
53714172,-1,1
53716176,-1,1
53718172,-1,1
53720172,-1,1
53722172,-1,1
53724180,-1,1
53726172,-1,1
53728176,-1,1
53730172,-1,1
53732176,-1,1
53734172,-1,1
53736172,-1,1
53738176,-1,1
53740172,-1,1
53742176,-1,1
53744176,-1,1
53746172,-1,1
53748176,-1,1
53750172,-1,1
53752176,-1,1
53754172,-1,1
53756176,-1,1
53758172,-1,1
53760172,-1,1
53762176,-1,1
53764176,-1,1
53766176,-1,1
53768176,-1,1
53770176,-1,1
53772176,-1,1
53774176,-1,1
53776172,-1,1
53778172,-1,1
53780172,-1,1
53782176,-1,1
53784176,-1,1
53786176,-1,1
53788176,-1,1
53790176,-1,1
53792172,-1,1
53794172,-1,1
53796172,-1,1
53798176,-1,1
53800176,-1,1
53802172,-1,1
53804172,-1,1
53806176,-1,1
53808176,-1,1
53810172,-1,1
53812176,-1,1
53814172,-1,1
53816172,-1,1
53818176,-1,1
53820176,-1,1
53822172,-1,1
53824176,-1,1
53826172,-1,1
53828176,-1,1
53830176,-1,1
53832172,-1,1
53834172,-1,1
53836176,-1,1
53838172,-1,1
53840172,-1,1
53842176,-1,1
53844176,-1,1
53846172,-1,1
53848172,-1,1
53850176,-1,1
53852180,-1,1
53854176,-1,1
53856172,-1,1
53858172,-1,1
53860176,-1,1
53862172,-1,1
53864176,-1,1
53866176,-1,1
53868172,-1,1
53870172,-1,1
53872176,-1,1
53874176,-1,1
53876172,-1,1
53878172,-1,1
53880176,-1,1
53882172,-1,1
53884176,-1,1
53886176,-1,1
53888172,-1,1
53890176,-1,1
53892176,-1,1
53894172,-1,1
53896172,-1,1
53898172,-1,1
53900176,-1,1
53902172,-1,1
53904176,-1,1
53906176,-1,1
53908172,-1,1
53910172,-1,1
53912176,-1,1
53914172,-1,1
53916176,-1,1
53918176,-1,1
53920172,-1,1
53922172,-1,1
53924176,-1,1
53926176,-1,1
53928172,-1,1
53930172,-1,1
53932176,-1,1
53934172,-1,1
53936176,-1,1
53938172,-1,1
53940172,-1,1
53942172,-1,1
53944176,-1,1
53946172,-1,1
53948176,-1,1
53950172,-1,1
53952176,-1,1
53954176,-1,1
53956172,-1,1
53958176,-1,1
53960172,-1,1
53962176,-1,1
53964172,-1,1
53966176,-1,1
53968176,-1,1
53970172,-1,1
53972176,-1,1
53974172,-1,1
53976176,-1,1
53978172,-1,1
53980180,-1,1
53982176,-1,1
53984172,-1,1
53986176,-1,1
53988176,-1,1
53990172,-1,1
53992176,-1,1
53994172,-1,1
53996176,-1,1
53998172,-1,1
54000176,-1,1
54002172,-1,1
54004176,-1,1
54006172,-1,1
54008172,-1,1
54010176,-1,1
54012176,-1,1
54014176,-1,1
54016176,-1,1
54018176,-1,1
54020172,-1,1
54022172,-1,1
54024176,-1,1
54026176,-1,1
54028172,-1,1
54030176,-1,1
54032172,-1,1
54034172,-1,1
54036176,-1,1
54038172,-1,1
54040176,-1,1
54042172,-1,1
54044176,-1,1
54046172,-1,1
54048176,-1,1
54050172,-1,1
54052176,-1,1
54054172,-1,1
54056176,-1,1
54058172,-1,1
54060176,-1,1
54062172,-1,1
54064172,-1,1
54066172,-1,1
54068172,-1,1
54070172,-1,1
54072172,-1,1
54074176,-1,1
54076176,-1,1
54078172,-1,1
54080172,-1,1
54082172,-1,1
54084172,-1,1
54086172,-1,1
54088176,-1,1
54090176,-1,1
54092176,-1,1
54094172,-1,1
54096172,-1,1
54098172,-1,1
54100176,-1,1
54102176,-1,1
54104172,-1,1
54106176,-1,1
54108180,-1,1
54110176,-1,1
54112172,-1,1
54114172,-1,1
54116176,-1,1
54118176,-1,1
54120172,-1,1
54122176,-1,1
54124176,-1,1
54126172,-1,1
54128176,-1,1
54130176,-1,1
54132172,-1,1
54134176,-1,1
54136176,-1,1
54138172,-1,1
54140176,-1,1
54142172,-1,1
54144176,-1,1
54146172,-1,1
54148172,-1,1
54150176,-1,1
54152176,-1,1
54154172,-1,1
54156176,-1,1
54158176,-1,1
54160172,-1,1
54162176,-1,1
54164176,-1,1
54166172,-1,1
54168176,-1,1
54170172,-1,1
54172172,-1,1
54174176,-1,1
54176172,-1,1
54178172,-1,1
54180176,-1,1
54182176,-1,1
54184172,-1,1
54186176,-1,1
54188172,-1,1
54190176,-1,1
54192172,-1,1
54194172,-1,1
54196176,-1,1
54198172,-1,1
54200176,-1,1
54202172,-1,1
54204172,-1,1
54206176,-1,1
54208172,-1,1
54210176,-1,1
54212172,-1,1
54214176,-1,1
54216172,-1,1
54218176,-1,1
54220172,-1,1
54222176,-1,1
54224172,-1,1
54226176,-1,1
54228172,-1,1
54230176,-1,1
54232176,-1,1
54234172,-1,1
54236180,-1,1
54238176,-1,1
54240172,-1,1
54242176,-1,1
54244176,-1,1
54246172,-1,1
54248176,-1,1
54250172,-1,1
54252176,-1,1
54254172,-1,1
54256176,-1,1
54258172,-1,1
54260176,-1,1
54262172,-1,1
54264176,-1,1
54266172,-1,1
54268176,-1,1
54270176,-1,1
54272172,-1,1
54274172,-1,1
54276172,-1,1
54278176,-1,1
54280176,-1,1
54282176,-1,1
54284172,-1,1
54286172,-1,1
54288176,-1,1
54290176,-1,1
54292172,-1,1
54294176,-1,1
54296172,-1,1
54298172,-1,1
54300176,-1,1
54302172,-1,1
54304176,-1,1
54306176,-1,1
54308172,-1,1
54310176,-1,1
54312176,-1,1
54314172,-1,1
54316176,-1,1
54318172,-1,1
54320176,-1,1
54322172,-1,1
54324176,-1,1
54326172,-1,1
54328176,-1,1
54330172,-1,1
54332176,-1,1
54334172,-1,1
54336176,-1,1
54338176,-1,1
54340172,-1,1
54342176,-1,1
54344172,-1,1
54346176,-1,1
54348172,-1,1
54350176,-1,1
54352172,-1,1
54354176,-1,1
54356172,-1,1
54358176,-1,1
54360176,-1,1
54362172,-1,1
54364180,-1,1
54366176,-1,1
54368172,-1,1
54370176,-1,1
54372172,-1,1
54374176,-1,1
54376176,-1,1
54378172,-1,1
54380176,-1,1
54382172,-1,1
54384172,-1,1
54386176,-1,1
54388172,-1,1
54390176,-1,1
54392176,-1,1
54394172,-1,1
54396172,-1,1
54398176,-1,1
54400172,-1,1
54402172,-1,1
54404172,-1,1
54406172,-1,1
54408176,-1,1
54410176,-1,1
54412176,-1,1
54414172,-1,1
54416172,-1,1
54418172,-1,1
54420172,-1,1
54422176,-1,1
54424176,-1,1
54426172,-1,1
54428172,-1,1
54430172,-1,1
54432176,-1,1
54434176,-1,1
54436172,-1,1
54438172,-1,1
54440176,-1,1
54442176,-1,1
54444172,-1,1
54446172,-1,1
54448172,-1,1
54450172,-1,1
54452176,-1,1
54454176,-1,1
54456172,-1,1
54458176,-1,1
54460176,-1,1
54462172,-1,1
54464176,-1,1
54466176,-1,1
54468172,-1,1
54470176,-1,1
54472172,-1,1
54474172,-1,1
54476176,-1,1
54478172,-1,1
54480176,-1,1
54482176,-1,1
54484176,-1,1
54486176,-1,1
54488172,-1,1
54490172,-1,1
54492180,-1,1
54494172,-1,1
54496176,-1,1
54498176,-1,1
54500176,-1,1
54502172,-1,1
54504176,-1,1
54506176,-1,1
54508172,-1,1
54510172,-1,1
54512176,-1,1
54514172,-1,1
54516176,-1,1
54518172,-1,1
54520172,-1,1
54522176,-1,1
54524172,-1,1
54526176,-1,1
54528172,-1,1
54530172,-1,1
54532172,-1,1
54534176,-1,1
54536176,-1,1
54538176,-1,1
54540172,-1,1
54542176,-1,1
54544176,-1,1
54546172,-1,1
54548176,-1,1
54550176,-1,1
54552176,-1,1
54554176,-1,1
54556172,-1,1
54558176,-1,1
54560172,-1,1
54562172,-1,1
54564176,-1,1
54566176,-1,1
54568172,-1,1
54570172,-1,1
54572176,-1,1
54574172,-1,1
54576176,-1,1
54578172,-1,1
54580176,-1,1
54582172,-1,1
54584172,-1,1
54586176,-1,1
54588172,-1,1
54590172,-1,1
54592176,-1,1
54594176,-1,1
54596172,-1,1
54598176,-1,1
54600172,-1,1
54602172,-1,1
54604176,-1,1
54606176,-1,1
54608172,-1,1
54610172,-1,1
54612176,-1,1
54614172,-1,1
54616176,-1,1
54618172,-1,1
54620180,-1,1
54622176,-1,1
54624172,-1,1
54626172,-1,1
54628176,-1,1
54630172,-1,1
54632172,-1,1
54634172,-1,1
54636176,-1,1
54638172,-1,1
54640176,-1,1
54642172,-1,1
54644176,-1,1
54646172,-1,1
54648176,-1,1
54650172,-1,1
54652176,-1,1
54654172,-1,1
54656176,-1,1
54658176,-1,1
54660172,-1,1
54662176,-1,1
54664176,-1,1
54666172,-1,1
54668176,-1,1
54670172,-1,1
54672176,-1,1
54674172,-1,1
54676176,-1,1
54678172,-1,1
54680176,-1,1
54682172,-1,1
54684176,-1,1
54686172,-1,1
54688172,-1,1
54690176,-1,1
54692172,-1,1
54694172,-1,1
54696172,-1,1
54698176,-1,1
54700172,-1,1
54702176,-1,1
54704172,-1,1
54706172,-1,1
54708176,-1,1
54710172,-1,1
54712172,-1,1
54714176,-1,1
54716176,-1,1
54718172,-1,1
54720176,-1,1
54722172,-1,1
54724176,-1,1
54726172,-1,1
54728172,-1,1
54730176,-1,1
54732172,-1,1
54734176,-1,1
54736172,-1,1
54738172,-1,1
54740176,-1,1
54742172,-1,1
54744176,-1,1
54746172,-1,1
54748180,-1,1
54750176,-1,1
54752172,-1,1
54754176,-1,1
54756172,-1,1
54758176,-1,1
54760172,-1,1
54762176,-1,1
54764172,-1,1
54766176,-1,1
54768172,-1,1
54770176,-1,1
54772172,-1,1
54774176,-1,1
54776172,-1,1
54778172,-1,1
54780176,-1,1
54782172,-1,1
54784172,-1,1
54786172,-1,1
54788176,-1,1
54790172,-1,1
54792172,-1,1
54794176,-1,1
54796172,-1,1
54798176,-1,1
54800172,-1,1
54802172,-1,1
54804176,-1,1
54806172,-1,1
54808176,-1,1
54810176,-1,1
54812172,-1,1
54814176,-1,1
54816172,-1,1
54818172,-1,1
54820176,-1,1
54822172,-1,1
54824176,-1,1
54826172,-1,1
54828176,-1,1
54830172,-1,1
54832176,-1,1
54834176,-1,1
54836172,-1,1
54838176,-1,1
54840172,-1,1
54842176,-1,1
54844172,-1,1
54846176,-1,1
54848172,-1,1
54850176,-1,1
54852172,-1,1
54854172,-1,1
54856172,-1,1
54858176,-1,1
54860172,-1,1
54862176,-1,1
54864172,-1,1
54866176,-1,1
54868172,-1,1
54870172,-1,1
54872176,-1,1
54874172,-1,1
54876180,-1,1
54878172,-1,1
54880172,-1,1
54882176,-1,1
54884172,-1,1
54886176,-1,1
54888176,-1,1
54890176,-1,1
54892172,-1,1
54894172,-1,1
54896176,-1,1
54898176,-1,1
54900172,-1,1
54902176,-1,1
54904172,-1,1
54906176,-1,1
54908172,-1,1
54910176,-1,1
54912172,-1,1
54914176,-1,1
54916176,-1,1
54918172,-1,1
54920176,-1,1
54922176,-1,1
54924172,-1,1
54926176,-1,1
54928172,-1,1
54930176,-1,1
54932172,-1,1
54934176,-1,1
54936172,-1,1
54938176,-1,1
54940172,-1,1
54942176,-1,1
54944172,-1,1
54946176,-1,1
54948172,-1,1
54950176,-1,1
54952172,-1,1
54954176,-1,1
54956172,-1,1
54958172,-1,1
54960176,-1,1
54962180,-1,1
54964172,-1,1
54966176,-1,1
54968176,-1,1
54970172,-1,1
54972176,-1,1
54974172,-1,1
54976176,-1,1
54978172,-1,1
54980176,-1,1
54982172,-1,1
54984176,-1,1
54986172,-1,1
54988172,-1,1
54990176,-1,1
54992172,-1,1
54994176,-1,1
54996172,-1,1
54998172,-1,1
55000176,-1,1
55002176,-1,1
55004180,-1,1
55006172,-1,1
55008172,-1,1
55010176,-1,1
55012172,-1,1
55014176,-1,1
55016176,-1,1
55018172,-1,1
55020172,-1,1
55022176,-1,1
55024176,-1,1
55026172,-1,1
55028172,-1,1
55030176,-1,1
55032176,-1,1
55034172,-1,1
55036172,-1,1
55038172,-1,1
55040172,-1,1
55042176,-1,1
55044176,-1,1
55046172,-1,1
55048176,-1,1
55050176,-1,1
55052176,-1,1
55054176,-1,1
55056172,-1,1
55058172,-1,1
55060176,-1,1
55062176,-1,1
55064172,-1,1
55066176,-1,1
55068176,-1,1
55070172,-1,1
55072176,-1,1
55074176,-1,1
55076172,-1,1
55078176,-1,1
55080172,-1,1
55082176,-1,1
55084172,-1,1
55086176,-1,1
55088172,-1,1
55090172,-1,1
55092176,-1,1
55094176,-1,1
55096172,-1,1
55098176,-1,1
55100176,-1,1
55102172,-1,1
55104176,-1,1
55106176,-1,1
55108172,-1,1
55110176,-1,1
55112172,-1,1
55114176,-1,1
55116172,-1,1
55118176,-1,1
55120172,-1,1
55122172,-1,1
55124176,-1,1
55126172,-1,1
55128176,-1,1
55130172,-1,1
55132180,-1,1
55134176,-1,1
55136172,-1,1
55138176,-1,1
55140172,-1,1
55142176,-1,1
55144172,-1,1
55146176,-1,1
55148172,-1,1
55150176,-1,1
55152172,-1,1
55154176,-1,1
55156172,-1,1
55158176,-1,1
55160172,-1,1
55162176,-1,1
55164176,-1,1
55166172,-1,1
55168176,-1,1
55170172,-1,1
55172176,-1,1
55174172,-1,1
55176172,-1,1
55178176,-1,1
55180176,-1,1
55182172,-1,1
55184176,-1,1
55186172,-1,1
55188176,-1,1
55190172,-1,1
55192172,-1,1
55194176,-1,1
55196172,-1,1
55198176,-1,1
55200176,-1,1
55202176,-1,1
55204172,-1,1
55206176,-1,1
55208172,-1,1
55210176,-1,1
55212172,-1,1
55214176,-1,1
55216172,-1,1
55218172,-1,1
55220176,-1,1
55222176,-1,1
55224172,-1,1
55226176,-1,1
55228172,-1,1
55230176,-1,1
55232172,-1,1
55234176,-1,1
55236172,-1,1
55238172,-1,1
55240172,-1,1
55242172,-1,1
55244172,-1,1
55246176,-1,1
55248172,-1,1
55250172,-1,1
55252172,-1,1
55254176,-1,1
55256172,-1,1
55258176,-1,1
55260180,-1,1
55262172,-1,1
55264176,-1,1
55266172,-1,1
55268176,-1,1
55270172,-1,1
55272172,-1,1
55274176,-1,1
55276176,-1,1
55278172,-1,1
55280176,-1,1
55282172,-1,1
55284176,-1,1
55286172,-1,1
55288172,-1,1
55290176,-1,1
55292176,-1,1
55294172,-1,1
55296172,-1,1
55298172,-1,1
55300172,-1,1
55302172,-1,1
55304172,-1,1
55306176,-1,1
55308172,-1,1
55310172,-1,1
55312176,-1,1
55314176,-1,1
55316172,-1,1
55318176,-1,1
55320172,-1,1
55322176,-1,1
55324172,-1,1
55326172,-1,1
55328176,-1,1
55330172,-1,1
55332176,-1,1
55334176,-1,1
55336176,-1,1
55338172,-1,1
55340176,-1,1
55342172,-1,1
55344172,-1,1
55346172,-1,1
55348172,-1,1
55350172,-1,1
55352176,-1,1
55354176,-1,1
55356172,-1,1
55358176,-1,1
55360172,-1,1
55362172,-1,1
55364176,-1,1
55366172,-1,1
55368176,-1,1
55370176,-1,1
55372176,-1,1
55374172,-1,1
55376176,-1,1
55378176,-1,1
55380172,-1,1
55382172,-1,1
55384176,-1,1
55386172,-1,1
55388180,-1,1
55390172,-1,1
55392176,-1,1
55394172,-1,1
55396176,-1,1
55398172,-1,1
55400176,-1,1
55402172,-1,1
55404172,-1,1
55406176,-1,1
55408172,-1,1
55410176,-1,1
55412172,-1,1
55414172,-1,1
55416176,-1,1
55418172,-1,1
55420172,-1,1
55422176,-1,1
55424172,-1,1
55426172,-1,1
55428176,-1,1
55430172,-1,1
55432172,-1,1
55434176,-1,1
55436172,-1,1
55438176,-1,1
55440172,-1,1
55442176,-1,1
55444176,-1,1
55446172,-1,1
55448176,-1,1
55450172,-1,1
55452176,-1,1
55454172,-1,1
55456176,-1,1
55458172,-1,1
55460176,-1,1
55462172,-1,1
55464176,-1,1
55466172,-1,1
55468176,-1,1
55470172,-1,1
55472176,-1,1
55474180,-1,1
55476172,-1,1
55478176,-1,1
55480172,-1,1
55482176,-1,1
55484176,-1,1
55486172,-1,1
55488176,-1,1
55490172,-1,1
55492176,-1,1
55494172,-1,1
55496176,-1,1
55498176,-1,1
55500172,-1,1
55502172,-1,1
55504176,-1,1
55506176,-1,1
55508172,-1,1
55510172,-1,1
55512176,-1,1
55514176,-1,1
55516180,-1,1
55518172,-1,1
55520172,-1,1
55522176,-1,1
55524172,-1,1
55526176,-1,1
55528172,-1,1
55530176,-1,1
55532172,-1,1
55534176,-1,1
55536176,-1,1
55538172,-1,1
55540176,-1,1
55542176,-1,1
55544172,-1,1
55546176,-1,1
55548172,-1,1
55550176,-1,1
55552176,-1,1
55554176,-1,1
55556172,-1,1
55558176,-1,1
55560172,-1,1
55562176,-1,1
55564172,-1,1
55566176,-1,1
55568172,-1,1
55570176,-1,1
55572172,-1,1
55574176,-1,1
55576172,-1,1
55578172,-1,1
55580176,-1,1
55582172,-1,1
55584176,-1,1
55586172,-1,1
55588176,-1,1
55590176,-1,1
55592172,-1,1
55594176,-1,1
55596176,-1,1
55598176,-1,1
55600172,-1,1
55602172,-1,1
55604172,-1,1
55606176,-1,1
55608172,-1,1
55610176,-1,1
55612172,-1,1
55614172,-1,1
55616176,-1,1
55618172,-1,1
55620176,-1,1
55622172,-1,1
55624172,-1,1
55626176,-1,1
55628172,-1,1
55630176,-1,1
55632176,-1,1
55634172,-1,1
55636176,-1,1
55638172,-1,1
55640172,-1,1
55642176,-1,1
55644180,-1,1
55646176,-1,1
55648172,-1,1
55650176,-1,1
55652176,-1,1
55654172,-1,1
55656172,-1,1
55658176,-1,1
55660176,-1,1
55662172,-1,1
55664172,-1,1
55666176,-1,1
55668176,-1,1
55670172,-1,1
55672172,-1,1
55674176,-1,1
55676176,-1,1
55678176,-1,1
55680176,-1,1
55682176,-1,1
55684172,-1,1
55686176,-1,1
55688172,-1,1
55690176,-1,1
55692172,-1,1
55694172,-1,1
55696176,-1,1
55698172,-1,1
55700176,-1,1
55702176,-1,1
55704176,-1,1
55706172,-1,1
55708176,-1,1
55710176,-1,1
55712172,-1,1
55714172,-1,1
55716176,-1,1
55718176,-1,1
55720172,-1,1
55722176,-1,1
55724172,-1,1
55726172,-1,1
55728176,-1,1
55730172,-1,1
55732176,-1,1
55734172,-1,1
55736176,-1,1
55738172,-1,1
55740176,-1,1
55742172,-1,1
55744176,-1,1
55746172,-1,1
55748176,-1,1
55750176,-1,1
55752172,-1,1
55754176,-1,1
55756172,-1,1
55758176,-1,1
55760172,-1,1
55762176,-1,1
55764172,-1,1
55766172,-1,1
55768172,-1,1
55770172,-1,1
55772180,-1,1
55774176,-1,1
55776172,-1,1
55778176,-1,1
55780172,-1,1
55782176,-1,1
55784176,-1,1
55786172,-1,1
55788176,-1,1
55790172,-1,1
55792176,-1,1
55794172,-1,1
55796176,-1,1
55798172,-1,1
55800176,-1,1
55802172,-1,1
55804172,-1,1
55806176,-1,1
55808176,-1,1
55810176,-1,1
55812176,-1,1
55814172,-1,1
55816172,-1,1
55818176,-1,1
55820172,-1,1
55822176,-1,1
55824172,-1,1
55826172,-1,1
55828176,-1,1
55830176,-1,1
55832172,-1,1
55834176,-1,1
55836172,-1,1
55838176,-1,1
55840172,-1,1
55842172,-1,1
55844176,-1,1
55846172,-1,1
55848176,-1,1
55850172,-1,1
55852176,-1,1
55854172,-1,1
55856176,-1,1
55858180,-1,1
55860176,-1,1
55862176,-1,1
55864172,-1,1
55866176,-1,1
55868176,-1,1
55870172,-1,1
55872176,-1,1
55874176,-1,1
55876172,-1,1
55878176,-1,1
55880172,-1,1
55882176,-1,1
55884172,-1,1
55886176,-1,1
55888172,-1,1
55890176,-1,1
55892172,-1,1
55894176,-1,1
55896172,-1,1
55898176,-1,1
55900180,-1,1
55902176,-1,1
55904172,-1,1
55906176,-1,1
55908176,-1,1
55910172,-1,1
55912172,-1,1
55914176,-1,1
55916172,-1,1
55918176,-1,1
55920172,-1,1
55922176,-1,1
55924172,-1,1
55926176,-1,1
55928176,-1,1
55930172,-1,1
55932176,-1,1
55934172,-1,1
55936172,-1,1
55938176,-1,1
55940172,-1,1
55942176,-1,1
55944172,-1,1
55946176,-1,1
55948172,-1,1
55950176,-1,1
55952176,-1,1
55954172,-1,1
55956176,-1,1
55958172,-1,1
55960172,-1,1
55962176,-1,1
55964172,-1,1
55966176,-1,1
55968176,-1,1
55970172,-1,1
55972176,-1,1
55974172,-1,1
55976176,-1,1
55978176,-1,1
55980172,-1,1
55982172,-1,1
55984176,-1,1
55986184,-1,1
55988176,-1,1
55990172,-1,1
55992172,-1,1
55994172,-1,1
55996176,-1,1
55998176,-1,1
56000172,-1,1
56002176,-1,1
56004172,-1,1
56006172,-1,1
56008176,-1,1
56010172,-1,1
56012176,-1,1
56014172,-1,1
56016176,-1,1
56018176,-1,1
56020172,-1,1
56022176,-1,1
56024172,-1,1
56026176,-1,1
56028180,-1,1
56030172,-1,1
56032176,-1,1
56034172,-1,1
56036176,-1,1
56038176,-1,1
56040176,-1,1
56042176,-1,1
56044172,-1,1
56046172,-1,1
56048176,-1,1
56050172,-1,1
56052176,-1,1
56054172,-1,1
56056176,-1,1
56058172,-1,1
56060176,-1,1
56062172,-1,1
56064176,-1,1
56066176,-1,1
56068172,-1,1
56070176,-1,1
56072176,-1,1
56074176,-1,1
56076176,-1,1
56078176,-1,1
56080172,-1,1
56082176,-1,1
56084176,-1,1
56086172,-1,1
56088176,-1,1
56090172,-1,1
56092176,-1,1
56094172,-1,1
56096176,-1,1
56098172,-1,1
56100172,-1,1
56102176,-1,1
56104176,-1,1
56106172,-1,1
56108176,-1,1
56110172,-1,1
56112172,-1,1
56114172,-1,1
56116172,-1,1
56118172,-1,1
56120176,-1,1
56122172,-1,1
56124176,-1,1
56126176,-1,1
56128172,-1,1
56130176,-1,1
56132172,-1,1
56134172,-1,1
56136172,-1,1
56138172,-1,1
56140176,-1,1
56142176,-1,1
56144172,-1,1
56146172,-1,1
56148176,-1,1
56150176,-1,1
56152172,-1,1
56154176,-1,1
56156180,-1,1
56158176,-1,1
56160172,-1,1
56162176,-1,1
56164172,-1,1
56166172,-1,1
56168172,-1,1
56170176,-1,1
56172172,-1,1
56174176,-1,1
56176172,-1,1
56178176,-1,1
56180172,-1,1
56182176,-1,1
56184172,-1,1
56186176,-1,1
56188176,-1,1
56190172,-1,1
56192172,-1,1
56194176,-1,1
56196172,-1,1
56198176,-1,1
56200172,-1,1
56202172,-1,1
56204176,-1,1
56206172,-1,1
56208176,-1,1
56210172,-1,1
56212176,-1,1
56214172,-1,1
56216172,-1,1
56218176,-1,1
56220172,-1,1
56222176,-1,1
56224172,-1,1
56226172,-1,1
56228172,-1,1
56230176,-1,1
56232172,-1,1
56234176,-1,1
56236176,-1,1
56238172,-1,1
56240176,-1,1
56242180,-1,1
56244172,-1,1
56246176,-1,1
56248172,-1,1
56250172,-1,1
56252176,-1,1
56254172,-1,1
56256176,-1,1
56258172,-1,1
56260172,-1,1
56262176,-1,1
56264172,-1,1
56266176,-1,1
56268176,-1,1
56270172,-1,1
56272172,-1,1
56274176,-1,1
56276172,-1,1
56278172,-1,1
56280176,-1,1
56282172,-1,1
56284180,-1,1
56286172,-1,1
56288176,-1,1
56290176,-1,1
56292172,-1,1
56294176,-1,1
56296176,-1,1
56298172,-1,1
56300172,-1,1
56302176,-1,1
56304176,-1,1
56306176,-1,1
56308172,-1,1
56310172,-1,1
56312172,-1,1
56314172,-1,1
56316172,-1,1
56318176,-1,1
56320172,-1,1
56322176,-1,1
56324172,-1,1
56326172,-1,1
56328172,-1,1
56330172,-1,1
56332176,-1,1
56334172,-1,1
56336172,-1,1
56338176,-1,1
56340176,-1,1
56342172,-1,1
56344176,-1,1
56346172,-1,1
56348176,-1,1
56350176,-1,1
56352172,-1,1
56354176,-1,1
56356172,-1,1
56358176,-1,1
56360172,-1,1
56362176,-1,1
56364176,-1,1
56366172,-1,1
56368172,-1,1
56370172,-1,1
56372172,-1,1
56374176,-1,1
56376176,-1,1
56378172,-1,1
56380172,-1,1
56382176,-1,1
56384172,-1,1
56386172,-1,1
56388172,-1,1
56390176,-1,1
56392172,-1,1
56394172,-1,1
56396176,-1,1
56398172,-1,1
56400176,-1,1
56402176,-1,1
56404172,-1,1
56406172,-1,1
56408176,-1,1
56410176,-1,1
56412180,-1,1
56414172,-1,1
56416172,-1,1
56418176,-1,1
56420172,-1,1
56422172,-1,1
56424176,-1,1
56426172,-1,1
56428172,-1,1
56430176,-1,1
56432172,-1,1
56434176,-1,1
56436176,-1,1
56438172,-1,1
56440176,-1,1
56442172,-1,1
56444176,-1,1
56446172,-1,1
56448176,-1,1
56450176,-1,1
56452176,-1,1
56454172,-1,1
56456172,-1,1
56458172,-1,1
56460176,-1,1
56462172,-1,1
56464176,-1,1
56466176,-1,1
56468172,-1,1
56470176,-1,1
56472172,-1,1
56474176,-1,1
56476172,-1,1
56478172,-1,1
56480172,-1,1
56482172,-1,1
56484176,-1,1
56486176,-1,1
56488172,-1,1
56490176,-1,1
56492176,-1,1
56494172,-1,1
56496176,-1,1
56498180,-1,1
56500172,-1,1
56502176,-1,1
56504172,-1,1
56506176,-1,1
56508172,-1,1
56510176,-1,1
56512172,-1,1
56514176,-1,1
56516172,-1,1
56518176,-1,1
56520176,-1,1
56522172,-1,1
56524176,-1,1
56526172,-1,1
56528176,-1,1
56530176,-1,1
56532176,-1,1
56534172,-1,1
56536176,-1,1
56538176,-1,1
56540180,-1,1
56542172,-1,1
56544176,-1,1
56546176,-1,1
56548172,-1,1
56550176,-1,1
56552172,-1,1
56554172,-1,1
56556176,-1,1
56558172,-1,1
56560176,-1,1
56562172,-1,1
56564176,-1,1
56566172,-1,1
56568172,-1,1
56570176,-1,1
56572172,-1,1
56574176,-1,1
56576176,-1,1
56578176,-1,1
56580176,-1,1
56582172,-1,1
56584172,-1,1
56586172,-1,1
56588176,-1,1
56590172,-1,1
56592176,-1,1
56594172,-1,1
56596176,-1,1
56598172,-1,1
56600176,-1,1
56602172,-1,1
56604172,-1,1
56606176,-1,1
56608176,-1,1
56610176,-1,1
56612172,-1,1
56614176,-1,1
56616172,-1,1
56618176,-1,1
56620172,-1,1
56622176,-1,1
56624172,-1,1
56626172,-1,1
56628176,-1,1
56630172,-1,1
56632176,-1,1
56634172,-1,1
56636176,-1,1
56638172,-1,1
56640176,-1,1
56642172,-1,1
56644172,-1,1
56646176,-1,1
56648172,-1,1
56650172,-1,1
56652176,-1,1
56654172,-1,1
56656176,-1,1
56658172,-1,1
56660172,-1,1
56662176,-1,1
56664172,-1,1
56666176,-1,1
56668180,-1,1
56670176,-1,1
56672172,-1,1
56674176,-1,1
56676172,-1,1
56678176,-1,1
56680172,-1,1
56682176,-1,1
56684172,-1,1
56686176,-1,1
56688172,-1,1
56690176,-1,1
56692172,-1,1
56694176,-1,1
56696172,-1,1
56698176,-1,1
56700172,-1,1
56702176,-1,1
56704176,-1,1
56706176,-1,1
56708172,-1,1
56710176,-1,1
56712176,-1,1
56714172,-1,1
56716176,-1,1
56718172,-1,1
56720172,-1,1
56722172,-1,1
56724176,-1,1
56726172,-1,1
56728172,-1,1
56730176,-1,1
56732172,-1,1
56734172,-1,1
56736176,-1,1
56738172,-1,1
56740176,-1,1
56742176,-1,1
56744176,-1,1
56746172,-1,1
56748176,-1,1
56750172,-1,1
56752176,-1,1
56754180,-1,1
56756172,-1,1
56758176,-1,1
56760176,-1,1
56762172,-1,1
56764176,-1,1
56766172,-1,1
56768172,-1,1
56770172,-1,1
56772172,-1,1
56774176,-1,1
56776172,-1,1
56778176,-1,1
56780172,-1,1
56782172,-1,1
56784176,-1,1
56786172,-1,1
56788176,-1,1
56790172,-1,1
56792172,-1,1
56794176,-1,1
56796180,-1,1
56798172,-1,1
56800172,-1,1
56802176,-1,1
56804176,-1,1
56806172,-1,1
56808172,-1,1
56810172,-1,1
56812172,-1,1
56814176,-1,1
56816172,-1,1
56818176,-1,1
56820172,-1,1
56822176,-1,1
56824172,-1,1
56826172,-1,1
56828176,-1,1
56830172,-1,1
56832172,-1,1
56834172,-1,1
56836176,-1,1
56838172,-1,1
56840172,-1,1
56842176,-1,1
56844172,-1,1
56846176,-1,1
56848172,-1,1
56850172,-1,1
56852176,-1,1
56854176,-1,1
56856176,-1,1
56858172,-1,1
56860176,-1,1
56862172,-1,1
56864176,-1,1
56866176,-1,1
56868172,-1,1
56870176,-1,1
56872176,-1,1
56874172,-1,1
56876176,-1,1
56878172,-1,1
56880176,-1,1
56882180,-1,1
56884176,-1,1
56886176,-1,1
56888172,-1,1
56890176,-1,1
56892172,-1,1
56894172,-1,1
56896176,-1,1
56898176,-1,1
56900172,-1,1
56902176,-1,1
56904176,-1,1
56906172,-1,1
56908176,-1,1
56910172,-1,1
56912176,-1,1
56914176,-1,1
56916172,-1,1
56918176,-1,1
56920176,-1,1
56922172,-1,1
56924180,-1,1
56926172,-1,1
56928176,-1,1
56930172,-1,1
56932172,-1,1
56934176,-1,1
56936176,-1,1
56938172,-1,1
56940176,-1,1
56942172,-1,1
56944176,-1,1
56946172,-1,1
56948176,-1,1
56950172,-1,1
56952172,-1,1
56954176,-1,1
56956176,-1,1
56958172,-1,1
56960172,-1,1
56962172,-1,1
56964176,-1,1
56966172,-1,1
56968172,-1,1
56970172,-1,1
56972172,-1,1
56974176,-1,1
56976172,-1,1
56978172,-1,1
56980176,-1,1
56982172,-1,1
56984176,-1,1
56986176,-1,1
56988176,-1,1
56990172,-1,1
56992172,-1,1
56994172,-1,1
56996172,-1,1
56998176,-1,1
57000172,-1,1
57002176,-1,1
57004176,-1,1
57006172,-1,1
57008176,-1,1
57010180,-1,1
57012176,-1,1
57014172,-1,1
57016176,-1,1
57018176,-1,1
57020172,-1,1
57022176,-1,1
57024172,-1,1
57026176,-1,1
57028172,-1,1
57030176,-1,1
57032172,-1,1
57034176,-1,1
57036176,-1,1
57038172,-1,1
57040176,-1,1
57042172,-1,1
57044172,-1,1
57046172,-1,1
57048176,-1,1
57050172,-1,1
57052180,-1,1
57054176,-1,1
57056172,-1,1
57058176,-1,1
57060172,-1,1
57062176,-1,1
57064176,-1,1
57066172,-1,1
57068176,-1,1
57070172,-1,1
57072176,-1,1
57074176,-1,1
57076172,-1,1
57078176,-1,1
57080176,-1,1
57082172,-1,1
57084176,-1,1
57086176,-1,1
57088176,-1,1
57090176,-1,1
57092172,-1,1
57094176,-1,1
57096172,-1,1
57098176,-1,1
57100172,-1,1
57102172,-1,1
57104176,-1,1
57106172,-1,1
57108176,-1,1
57110176,-1,1
57112172,-1,1
57114176,-1,1
57116176,-1,1
57118172,-1,1
57120172,-1,1
57122176,-1,1
57124172,-1,1
57126176,-1,1
57128176,-1,1
57130172,-1,1
57132176,-1,1
57134176,-1,1
57136172,-1,1
57138180,-1,1
57140176,-1,1
57142172,-1,1
57144176,-1,1
57146172,-1,1
57148176,-1,1
57150176,-1,1
57152172,-1,1
57154176,-1,1
57156176,-1,1
57158172,-1,1
57160176,-1,1
57162172,-1,1
57164172,-1,1
57166176,-1,1
57168176,-1,1
57170172,-1,1
57172176,-1,1
57174176,-1,1
57176172,-1,1
57178172,-1,1
57180180,-1,1
57182172,-1,1
57184176,-1,1
57186176,-1,1
57188172,-1,1
57190176,-1,1
57192176,-1,1
57194172,-1,1
57196172,-1,1
57198176,-1,1
57200176,-1,1
57202172,-1,1
57204176,-1,1
57206172,-1,1
57208172,-1,1
57210176,-1,1
57212176,-1,1
57214172,-1,1
57216172,-1,1
57218176,-1,1
57220172,-1,1
57222172,-1,1
57224172,-1,1
57226176,-1,1
57228176,-1,1
57230172,-1,1
57232172,-1,1
57234176,-1,1
57236172,-1,1
57238172,-1,1
57240172,-1,1
57242176,-1,1
57244176,-1,1
57246172,-1,1
57248176,-1,1
57250172,-1,1
57252172,-1,1
57254176,-1,1
57256176,-1,1
57258176,-1,1
57260172,-1,1
57262172,-1,1
57264176,-1,1
57266172,-1,1
57268176,-1,1
57270176,-1,1
57272172,-1,1
57274172,-1,1
57276172,-1,1
57278172,-1,1
57280176,-1,1
57282172,-1,1
57284172,-1,1
57286176,-1,1
57288176,-1,1
57290172,-1,1
57292176,-1,1
57294176,-1,1
57296172,-1,1
57298172,-1,1
57300176,-1,1
57302176,-1,1
57304176,-1,1
57306172,-1,1
57308180,-1,1
57310172,-1,1
57312172,-1,1
57314172,-1,1
57316176,-1,1
57318176,-1,1
57320176,-1,1
57322176,-1,1
57324176,-1,1
57326172,-1,1
57328172,-1,1
57330172,-1,1
57332172,-1,1
57334172,-1,1
57336172,-1,1
57338172,-1,1
57340172,-1,1
57342172,-1,1
57344176,-1,1
57346176,-1,1
57348176,-1,1
57350176,-1,1
57352176,-1,1
57354172,-1,1
57356176,-1,1
57358172,-1,1
57360172,-1,1
57362176,-1,1
57364176,-1,1
57366172,-1,1
57368176,-1,1
57370176,-1,1
57372172,-1,1
57374176,-1,1
57376172,-1,1
57378172,-1,1
57380176,-1,1
57382172,-1,1
57384176,-1,1
57386172,-1,1
57388176,-1,1
57390172,-1,1
57392172,-1,1
57394172,-1,1
57396172,-1,1
57398172,-1,1
57400176,-1,1
57402172,-1,1
57404176,-1,1
57406172,-1,1
57408176,-1,1
57410172,-1,1
57412176,-1,1
57414172,-1,1
57416176,-1,1
57418172,-1,1
57420176,-1,1
57422172,-1,1
57424176,-1,1
57426172,-1,1
57428176,-1,1
57430172,-1,1
57432176,-1,1
57434176,-1,1
57436180,-1,1
57438172,-1,1
57440176,-1,1
57442172,-1,1
57444176,-1,1
57446172,-1,1
57448176,-1,1
57450172,-1,1
57452176,-1,1
57454172,-1,1
57456176,-1,1
57458172,-1,1
57460176,-1,1
57462172,-1,1
57464176,-1,1
57466176,-1,1
57468172,-1,1
57470176,-1,1
57472176,-1,1
57474176,-1,1
57476172,-1,1
57478176,-1,1
57480172,-1,1
57482176,-1,1
57484172,-1,1
57486176,-1,1
57488172,-1,1
57490176,-1,1
57492172,-1,1
57494172,-1,1
57496176,-1,1
57498172,-1,1
57500176,-1,1
57502176,-1,1
57504172,-1,1
57506176,-1,1
57508176,-1,1
57510176,-1,1
57512176,-1,1
57514172,-1,1
57516176,-1,1
57518176,-1,1
57520172,-1,1
57522172,-1,1
57524172,-1,1
57526176,-1,1
57528172,-1,1
57530176,-1,1
57532176,-1,1
57534172,-1,1
57536176,-1,1
57538172,-1,1
57540172,-1,1
57542176,-1,1
57544176,-1,1
57546172,-1,1
57548172,-1,1
57550176,-1,1
57552172,-1,1
57554176,-1,1
57556176,-1,1
57558172,-1,1
57560172,-1,1
57562176,-1,1
57564180,-1,1
57566172,-1,1
57568172,-1,1
57570176,-1,1
57572176,-1,1
57574172,-1,1
57576172,-1,1
57578176,-1,1
57580172,-1,1
57582172,-1,1
57584172,-1,1
57586176,-1,1
57588176,-1,1
57590172,-1,1
57592172,-1,1
57594172,-1,1
57596176,-1,1
57598176,-1,1
57600176,-1,1
57602176,-1,1
57604176,-1,1
57606176,-1,1
57608176,-1,1
57610176,-1,1
57612172,-1,1
57614176,-1,1
57616176,-1,1
57618172,-1,1
57620176,-1,1
57622176,-1,1
57624172,-1,1
57626176,-1,1
57628172,-1,1
57630172,-1,1
57632176,-1,1
57634172,-1,1
57636176,-1,1
57638176,-1,1
57640172,-1,1
57642176,-1,1
57644172,-1,1
57646176,-1,1
57648172,-1,1
57650172,-1,1
57652176,-1,1
57654172,-1,1
57656172,-1,1
57658176,-1,1
57660172,-1,1
57662176,-1,1
57664172,-1,1
57666176,-1,1
57668172,-1,1
57670172,-1,1
57672172,-1,1
57674172,-1,1
57676172,-1,1
57678176,-1,1
57680176,-1,1
57682176,-1,1
57684172,-1,1
57686172,-1,1
57688176,-1,1
57690176,-1,1
57692180,-1,1
57694176,-1,1
57696176,-1,1
57698176,-1,1
57700172,-1,1
57702172,-1,1
57704176,-1,1
57706172,-1,1
57708172,-1,1
57710176,-1,1
57712172,-1,1
57714172,-1,1
57716176,-1,1
57718176,-1,1
57720172,-1,1
57722176,-1,1
57724172,-1,1
57726172,-1,1
57728172,-1,1
57730172,-1,1
57732172,-1,1
57734176,-1,1
57736176,-1,1
57738172,-1,1
57740176,-1,1
57742176,-1,1
57744172,-1,1
57746176,-1,1
57748172,-1,1
57750172,-1,1
57752172,-1,1
57754176,-1,1
57756176,-1,1
57758172,-1,1
57760172,-1,1
57762172,-1,1
57764172,-1,1
57766172,-1,1
57768176,-1,1
57770176,-1,1
57772172,-1,1
57774176,-1,1
57776176,-1,1
57778172,-1,1
57780176,-1,1
57782172,-1,1
57784172,-1,1
57786176,-1,1
57788172,-1,1
57790172,-1,1
57792176,-1,1
57794176,-1,1
57796172,-1,1
57798176,-1,1
57800172,-1,1
57802172,-1,1
57804176,-1,1
57806172,-1,1
57808172,-1,1
57810172,-1,1
57812176,-1,1
57814172,-1,1
57816176,-1,1
57818172,-1,1
57820180,-1,1
57822172,-1,1
57824176,-1,1
57826172,-1,1
57828176,-1,1
57830172,-1,1
57832176,-1,1
57834172,-1,1
57836176,-1,1
57838172,-1,1
57840176,-1,1
57842176,-1,1
57844172,-1,1
57846172,-1,1
57848176,-1,1
57850172,-1,1
57852176,-1,1
57854172,-1,1
57856172,-1,1
57858176,-1,1
57860172,-1,1
57862172,-1,1
57864172,-1,1
57866172,-1,1
57868176,-1,1
57870176,-1,1
57872172,-1,1
57874172,-1,1
57876176,-1,1
57878172,-1,1
57880176,-1,1
57882176,-1,1
57884172,-1,1
57886172,-1,1
57888176,-1,1
57890176,-1,1
57892172,-1,1
57894176,-1,1
57896172,-1,1
57898176,-1,1
57900172,-1,1
57902176,-1,1
57904172,-1,1
57906172,-1,1
57908176,-1,1
57910172,-1,1
57912176,-1,1
57914172,-1,1
57916176,-1,1
57918176,-1,1
57920172,-1,1
57922172,-1,1
57924172,-1,1
57926176,-1,1
57928172,-1,1
57930172,-1,1
57932176,-1,1
57934172,-1,1
57936176,-1,1
57938176,-1,1
57940172,-1,1
57942176,-1,1
57944172,-1,1
57946176,-1,1
57948180,-1,1
57950172,-1,1
57952176,-1,1
57954172,-1,1
57956176,-1,1
57958172,-1,1
57960172,-1,1
57962172,-1,1
57964176,-1,1
57966176,-1,1
57968172,-1,1
57970176,-1,1
57972172,-1,1
57974176,-1,1
57976172,-1,1
57978176,-1,1
57980172,-1,1
57982176,-1,1
57984172,-1,1
57986176,-1,1
57988172,-1,1
57990172,-1,1
57992176,-1,1
57994176,-1,1
57996176,-1,1
57998172,-1,1
58000176,-1,1
58002176,-1,1
58004172,-1,1
58006172,-1,1
58008176,-1,1
58010172,-1,1
58012172,-1,1
58014176,-1,1
58016172,-1,1
58018172,-1,1
58020176,-1,1
58022176,-1,1
58024172,-1,1
58026176,-1,1
58028172,-1,1
58030172,-1,1
58032176,-1,1
58034180,-1,1
58036172,-1,1
58038176,-1,1
58040172,-1,1
58042176,-1,1
58044172,-1,1
58046176,-1,1
58048172,-1,1
58050172,-1,1
58052176,-1,1
58054172,-1,1
58056176,-1,1
58058172,-1,1
58060172,-1,1
58062176,-1,1
58064172,-1,1
58066172,-1,1
58068176,-1,1
58070172,-1,1
58072176,-1,1
58074172,-1,1
58076180,-1,1
58078172,-1,1
58080176,-1,1
58082172,-1,1
58084172,-1,1
58086176,-1,1
58088172,-1,1
58090176,-1,1
58092172,-1,1
58094176,-1,1
58096172,-1,1
58098176,-1,1
58100172,-1,1
58102176,-1,1
58104172,-1,1
58106176,-1,1
58108172,-1,1
58110176,-1,1
58112176,-1,1
58114176,-1,1
58116172,-1,1
58118176,-1,1
58120172,-1,1
58122172,-1,1
58124172,-1,1
58126176,-1,1
58128172,-1,1
58130172,-1,1
58132176,-1,1
58134176,-1,1
58136172,-1,1
58138176,-1,1
58140172,-1,1
58142176,-1,1
58144176,-1,1
58146176,-1,1
58148176,-1,1
58150172,-1,1
58152176,-1,1
58154176,-1,1
58156172,-1,1
58158172,-1,1
58160176,-1,1
58162184,-1,1
58164176,-1,1
58166176,-1,1
58168172,-1,1
58170176,-1,1
58172176,-1,1
58174172,-1,1
58176176,-1,1
58178176,-1,1
58180172,-1,1
58182176,-1,1
58184172,-1,1
58186176,-1,1
58188172,-1,1
58190176,-1,1
58192172,-1,1
58194176,-1,1
58196172,-1,1
58198176,-1,1
58200172,-1,1
58202176,-1,1
58204180,-1,1
58206172,-1,1
58208172,-1,1
58210172,-1,1
58212176,-1,1
58214172,-1,1
58216172,-1,1
58218176,-1,1
58220172,-1,1
58222176,-1,1
58224172,-1,1
58226176,-1,1
58228176,-1,1
58230172,-1,1
58232176,-1,1
58234176,-1,1
58236172,-1,1
58238172,-1,1
58240176,-1,1
58242172,-1,1
58244176,-1,1
58246172,-1,1
58248172,-1,1
58250172,-1,1
58252176,-1,1
58254172,-1,1
58256176,-1,1
58258176,-1,1
58260172,-1,1
58262176,-1,1
58264176,-1,1
58266172,-1,1
58268172,-1,1
58270176,-1,1
58272172,-1,1
58274176,-1,1
58276172,-1,1
58278176,-1,1
58280172,-1,1
58282176,-1,1
58284172,-1,1
58286176,-1,1
58288172,-1,1
58290172,-1,1
58292176,-1,1
58294172,-1,1
58296176,-1,1
58298176,-1,1
58300172,-1,1
58302176,-1,1
58304172,-1,1
58306176,-1,1
58308176,-1,1
58310172,-1,1
58312176,-1,1
58314176,-1,1
58316172,-1,1
58318172,-1,1
58320176,-1,1
58322172,-1,1
58324176,-1,1
58326176,-1,1
58328172,-1,1
58330176,-1,1
58332180,-1,1
58334172,-1,1
58336176,-1,1
58338172,-1,1
58340176,-1,1
58342172,-1,1
58344176,-1,1
58346172,-1,1
58348172,-1,1
58350172,-1,1
58352172,-1,1
58354176,-1,1
58356172,-1,1
58358176,-1,1
58360176,-1,1
58362172,-1,1
58364176,-1,1
58366176,-1,1
58368176,-1,1
58370176,-1,1
58372176,-1,1
58374172,-1,1
58376172,-1,1
58378172,-1,1
58380176,-1,1
58382172,-1,1
58384176,-1,1
58386172,-1,1
58388176,-1,1
58390172,-1,1
58392176,-1,1
58394172,-1,1
58396176,-1,1
58398176,-1,1
58400176,-1,1
58402176,-1,1
58404172,-1,1
58406172,-1,1
58408176,-1,1
58410172,-1,1
58412176,-1,1
58414176,-1,1
58416172,-1,1
58418172,-1,1
58420176,-1,1
58422176,-1,1
58424172,-1,1
58426176,-1,1
58428172,-1,1
58430172,-1,1
58432176,-1,1
58434172,-1,1
58436172,-1,1
58438176,-1,1
58440172,-1,1
58442176,-1,1
58444172,-1,1
58446176,-1,1
58448172,-1,1
58450172,-1,1
58452176,-1,1
58454172,-1,1
58456176,-1,1
58458172,-1,1
58460180,-1,1
58462176,-1,1
58464176,-1,1
58466176,-1,1
58468172,-1,1
58470176,-1,1
58472176,-1,1
58474172,-1,1
58476176,-1,1
58478172,-1,1
58480176,-1,1
58482172,-1,1
58484176,-1,1
58486172,-1,1
58488176,-1,1
58490172,-1,1
58492176,-1,1
58494172,-1,1
58496176,-1,1
58498172,-1,1
58500172,-1,1
58502176,-1,1
58504176,-1,1
58506172,-1,1
58508176,-1,1
58510172,-1,1
58512172,-1,1
58514172,-1,1
58516172,-1,1
58518176,-1,1
58520172,-1,1
58522176,-1,1
58524172,-1,1
58526176,-1,1
58528172,-1,1
58530176,-1,1
58532172,-1,1
58534176,-1,1
58536176,-1,1
58538172,-1,1
58540176,-1,1
58542176,-1,1
58544172,-1,1
58546172,-1,1
58548172,-1,1
58550176,-1,1
58552172,-1,1
58554172,-1,1
58556176,-1,1
58558176,-1,1
58560172,-1,1
58562176,-1,1
58564172,-1,1
58566176,-1,1
58568176,-1,1
58570172,-1,1
58572176,-1,1
58574176,-1,1
58576176,-1,1
58578172,-1,1
58580176,-1,1
58582172,-1,1
58584176,-1,1
58586172,-1,1
58588180,-1,1
58590176,-1,1
58592172,-1,1
58594176,-1,1
58596172,-1,1
58598176,-1,1
58600176,-1,1
58602172,-1,1
58604176,-1,1
58606172,-1,1
58608176,-1,1
58610172,-1,1
58612176,-1,1
58614172,-1,1
58616176,-1,1
58618176,-1,1
58620172,-1,1
58622176,-1,1
58624176,-1,1
58626176,-1,1
58628172,-1,1
58630176,-1,1
58632172,-1,1
58634176,-1,1
58636172,-1,1
58638176,-1,1
58640176,-1,1
58642176,-1,1
58644172,-1,1
58646172,-1,1
58648176,-1,1
58650172,-1,1
58652176,-1,1
58654172,-1,1
58656172,-1,1
58658172,-1,1
58660176,-1,1
58662172,-1,1
58664176,-1,1
58666172,-1,1
58668172,-1,1
58670176,-1,1
58672172,-1,1
58674172,-1,1
58676172,-1,1
58678172,-1,1
58680176,-1,1
58682172,-1,1
58684172,-1,1
58686176,-1,1
58688172,-1,1
58690172,-1,1
58692172,-1,1
58694176,-1,1
58696172,-1,1
58698176,-1,1
58700172,-1,1
58702172,-1,1
58704176,-1,1
58706172,-1,1
58708176,-1,1
58710172,-1,1
58712172,-1,1
58714172,-1,1
58716180,-1,1
58718176,-1,1
58720176,-1,1
58722172,-1,1
58724176,-1,1
58726172,-1,1
58728172,-1,1
58730176,-1,1
58732176,-1,1
58734172,-1,1
58736172,-1,1
58738176,-1,1
58740172,-1,1
58742176,-1,1
58744176,-1,1
58746172,-1,1
58748172,-1,1
58750176,-1,1
58752176,-1,1
58754176,-1,1
58756176,-1,1
58758172,-1,1
58760176,-1,1
58762172,-1,1
58764172,-1,1
58766176,-1,1
58768172,-1,1
58770176,-1,1
58772176,-1,1
58774176,-1,1
58776172,-1,1
58778172,-1,1
58780176,-1,1
58782172,-1,1
58784172,-1,1
58786176,-1,1
58788172,-1,1
58790176,-1,1
58792176,-1,1
58794172,-1,1
58796172,-1,1
58798172,-1,1
58800176,-1,1
58802184,-1,1
58804176,-1,1
58806172,-1,1
58808176,-1,1
58810176,-1,1
58812172,-1,1
58814172,-1,1
58816172,-1,1
58818176,-1,1
58820172,-1,1
58822176,-1,1
58824176,-1,1
58826172,-1,1
58828176,-1,1
58830176,-1,1
58832172,-1,1
58834176,-1,1
58836176,-1,1
58838172,-1,1
58840172,-1,1
58842176,-1,1
58844180,-1,1
58846176,-1,1
58848176,-1,1
58850172,-1,1
58852176,-1,1
58854176,-1,1
58856176,-1,1
58858176,-1,1
58860172,-1,1
58862172,-1,1
58864176,-1,1
58866176,-1,1
58868176,-1,1
58870172,-1,1
58872172,-1,1
58874172,-1,1
58876172,-1,1
58878172,-1,1
58880172,-1,1
58882172,-1,1
58884176,-1,1
58886172,-1,1
58888172,-1,1
58890172,-1,1
58892176,-1,1
58894172,-1,1
58896172,-1,1
58898172,-1,1
58900176,-1,1
58902176,-1,1
58904172,-1,1
58906176,-1,1
58908172,-1,1
58910176,-1,1
58912172,-1,1
58914176,-1,1
58916172,-1,1
58918176,-1,1
58920176,-1,1
58922172,-1,1
58924176,-1,1
58926172,-1,1
58928172,-1,1
58930172,-1,1
58932172,-1,1
58934176,-1,1
58936172,-1,1
58938176,-1,1
58940176,-1,1
58942172,-1,1
58944172,-1,1
58946172,-1,1
58948172,-1,1
58950176,-1,1
58952172,-1,1
58954176,-1,1
58956176,-1,1
58958176,-1,1
58960172,-1,1
58962176,-1,1
58964176,-1,1
58966172,-1,1
58968172,-1,1
58970176,-1,1
58972180,-1,1
58974176,-1,1
58976176,-1,1
58978172,-1,1
58980172,-1,1
58982176,-1,1
58984176,-1,1
58986172,-1,1
58988172,-1,1
58990172,-1,1
58992176,-1,1
58994176,-1,1
58996172,-1,1
58998176,-1,1
59000176,-1,1
59002172,-1,1
59004176,-1,1
59006172,-1,1
59008176,-1,1
59010176,-1,1
59012176,-1,1
59014172,-1,1
59016172,-1,1
59018176,-1,1
59020172,-1,1
59022176,-1,1
59024172,-1,1
59026172,-1,1
59028176,-1,1
59030172,-1,1
59032176,-1,1
59034172,-1,1
59036176,-1,1
59038176,-1,1
59040172,-1,1
59042176,-1,1
59044176,-1,1
59046172,-1,1
59048176,-1,1
59050176,-1,1
59052172,-1,1
59054172,-1,1
59056172,-1,1
59058172,-1,1
59060176,-1,1
59062172,-1,1
59064176,-1,1
59066172,-1,1
59068176,-1,1
59070172,-1,1
59072176,-1,1
59074172,-1,1
59076176,-1,1
59078176,-1,1
59080176,-1,1
59082176,-1,1
59084176,-1,1
59086172,-1,1
59088172,-1,1
59090176,-1,1
59092172,-1,1
59094176,-1,1
59096172,-1,1
59098176,-1,1
59100180,-1,1
59102172,-1,1
59104172,-1,1
59106176,-1,1
59108172,-1,1
59110176,-1,1
59112172,-1,1
59114176,-1,1
59116172,-1,1
59118172,-1,1
59120176,-1,1
59122172,-1,1
59124176,-1,1
59126172,-1,1
59128176,-1,1
59130176,-1,1
59132172,-1,1
59134176,-1,1
59136176,-1,1
59138172,-1,1
59140176,-1,1
59142172,-1,1
59144172,-1,1
59146176,-1,1
59148176,-1,1
59150172,-1,1
59152176,-1,1
59154172,-1,1
59156176,-1,1
59158172,-1,1
59160176,-1,1
59162172,-1,1
59164176,-1,1
59166172,-1,1
59168172,-1,1
59170172,-1,1
59172172,-1,1
59174176,-1,1
59176172,-1,1
59178176,-1,1
59180176,-1,1
59182172,-1,1
59184172,-1,1
59186172,-1,1
59188172,-1,1
59190176,-1,1
59192172,-1,1
59194176,-1,1
59196172,-1,1
59198172,-1,1
59200176,-1,1
59202176,-1,1
59204172,-1,1
59206172,-1,1
59208176,-1,1
59210172,-1,1
59212176,-1,1
59214172,-1,1
59216172,-1,1
59218176,-1,1
59220172,-1,1
59222176,-1,1
59224172,-1,1
59226176,-1,1
59228180,-1,1
59230176,-1,1
59232172,-1,1
59234176,-1,1
59236172,-1,1
59238176,-1,1
59240172,-1,1
59242176,-1,1
59244172,-1,1
59246172,-1,1
59248176,-1,1
59250172,-1,1
59252176,-1,1
59254172,-1,1
59256176,-1,1
59258176,-1,1
59260172,-1,1
59262176,-1,1
59264176,-1,1
59266176,-1,1
59268172,-1,1
59270176,-1,1
59272176,-1,1
59274172,-1,1
59276172,-1,1
59278176,-1,1
59280172,-1,1
59282176,-1,1
59284172,-1,1
59286176,-1,1
59288172,-1,1
59290176,-1,1
59292172,-1,1
59294176,-1,1
59296172,-1,1
59298176,-1,1
59300172,-1,1
59302176,-1,1
59304172,-1,1
59306176,-1,1
59308176,-1,1
59310172,-1,1
59312176,-1,1
59314180,-1,1
59316172,-1,1
59318176,-1,1
59320172,-1,1
59322176,-1,1
59324172,-1,1
59326176,-1,1
59328176,-1,1
59330172,-1,1
59332176,-1,1
59334172,-1,1
59336176,-1,1
59338172,-1,1
59340172,-1,1
59342176,-1,1
59344172,-1,1
59346176,-1,1
59348172,-1,1
59350172,-1,1
59352172,-1,1
59354176,-1,1
59356180,-1,1
59358172,-1,1
59360172,-1,1
59362176,-1,1
59364172,-1,1
59366176,-1,1
59368172,-1,1
59370172,-1,1
59372176,-1,1
59374172,-1,1
59376176,-1,1
59378176,-1,1
59380172,-1,1
59382176,-1,1
59384176,-1,1
59386172,-1,1
59388172,-1,1
59390176,-1,1
59392176,-1,1
59394176,-1,1
59396172,-1,1
59398172,-1,1
59400172,-1,1
59402176,-1,1
59404172,-1,1
59406172,-1,1
59408176,-1,1
59410176,-1,1
59412172,-1,1
59414176,-1,1
59416172,-1,1
59418176,-1,1
59420172,-1,1
59422172,-1,1
59424172,-1,1
59426172,-1,1
59428176,-1,1
59430172,-1,1
59432176,-1,1
59434172,-1,1
59436176,-1,1
59438172,-1,1
59440172,-1,1
59442172,-1,1
59444176,-1,1
59446176,-1,1
59448172,-1,1
59450176,-1,1
59452176,-1,1
59454172,-1,1
59456176,-1,1
59458176,-1,1
59460172,-1,1
59462176,-1,1
59464172,-1,1
59466176,-1,1
59468176,-1,1
59470172,-1,1
59472176,-1,1
59474172,-1,1
59476176,-1,1
59478172,-1,1
59480176,-1,1
59482172,-1,1
59484180,-1,1
59486176,-1,1
59488176,-1,1
59490176,-1,1
59492176,-1,1
59494172,-1,1
59496176,-1,1
59498172,-1,1
59500176,-1,1
59502172,-1,1
59504176,-1,1
59506176,-1,1
59508172,-1,1
59510176,-1,1
59512176,-1,1
59514172,-1,1
59516172,-1,1
59518176,-1,1
59520176,-1,1
59522176,-1,1
59524172,-1,1
59526172,-1,1
59528176,-1,1
59530176,-1,1
59532172,-1,1
59534176,-1,1
59536176,-1,1
59538176,-1,1
59540172,-1,1
59542176,-1,1
59544176,-1,1
59546172,-1,1
59548176,-1,1
59550172,-1,1
59552176,-1,1
59554172,-1,1
59556176,-1,1
59558172,-1,1
59560176,-1,1
59562172,-1,1
59564176,-1,1
59566172,-1,1
59568172,-1,1
59570172,-1,1
59572176,-1,1
59574172,-1,1
59576172,-1,1
59578176,-1,1
59580176,-1,1
59582172,-1,1
59584176,-1,1
59586172,-1,1
59588176,-1,1
59590176,-1,1
59592172,-1,1
59594176,-1,1
59596176,-1,1
59598176,-1,1
59600172,-1,1
59602172,-1,1
59604176,-1,1
59606172,-1,1
59608176,-1,1
59610172,-1,1
59612180,-1,1
59614172,-1,1
59616176,-1,1
59618172,-1,1
59620176,-1,1
59622172,-1,1
59624172,-1,1
59626176,-1,1
59628172,-1,1
59630176,-1,1
59632172,-1,1
59634172,-1,1
59636176,-1,1
59638176,-1,1
59640172,-1,1
59642176,-1,1
59644172,-1,1
59646176,-1,1
59648172,-1,1
59650172,-1,1
59652176,-1,1
59654172,-1,1
59656172,-1,1
59658176,-1,1
59660172,-1,1
59662176,-1,1
59664172,-1,1
59666172,-1,1
59668176,-1,1
59670176,-1,1
59672172,-1,1
59674176,-1,1
59676172,-1,1
59678176,-1,1
59680176,-1,1
59682176,-1,1
59684172,-1,1
59686176,-1,1
59688172,-1,1
59690176,-1,1
59692172,-1,1
59694176,-1,1
59696172,-1,1
59698172,-1,1
59700172,-1,1
59702172,-1,1
59704176,-1,1
59706176,-1,1
59708172,-1,1
59710176,-1,1
59712172,-1,1
59714176,-1,1
59716172,-1,1
59718176,-1,1
59720176,-1,1
59722172,-1,1
59724176,-1,1
59726172,-1,1
59728176,-1,1
59730172,-1,1
59732176,-1,1
59734172,-1,1
59736172,-1,1
59738176,-1,1
59740180,-1,1
59742176,-1,1
59744172,-1,1
59746176,-1,1
59748176,-1,1
59750172,-1,1
59752172,-1,1
59754176,-1,1
59756176,-1,1
59758172,-1,1
59760172,-1,1
59762176,-1,1
59764172,-1,1
59766176,-1,1
59768176,-1,1
59770172,-1,1
59772172,-1,1
59774176,-1,1
59776176,-1,1
59778172,-1,1
59780176,-1,1
59782176,-1,1
59784176,-1,1
59786172,-1,1
59788172,-1,1
59790176,-1,1
59792176,-1,1
59794172,-1,1
59796172,-1,1
59798172,-1,1
59800172,-1,1
59802176,-1,1
59804172,-1,1
59806176,-1,1
59808172,-1,1
59810172,-1,1
59812172,-1,1
59814176,-1,1
59816172,-1,1
59818176,-1,1
59820176,-1,1
59822172,-1,1
59824176,-1,1
59826180,-1,1
59828176,-1,1
59830172,-1,1
59832176,-1,1
59834176,-1,1
59836172,-1,1
59838176,-1,1
59840176,-1,1
59842172,-1,1
59844176,-1,1
59846172,-1,1
59848176,-1,1
59850172,-1,1
59852176,-1,1
59854176,-1,1
59856172,-1,1
59858176,-1,1
59860172,-1,1
59862176,-1,1
59864172,-1,1
59866176,-1,1
59868180,-1,1
59870176,-1,1
59872172,-1,1
59874176,-1,1
59876176,-1,1
59878172,-1,1
59880172,-1,1
59882176,-1,1
59884176,-1,1
59886172,-1,1
59888176,-1,1
59890172,-1,1
59892176,-1,1
59894176,-1,1
59896172,-1,1
59898172,-1,1
59900176,-1,1
59902176,-1,1
59904176,-1,1
59906176,-1,1
59908172,-1,1
59910176,-1,1
59912172,-1,1
59914176,-1,1
59916176,-1,1
59918172,-1,1
59920176,-1,1
59922172,-1,1
59924176,-1,1
59926176,-1,1
59928172,-1,1
59930176,-1,1
59932172,-1,1
59934176,-1,1
59936176,-1,1
59938172,-1,1
59940176,-1,1
59942176,-1,1
59944172,-1,1
59946172,-1,1
59948176,-1,1
59950176,-1,1
59952172,-1,1
59954180,-1,1
59956176,-1,1
59958172,-1,1
59960172,-1,1
59962176,-1,1
59964176,-1,1
59966172,-1,1
59968172,-1,1
59970172,-1,1
59972176,-1,1
59974176,-1,1
59976172,-1,1
59978176,-1,1
59980176,-1,1
59982172,-1,1
59984172,-1,1
59986176,-1,1
59988172,-1,1
59990172,-1,1
59992176,-1,1
59994176,-1,1
59996180,-1,1
59998176,-1,1
60000176,-1,1
60002172,-1,1
60004176,-1,1
60006172,-1,1
60008172,-1,1
60010172,-1,1
60012176,-1,1
60014172,-1,1
60016176,-1,1
60018172,-1,1
60020176,-1,1
60022172,-1,1
60024176,-1,1
60026176,-1,1
60028172,-1,1
60030176,-1,1
60032176,-1,1
60034176,-1,1
60036172,-1,1
60038176,-1,1
60040172,-1,1
60042176,-1,1
60044172,-1,1
60046176,-1,1
60048176,-1,1
60050176,-1,1
60052176,-1,1
60054172,-1,1
60056176,-1,1
60058172,-1,1
60060176,-1,1
60062172,-1,1
60064172,-1,1
60066176,-1,1
60068172,-1,1
60070176,-1,1
60072172,-1,1
60074176,-1,1
60076176,-1,1
60078176,-1,1
60080172,-1,1
60082172,-1,1
60084172,-1,1
60086176,-1,1
60088172,-1,1
60090172,-1,1
60092176,-1,1
60094176,-1,1
60096172,-1,1
60098176,-1,1
60100176,-1,1
60102172,-1,1
60104172,-1,1
60106176,-1,1
60108176,-1,1
60110176,-1,1
60112172,-1,1
60114176,-1,1
60116176,-1,1
60118172,-1,1
60120172,-1,1
60122172,-1,1
60124180,-1,1
60126172,-1,1
60128172,-1,1
60130176,-1,1
60132172,-1,1
60134172,-1,1
60136176,-1,1
60138176,-1,1
60140172,-1,1
60142172,-1,1
60144176,-1,1
60146176,-1,1
60148172,-1,1
60150172,-1,1
60152172,-1,1
60154172,-1,1
60156176,-1,1
60158176,-1,1
60160176,-1,1
60162172,-1,1
60164176,-1,1
60166172,-1,1
60168172,-1,1
60170176,-1,1
60172176,-1,1
60174172,-1,1
60176176,-1,1
60178176,-1,1
60180176,-1,1
60182172,-1,1
60184176,-1,1
60186176,-1,1
60188172,-1,1
60190176,-1,1
60192172,-1,1
60194176,-1,1
60196176,-1,1
60198172,-1,1
60200172,-1,1
60202176,-1,1
60204176,-1,1
60206172,-1,1
60208172,-1,1
60210172,-1,1
60212172,-1,1
60214176,-1,1
60216172,-1,1
60218176,-1,1
60220176,-1,1
60222172,-1,1
60224176,-1,1
60226172,-1,1
60228176,-1,1
60230172,-1,1
60232176,-1,1
60234172,-1,1
60236172,-1,1
60238176,-1,1
60240176,-1,1
60242172,-1,1
60244176,-1,1
60246172,-1,1
60248172,-1,1
